2026-05-17 09:31:04,581 - base - INFO - Copy the Config file from cfgs/pretrain/base.yaml to ./experiments/base/pretrain/pcpmae_minigpt3d/config.yaml
2026-05-17 09:31:04,582 - base - INFO - args.config : cfgs/pretrain/base.yaml
2026-05-17 09:31:04,582 - base - INFO - args.launcher : none
2026-05-17 09:31:04,582 - base - INFO - args.local_rank : 0
2026-05-17 09:31:04,582 - base - INFO - args.num_workers : 8
2026-05-17 09:31:04,582 - base - INFO - args.rate : 1.0
2026-05-17 09:31:04,582 - base - INFO - args.seed : 0
2026-05-17 09:31:04,582 - base - INFO - args.deterministic : False
2026-05-17 09:31:04,582 - base - INFO - args.sync_bn : False
2026-05-17 09:31:04,582 - base - INFO - args.exp_name : pcpmae_minigpt3d
2026-05-17 09:31:04,582 - base - INFO - args.loss : cd1
2026-05-17 09:31:04,582 - base - INFO - args.start_ckpts : /data/workspace/PCP-MAE/experiments/base/pretrain/pcpmae_minigpt3d/ckpt-last.pth
2026-05-17 09:31:04,582 - base - INFO - args.ckpts : None
2026-05-17 09:31:04,582 - base - INFO - args.val_freq : 1
2026-05-17 09:31:04,582 - base - INFO - args.vote : False
2026-05-17 09:31:04,582 - base - INFO - args.resume : False
2026-05-17 09:31:04,582 - base - INFO - args.test : False
2026-05-17 09:31:04,582 - base - INFO - args.finetune_model : False
2026-05-17 09:31:04,582 - base - INFO - args.scratch_model : False
2026-05-17 09:31:04,582 - base - INFO - args.mode : None
2026-05-17 09:31:04,582 - base - INFO - args.way : -1
2026-05-17 09:31:04,582 - base - INFO - args.shot : -1
2026-05-17 09:31:04,582 - base - INFO - args.fold : -1
2026-05-17 09:31:04,582 - base - INFO - args.experiment_path : ./experiments/base/pretrain/pcpmae_minigpt3d
2026-05-17 09:31:04,582 - base - INFO - args.tfboard_path : ./experiments/base/pretrain/TFBoard/pcpmae_minigpt3d
2026-05-17 09:31:04,582 - base - INFO - args.log_name : base
2026-05-17 09:31:04,582 - base - INFO - args.use_gpu : True
2026-05-17 09:31:04,582 - base - INFO - args.distributed : False
2026-05-17 09:31:04,582 - base - INFO - config.optimizer = edict()
2026-05-17 09:31:04,582 - base - INFO - config.optimizer.type : AdamW
2026-05-17 09:31:04,582 - base - INFO - config.optimizer.kwargs = edict()
2026-05-17 09:31:04,582 - base - INFO - config.optimizer.kwargs.lr : 1e-05
2026-05-17 09:31:04,582 - base - INFO - config.optimizer.kwargs.weight_decay : 0.05
2026-05-17 09:31:04,582 - base - INFO - config.scheduler = edict()
2026-05-17 09:31:04,582 - base - INFO - config.scheduler.type : CosLR
2026-05-17 09:31:04,582 - base - INFO - config.scheduler.kwargs = edict()
2026-05-17 09:31:04,582 - base - INFO - config.scheduler.kwargs.epochs : 300
2026-05-17 09:31:04,582 - base - INFO - config.scheduler.kwargs.initial_epochs : 10
2026-05-17 09:31:04,582 - base - INFO - config.dataset = edict()
2026-05-17 09:31:04,582 - base - INFO - config.dataset.train = edict()
2026-05-17 09:31:04,582 - base - INFO - config.dataset.train._base_ = edict()
2026-05-17 09:31:04,582 - base - INFO - config.dataset.train._base_.NAME : ObjaverseNPY
2026-05-17 09:31:04,582 - base - INFO - config.dataset.train._base_.data_root : /data/workspace/MiniGPT-3D/data/objaverse_data
2026-05-17 09:31:04,582 - base - INFO - config.dataset.train._base_.npoints : 8192
2026-05-17 09:31:04,582 - base - INFO - config.dataset.train.others = edict()
2026-05-17 09:31:04,582 - base - INFO - config.dataset.train.others.subset : train
2026-05-17 09:31:04,582 - base - INFO - config.dataset.train.others.npoints : 8192
2026-05-17 09:31:04,582 - base - INFO - config.dataset.train.others.bs : 64
2026-05-17 09:31:04,582 - base - INFO - config.dataset.val = edict()
2026-05-17 09:31:04,582 - base - INFO - config.dataset.val._base_ = edict()
2026-05-17 09:31:04,582 - base - INFO - config.dataset.val._base_.NAME : ObjaverseNPY
2026-05-17 09:31:04,582 - base - INFO - config.dataset.val._base_.data_root : /data/workspace/MiniGPT-3D/data/objaverse_data
2026-05-17 09:31:04,582 - base - INFO - config.dataset.val._base_.npoints : 8192
2026-05-17 09:31:04,582 - base - INFO - config.dataset.val.others = edict()
2026-05-17 09:31:04,582 - base - INFO - config.dataset.val.others.subset : test
2026-05-17 09:31:04,582 - base - INFO - config.dataset.val.others.npoints : 8192
2026-05-17 09:31:04,582 - base - INFO - config.dataset.val.others.bs : 128
2026-05-17 09:31:04,582 - base - INFO - config.dataset.test = edict()
2026-05-17 09:31:04,582 - base - INFO - config.dataset.test._base_ = edict()
2026-05-17 09:31:04,582 - base - INFO - config.dataset.test._base_.NAME : ObjaverseNPY
2026-05-17 09:31:04,582 - base - INFO - config.dataset.test._base_.data_root : /data/workspace/MiniGPT-3D/data/objaverse_data
2026-05-17 09:31:04,582 - base - INFO - config.dataset.test._base_.npoints : 8192
2026-05-17 09:31:04,582 - base - INFO - config.dataset.test.others = edict()
2026-05-17 09:31:04,582 - base - INFO - config.dataset.test.others.subset : test
2026-05-17 09:31:04,582 - base - INFO - config.dataset.test.others.npoints : 8192
2026-05-17 09:31:04,582 - base - INFO - config.dataset.test.others.bs : 64
2026-05-17 09:31:04,582 - base - INFO - config.model = edict()
2026-05-17 09:31:04,582 - base - INFO - config.model.NAME : PCP_MAE
2026-05-17 09:31:04,582 - base - INFO - config.model.group_size : 32
2026-05-17 09:31:04,582 - base - INFO - config.model.num_group : 512
2026-05-17 09:31:04,582 - base - INFO - config.model.point_dims : 6
2026-05-17 09:31:04,582 - base - INFO - config.model.cls_dim : 40
2026-05-17 09:31:04,582 - base - INFO - config.model.use_max_pool : False
2026-05-17 09:31:04,582 - base - INFO - config.model.loss : cdl2
2026-05-17 09:31:04,582 - base - INFO - config.model.pred_loss : l2
2026-05-17 09:31:04,582 - base - INFO - config.model.ita : 0.1
2026-05-17 09:31:04,582 - base - INFO - config.model.pred_pos_transformer_layer : 0
2026-05-17 09:31:04,582 - base - INFO - config.model.add_detach : True
2026-05-17 09:31:04,582 - base - INFO - config.model.transformer_config = edict()
2026-05-17 09:31:04,582 - base - INFO - config.model.transformer_config.mask_ratio : 0.6
2026-05-17 09:31:04,582 - base - INFO - config.model.transformer_config.mask_type : rand
2026-05-17 09:31:04,582 - base - INFO - config.model.transformer_config.trans_dim : 384
2026-05-17 09:31:04,582 - base - INFO - config.model.transformer_config.encoder_dims : 256
2026-05-17 09:31:04,582 - base - INFO - config.model.transformer_config.depth : 12
2026-05-17 09:31:04,582 - base - INFO - config.model.transformer_config.drop_path_rate : 0.1
2026-05-17 09:31:04,582 - base - INFO - config.model.transformer_config.num_heads : 6
2026-05-17 09:31:04,582 - base - INFO - config.model.transformer_config.decoder_depth : 4
2026-05-17 09:31:04,582 - base - INFO - config.model.transformer_config.decoder_num_heads : 6
2026-05-17 09:31:04,582 - base - INFO - config.npoints : 8192
2026-05-17 09:31:04,582 - base - INFO - config.total_bs : 64
2026-05-17 09:31:04,582 - base - INFO - config.step_per_update : 8
2026-05-17 09:31:04,582 - base - INFO - config.max_epoch : 300
2026-05-17 09:31:04,582 - base - INFO - Distributed training: False
2026-05-17 09:31:04,582 - base - INFO - Set random seed to 0, deterministic: False
2026-05-17 09:31:04,870 - base - INFO - Loading weights from /data/workspace/PCP-MAE/experiments/base/pretrain/pcpmae_minigpt3d/ckpt-last.pth...
2026-05-17 09:31:04,958 - base - INFO - ckpts @ 23 epoch( performance = {'acc': 0.0})
2026-05-17 09:31:04,967 - base - INFO - Using Data parallel ...
2026-05-17 09:31:07,972 - base - INFO - [Epoch 0/300][Batch 1/9303] BatchTime = 3.003 (s) DataTime = 0.128 (s) Losses = ['0.6480', '1.2252'] lr = 0.000001
2026-05-17 09:31:20,936 - base - INFO - [Epoch 0/300][Batch 21/9303] BatchTime = 0.646 (s) DataTime = 0.001 (s) Losses = ['0.5930', '1.1748'] lr = 0.000001
2026-05-17 09:31:33,957 - base - INFO - [Epoch 0/300][Batch 41/9303] BatchTime = 0.664 (s) DataTime = 0.001 (s) Losses = ['0.6366', '1.1553'] lr = 0.000001
2026-05-17 09:31:47,008 - base - INFO - [Epoch 0/300][Batch 61/9303] BatchTime = 0.655 (s) DataTime = 0.002 (s) Losses = ['0.6102', '1.4260'] lr = 0.000001
2026-05-17 09:32:00,006 - base - INFO - [Epoch 0/300][Batch 81/9303] BatchTime = 0.646 (s) DataTime = 0.001 (s) Losses = ['0.6013', '1.3598'] lr = 0.000001
2026-05-17 09:32:13,041 - base - INFO - [Epoch 0/300][Batch 101/9303] BatchTime = 0.657 (s) DataTime = 0.002 (s) Losses = ['0.6657', '0.9776'] lr = 0.000001
2026-05-17 09:32:26,047 - base - INFO - [Epoch 0/300][Batch 121/9303] BatchTime = 0.647 (s) DataTime = 0.001 (s) Losses = ['0.6572', '1.1093'] lr = 0.000001
2026-05-17 09:32:39,052 - base - INFO - [Epoch 0/300][Batch 141/9303] BatchTime = 0.653 (s) DataTime = 0.001 (s) Losses = ['0.6329', '1.2517'] lr = 0.000001
2026-05-17 09:32:52,084 - base - INFO - [Epoch 0/300][Batch 161/9303] BatchTime = 0.647 (s) DataTime = 0.001 (s) Losses = ['0.5717', '1.0338'] lr = 0.000001
2026-05-17 09:33:05,116 - base - INFO - [Epoch 0/300][Batch 181/9303] BatchTime = 0.651 (s) DataTime = 0.002 (s) Losses = ['0.5012', '0.8950'] lr = 0.000001
2026-05-17 09:33:18,143 - base - INFO - [Epoch 0/300][Batch 201/9303] BatchTime = 0.646 (s) DataTime = 0.001 (s) Losses = ['0.5864', '1.1990'] lr = 0.000001
2026-05-17 09:33:31,204 - base - INFO - [Epoch 0/300][Batch 221/9303] BatchTime = 0.650 (s) DataTime = 0.001 (s) Losses = ['0.5848', '1.0005'] lr = 0.000001
2026-05-17 09:33:44,231 - base - INFO - [Epoch 0/300][Batch 241/9303] BatchTime = 0.652 (s) DataTime = 0.001 (s) Losses = ['0.6719', '1.4644'] lr = 0.000001
2026-05-17 09:33:57,290 - base - INFO - [Epoch 0/300][Batch 261/9303] BatchTime = 0.655 (s) DataTime = 0.001 (s) Losses = ['0.6272', '0.9900'] lr = 0.000001
2026-05-17 09:34:10,305 - base - INFO - [Epoch 0/300][Batch 281/9303] BatchTime = 0.647 (s) DataTime = 0.001 (s) Losses = ['0.5210', '1.0643'] lr = 0.000001
2026-05-17 09:34:23,400 - base - INFO - [Epoch 0/300][Batch 301/9303] BatchTime = 0.645 (s) DataTime = 0.002 (s) Losses = ['0.7323', '1.6371'] lr = 0.000001
2026-05-17 09:34:36,491 - base - INFO - [Epoch 0/300][Batch 321/9303] BatchTime = 0.649 (s) DataTime = 0.001 (s) Losses = ['0.6591', '1.4758'] lr = 0.000001
2026-05-17 09:34:49,542 - base - INFO - [Epoch 0/300][Batch 341/9303] BatchTime = 0.655 (s) DataTime = 0.001 (s) Losses = ['0.6718', '1.3832'] lr = 0.000001
2026-05-17 09:35:02,568 - base - INFO - [Epoch 0/300][Batch 361/9303] BatchTime = 0.650 (s) DataTime = 0.002 (s) Losses = ['0.6181', '1.3256'] lr = 0.000001
2026-05-17 09:35:15,613 - base - INFO - [Epoch 0/300][Batch 381/9303] BatchTime = 0.649 (s) DataTime = 0.002 (s) Losses = ['0.6889', '1.7675'] lr = 0.000001
2026-05-17 09:35:28,706 - base - INFO - [Epoch 0/300][Batch 401/9303] BatchTime = 0.648 (s) DataTime = 0.002 (s) Losses = ['0.6574', '1.4486'] lr = 0.000001
2026-05-17 09:35:41,737 - base - INFO - [Epoch 0/300][Batch 421/9303] BatchTime = 0.652 (s) DataTime = 0.002 (s) Losses = ['0.6788', '1.4125'] lr = 0.000001
2026-05-17 09:35:54,828 - base - INFO - [Epoch 0/300][Batch 441/9303] BatchTime = 0.700 (s) DataTime = 0.001 (s) Losses = ['0.5894', '0.9370'] lr = 0.000001
2026-05-17 09:36:07,853 - base - INFO - [Epoch 0/300][Batch 461/9303] BatchTime = 0.648 (s) DataTime = 0.002 (s) Losses = ['0.6161', '1.0430'] lr = 0.000001
2026-05-17 09:36:20,889 - base - INFO - [Epoch 0/300][Batch 481/9303] BatchTime = 0.648 (s) DataTime = 0.001 (s) Losses = ['0.6887', '1.5854'] lr = 0.000001
2026-05-17 09:36:33,907 - base - INFO - [Epoch 0/300][Batch 501/9303] BatchTime = 0.650 (s) DataTime = 0.002 (s) Losses = ['0.6674', '1.2685'] lr = 0.000001
2026-05-17 09:36:46,939 - base - INFO - [Epoch 0/300][Batch 521/9303] BatchTime = 0.648 (s) DataTime = 0.001 (s) Losses = ['0.5314', '1.2679'] lr = 0.000001
2026-05-17 09:36:59,967 - base - INFO - [Epoch 0/300][Batch 541/9303] BatchTime = 0.649 (s) DataTime = 0.001 (s) Losses = ['0.5595', '1.1495'] lr = 0.000001
2026-05-17 09:37:13,073 - base - INFO - [Epoch 0/300][Batch 561/9303] BatchTime = 0.707 (s) DataTime = 0.001 (s) Losses = ['0.6252', '1.3165'] lr = 0.000001
2026-05-17 09:37:26,111 - base - INFO - [Epoch 0/300][Batch 581/9303] BatchTime = 0.651 (s) DataTime = 0.002 (s) Losses = ['0.5870', '1.2950'] lr = 0.000001
2026-05-17 09:37:39,221 - base - INFO - [Epoch 0/300][Batch 601/9303] BatchTime = 0.647 (s) DataTime = 0.001 (s) Losses = ['0.5401', '1.2825'] lr = 0.000001
2026-05-17 09:37:52,240 - base - INFO - [Epoch 0/300][Batch 621/9303] BatchTime = 0.649 (s) DataTime = 0.002 (s) Losses = ['0.5668', '1.3516'] lr = 0.000001
2026-05-17 09:38:05,296 - base - INFO - [Epoch 0/300][Batch 641/9303] BatchTime = 0.649 (s) DataTime = 0.001 (s) Losses = ['0.6271', '1.3245'] lr = 0.000001
2026-05-17 09:38:18,428 - base - INFO - [Epoch 0/300][Batch 661/9303] BatchTime = 0.659 (s) DataTime = 0.002 (s) Losses = ['0.6322', '1.5693'] lr = 0.000001
2026-05-17 09:38:31,442 - base - INFO - [Epoch 0/300][Batch 681/9303] BatchTime = 0.649 (s) DataTime = 0.001 (s) Losses = ['0.5363', '1.2908'] lr = 0.000001
2026-05-17 09:38:44,461 - base - INFO - [Epoch 0/300][Batch 701/9303] BatchTime = 0.652 (s) DataTime = 0.001 (s) Losses = ['0.5544', '1.3709'] lr = 0.000001
2026-05-17 09:38:57,526 - base - INFO - [Epoch 0/300][Batch 721/9303] BatchTime = 0.649 (s) DataTime = 0.002 (s) Losses = ['0.6143', '0.8983'] lr = 0.000001
2026-05-17 09:39:10,557 - base - INFO - [Epoch 0/300][Batch 741/9303] BatchTime = 0.655 (s) DataTime = 0.001 (s) Losses = ['0.5843', '0.7742'] lr = 0.000001
2026-05-17 09:39:23,641 - base - INFO - [Epoch 0/300][Batch 761/9303] BatchTime = 0.648 (s) DataTime = 0.001 (s) Losses = ['0.5955', '1.4613'] lr = 0.000001
2026-05-17 09:39:36,649 - base - INFO - [Epoch 0/300][Batch 781/9303] BatchTime = 0.652 (s) DataTime = 0.002 (s) Losses = ['0.5470', '1.0494'] lr = 0.000001
2026-05-17 09:39:49,691 - base - INFO - [Epoch 0/300][Batch 801/9303] BatchTime = 0.648 (s) DataTime = 0.001 (s) Losses = ['0.7002', '1.2103'] lr = 0.000001
2026-05-17 09:40:02,740 - base - INFO - [Epoch 0/300][Batch 821/9303] BatchTime = 0.651 (s) DataTime = 0.001 (s) Losses = ['0.5478', '0.9586'] lr = 0.000001
2026-05-17 09:40:15,778 - base - INFO - [Epoch 0/300][Batch 841/9303] BatchTime = 0.656 (s) DataTime = 0.001 (s) Losses = ['0.6440', '1.4860'] lr = 0.000001
2026-05-17 09:40:28,838 - base - INFO - [Epoch 0/300][Batch 861/9303] BatchTime = 0.646 (s) DataTime = 0.002 (s) Losses = ['0.6260', '0.9930'] lr = 0.000001
2026-05-17 09:40:41,869 - base - INFO - [Epoch 0/300][Batch 881/9303] BatchTime = 0.647 (s) DataTime = 0.002 (s) Losses = ['0.5790', '1.2834'] lr = 0.000001
2026-05-17 09:40:54,938 - base - INFO - [Epoch 0/300][Batch 901/9303] BatchTime = 0.651 (s) DataTime = 0.002 (s) Losses = ['0.5869', '1.0354'] lr = 0.000001
2026-05-17 09:41:08,032 - base - INFO - [Epoch 0/300][Batch 921/9303] BatchTime = 0.650 (s) DataTime = 0.001 (s) Losses = ['0.5960', '1.3715'] lr = 0.000001
2026-05-17 09:41:21,103 - base - INFO - [Epoch 0/300][Batch 941/9303] BatchTime = 0.652 (s) DataTime = 0.001 (s) Losses = ['0.6060', '1.2477'] lr = 0.000001
2026-05-17 09:41:34,159 - base - INFO - [Epoch 0/300][Batch 961/9303] BatchTime = 0.663 (s) DataTime = 0.002 (s) Losses = ['0.6323', '1.2667'] lr = 0.000001
2026-05-17 09:41:47,271 - base - INFO - [Epoch 0/300][Batch 981/9303] BatchTime = 0.661 (s) DataTime = 0.001 (s) Losses = ['0.6364', '1.1783'] lr = 0.000001
2026-05-17 09:42:00,328 - base - INFO - [Epoch 0/300][Batch 1001/9303] BatchTime = 0.648 (s) DataTime = 0.002 (s) Losses = ['0.6227', '1.5421'] lr = 0.000001
2026-05-17 09:42:13,377 - base - INFO - [Epoch 0/300][Batch 1021/9303] BatchTime = 0.650 (s) DataTime = 0.001 (s) Losses = ['0.5861', '1.0888'] lr = 0.000001
2026-05-17 09:42:26,442 - base - INFO - [Epoch 0/300][Batch 1041/9303] BatchTime = 0.648 (s) DataTime = 0.001 (s) Losses = ['0.6509', '1.1654'] lr = 0.000001
2026-05-17 09:42:39,482 - base - INFO - [Epoch 0/300][Batch 1061/9303] BatchTime = 0.649 (s) DataTime = 0.002 (s) Losses = ['0.6785', '1.1473'] lr = 0.000001
2026-05-17 09:42:52,520 - base - INFO - [Epoch 0/300][Batch 1081/9303] BatchTime = 0.653 (s) DataTime = 0.001 (s) Losses = ['0.4766', '1.0038'] lr = 0.000001
2026-05-17 09:43:05,542 - base - INFO - [Epoch 0/300][Batch 1101/9303] BatchTime = 0.651 (s) DataTime = 0.002 (s) Losses = ['0.6133', '1.2406'] lr = 0.000001
2026-05-17 09:43:18,592 - base - INFO - [Epoch 0/300][Batch 1121/9303] BatchTime = 0.651 (s) DataTime = 0.001 (s) Losses = ['0.5489', '1.0826'] lr = 0.000001
2026-05-17 09:43:31,619 - base - INFO - [Epoch 0/300][Batch 1141/9303] BatchTime = 0.651 (s) DataTime = 0.002 (s) Losses = ['0.5903', '1.1509'] lr = 0.000001
2026-05-17 09:43:44,648 - base - INFO - [Epoch 0/300][Batch 1161/9303] BatchTime = 0.648 (s) DataTime = 0.001 (s) Losses = ['0.5514', '1.0948'] lr = 0.000001
2026-05-17 09:43:57,740 - base - INFO - [Epoch 0/300][Batch 1181/9303] BatchTime = 0.646 (s) DataTime = 0.002 (s) Losses = ['0.5139', '1.0178'] lr = 0.000001
2026-05-17 09:44:10,790 - base - INFO - [Epoch 0/300][Batch 1201/9303] BatchTime = 0.649 (s) DataTime = 0.001 (s) Losses = ['0.6096', '1.1558'] lr = 0.000001
2026-05-17 09:44:23,841 - base - INFO - [Epoch 0/300][Batch 1221/9303] BatchTime = 0.650 (s) DataTime = 0.002 (s) Losses = ['0.6327', '1.1784'] lr = 0.000001
2026-05-17 09:44:36,942 - base - INFO - [Epoch 0/300][Batch 1241/9303] BatchTime = 0.653 (s) DataTime = 0.002 (s) Losses = ['0.6148', '1.5991'] lr = 0.000001
2026-05-17 09:44:49,969 - base - INFO - [Epoch 0/300][Batch 1261/9303] BatchTime = 0.656 (s) DataTime = 0.002 (s) Losses = ['0.6195', '1.2411'] lr = 0.000001
2026-05-17 09:45:03,024 - base - INFO - [Epoch 0/300][Batch 1281/9303] BatchTime = 0.650 (s) DataTime = 0.001 (s) Losses = ['0.6721', '1.3551'] lr = 0.000001
2026-05-17 09:45:16,046 - base - INFO - [Epoch 0/300][Batch 1301/9303] BatchTime = 0.651 (s) DataTime = 0.002 (s) Losses = ['0.5087', '0.9019'] lr = 0.000001
2026-05-17 09:45:29,101 - base - INFO - [Epoch 0/300][Batch 1321/9303] BatchTime = 0.653 (s) DataTime = 0.001 (s) Losses = ['0.6247', '1.1411'] lr = 0.000001
2026-05-17 09:45:42,151 - base - INFO - [Epoch 0/300][Batch 1341/9303] BatchTime = 0.648 (s) DataTime = 0.002 (s) Losses = ['0.5536', '0.9210'] lr = 0.000001
2026-05-17 09:45:55,190 - base - INFO - [Epoch 0/300][Batch 1361/9303] BatchTime = 0.650 (s) DataTime = 0.001 (s) Losses = ['0.5231', '1.0093'] lr = 0.000001
2026-05-17 09:46:08,195 - base - INFO - [Epoch 0/300][Batch 1381/9303] BatchTime = 0.648 (s) DataTime = 0.002 (s) Losses = ['0.4956', '0.8422'] lr = 0.000001
2026-05-17 09:46:21,235 - base - INFO - [Epoch 0/300][Batch 1401/9303] BatchTime = 0.648 (s) DataTime = 0.002 (s) Losses = ['0.6031', '1.3197'] lr = 0.000001
2026-05-17 09:46:34,266 - base - INFO - [Epoch 0/300][Batch 1421/9303] BatchTime = 0.654 (s) DataTime = 0.001 (s) Losses = ['0.5930', '1.4844'] lr = 0.000001
2026-05-17 09:46:47,302 - base - INFO - [Epoch 0/300][Batch 1441/9303] BatchTime = 0.663 (s) DataTime = 0.001 (s) Losses = ['0.6529', '1.4629'] lr = 0.000001
2026-05-17 09:47:00,320 - base - INFO - [Epoch 0/300][Batch 1461/9303] BatchTime = 0.651 (s) DataTime = 0.001 (s) Losses = ['0.6539', '1.2618'] lr = 0.000001
2026-05-17 09:47:13,354 - base - INFO - [Epoch 0/300][Batch 1481/9303] BatchTime = 0.651 (s) DataTime = 0.001 (s) Losses = ['0.5405', '1.0430'] lr = 0.000001
2026-05-17 09:47:26,374 - base - INFO - [Epoch 0/300][Batch 1501/9303] BatchTime = 0.650 (s) DataTime = 0.001 (s) Losses = ['0.6004', '1.2924'] lr = 0.000001
2026-05-17 09:47:39,410 - base - INFO - [Epoch 0/300][Batch 1521/9303] BatchTime = 0.651 (s) DataTime = 0.001 (s) Losses = ['0.5892', '1.6202'] lr = 0.000001
2026-05-17 09:47:52,478 - base - INFO - [Epoch 0/300][Batch 1541/9303] BatchTime = 0.659 (s) DataTime = 0.002 (s) Losses = ['0.6787', '1.2591'] lr = 0.000001
2026-05-17 09:48:05,510 - base - INFO - [Epoch 0/300][Batch 1561/9303] BatchTime = 0.648 (s) DataTime = 0.001 (s) Losses = ['0.6273', '1.3759'] lr = 0.000001
2026-05-17 09:48:18,557 - base - INFO - [Epoch 0/300][Batch 1581/9303] BatchTime = 0.648 (s) DataTime = 0.002 (s) Losses = ['0.6876', '1.5808'] lr = 0.000001
2026-05-17 09:48:31,594 - base - INFO - [Epoch 0/300][Batch 1601/9303] BatchTime = 0.653 (s) DataTime = 0.002 (s) Losses = ['0.5732', '1.0691'] lr = 0.000001
2026-05-17 09:48:44,648 - base - INFO - [Epoch 0/300][Batch 1621/9303] BatchTime = 0.653 (s) DataTime = 0.001 (s) Losses = ['0.7241', '1.5642'] lr = 0.000001
2026-05-17 09:48:57,674 - base - INFO - [Epoch 0/300][Batch 1641/9303] BatchTime = 0.648 (s) DataTime = 0.002 (s) Losses = ['0.6938', '1.4248'] lr = 0.000001
2026-05-17 09:49:10,735 - base - INFO - [Epoch 0/300][Batch 1661/9303] BatchTime = 0.661 (s) DataTime = 0.002 (s) Losses = ['0.6049', '1.0695'] lr = 0.000001
2026-05-17 09:49:23,781 - base - INFO - [Epoch 0/300][Batch 1681/9303] BatchTime = 0.669 (s) DataTime = 0.001 (s) Losses = ['0.6875', '1.8018'] lr = 0.000001
2026-05-17 09:49:36,809 - base - INFO - [Epoch 0/300][Batch 1701/9303] BatchTime = 0.648 (s) DataTime = 0.001 (s) Losses = ['0.5811', '0.8736'] lr = 0.000001
2026-05-17 09:49:49,831 - base - INFO - [Epoch 0/300][Batch 1721/9303] BatchTime = 0.658 (s) DataTime = 0.002 (s) Losses = ['0.6343', '0.9076'] lr = 0.000001
2026-05-17 09:50:02,880 - base - INFO - [Epoch 0/300][Batch 1741/9303] BatchTime = 0.650 (s) DataTime = 0.002 (s) Losses = ['0.6078', '0.8926'] lr = 0.000001
2026-05-17 09:50:15,918 - base - INFO - [Epoch 0/300][Batch 1761/9303] BatchTime = 0.648 (s) DataTime = 0.001 (s) Losses = ['0.6824', '1.4533'] lr = 0.000001
2026-05-17 09:50:28,976 - base - INFO - [Epoch 0/300][Batch 1781/9303] BatchTime = 0.655 (s) DataTime = 0.002 (s) Losses = ['0.6215', '1.2775'] lr = 0.000001
2026-05-17 09:50:42,017 - base - INFO - [Epoch 0/300][Batch 1801/9303] BatchTime = 0.655 (s) DataTime = 0.001 (s) Losses = ['0.6680', '1.2253'] lr = 0.000001
2026-05-17 09:50:55,048 - base - INFO - [Epoch 0/300][Batch 1821/9303] BatchTime = 0.649 (s) DataTime = 0.002 (s) Losses = ['0.5629', '1.1540'] lr = 0.000001
2026-05-17 09:51:08,093 - base - INFO - [Epoch 0/300][Batch 1841/9303] BatchTime = 0.648 (s) DataTime = 0.002 (s) Losses = ['0.5944', '1.4915'] lr = 0.000001
2026-05-17 09:51:21,124 - base - INFO - [Epoch 0/300][Batch 1861/9303] BatchTime = 0.649 (s) DataTime = 0.002 (s) Losses = ['0.5914', '1.2536'] lr = 0.000001
2026-05-17 09:51:34,149 - base - INFO - [Epoch 0/300][Batch 1881/9303] BatchTime = 0.647 (s) DataTime = 0.002 (s) Losses = ['0.5632', '1.2710'] lr = 0.000001
2026-05-17 09:51:47,174 - base - INFO - [Epoch 0/300][Batch 1901/9303] BatchTime = 0.650 (s) DataTime = 0.001 (s) Losses = ['0.5602', '1.4772'] lr = 0.000001
2026-05-17 09:52:00,213 - base - INFO - [Epoch 0/300][Batch 1921/9303] BatchTime = 0.648 (s) DataTime = 0.001 (s) Losses = ['0.5978', '1.4916'] lr = 0.000001
2026-05-17 09:52:13,223 - base - INFO - [Epoch 0/300][Batch 1941/9303] BatchTime = 0.652 (s) DataTime = 0.001 (s) Losses = ['0.6512', '1.2603'] lr = 0.000001
2026-05-17 09:52:26,267 - base - INFO - [Epoch 0/300][Batch 1961/9303] BatchTime = 0.646 (s) DataTime = 0.001 (s) Losses = ['0.6456', '1.1963'] lr = 0.000001
2026-05-17 09:52:39,314 - base - INFO - [Epoch 0/300][Batch 1981/9303] BatchTime = 0.650 (s) DataTime = 0.002 (s) Losses = ['0.6429', '1.3134'] lr = 0.000001
2026-05-17 09:52:52,365 - base - INFO - [Epoch 0/300][Batch 2001/9303] BatchTime = 0.651 (s) DataTime = 0.002 (s) Losses = ['0.6578', '1.1157'] lr = 0.000001
2026-05-17 09:53:05,427 - base - INFO - [Epoch 0/300][Batch 2021/9303] BatchTime = 0.666 (s) DataTime = 0.001 (s) Losses = ['0.5685', '1.1291'] lr = 0.000001
2026-05-17 09:53:18,455 - base - INFO - [Epoch 0/300][Batch 2041/9303] BatchTime = 0.650 (s) DataTime = 0.002 (s) Losses = ['0.6701', '1.3576'] lr = 0.000001
2026-05-17 09:53:31,494 - base - INFO - [Epoch 0/300][Batch 2061/9303] BatchTime = 0.649 (s) DataTime = 0.002 (s) Losses = ['0.5919', '1.0862'] lr = 0.000001
2026-05-17 09:53:44,523 - base - INFO - [Epoch 0/300][Batch 2081/9303] BatchTime = 0.649 (s) DataTime = 0.002 (s) Losses = ['0.6157', '1.2082'] lr = 0.000001
2026-05-17 09:53:57,555 - base - INFO - [Epoch 0/300][Batch 2101/9303] BatchTime = 0.651 (s) DataTime = 0.001 (s) Losses = ['0.5498', '1.0559'] lr = 0.000001
2026-05-17 09:54:10,584 - base - INFO - [Epoch 0/300][Batch 2121/9303] BatchTime = 0.649 (s) DataTime = 0.002 (s) Losses = ['0.6623', '1.1350'] lr = 0.000001
2026-05-17 09:54:23,652 - base - INFO - [Epoch 0/300][Batch 2141/9303] BatchTime = 0.648 (s) DataTime = 0.001 (s) Losses = ['0.6742', '1.4277'] lr = 0.000001
2026-05-17 09:54:36,685 - base - INFO - [Epoch 0/300][Batch 2161/9303] BatchTime = 0.649 (s) DataTime = 0.002 (s) Losses = ['0.5551', '1.2035'] lr = 0.000001
2026-05-17 09:54:49,695 - base - INFO - [Epoch 0/300][Batch 2181/9303] BatchTime = 0.652 (s) DataTime = 0.002 (s) Losses = ['0.6371', '1.1697'] lr = 0.000001
2026-05-17 09:55:02,716 - base - INFO - [Epoch 0/300][Batch 2201/9303] BatchTime = 0.646 (s) DataTime = 0.002 (s) Losses = ['0.5841', '1.1408'] lr = 0.000001
2026-05-17 09:55:15,734 - base - INFO - [Epoch 0/300][Batch 2221/9303] BatchTime = 0.647 (s) DataTime = 0.002 (s) Losses = ['0.5870', '1.6928'] lr = 0.000001
2026-05-17 09:55:28,788 - base - INFO - [Epoch 0/300][Batch 2241/9303] BatchTime = 0.652 (s) DataTime = 0.002 (s) Losses = ['0.6870', '1.3223'] lr = 0.000001
2026-05-17 09:55:41,862 - base - INFO - [Epoch 0/300][Batch 2261/9303] BatchTime = 0.700 (s) DataTime = 0.001 (s) Losses = ['0.6411', '0.9556'] lr = 0.000001
2026-05-17 09:55:54,879 - base - INFO - [Epoch 0/300][Batch 2281/9303] BatchTime = 0.647 (s) DataTime = 0.002 (s) Losses = ['0.5936', '1.1819'] lr = 0.000001
2026-05-17 09:56:07,930 - base - INFO - [Epoch 0/300][Batch 2301/9303] BatchTime = 0.650 (s) DataTime = 0.002 (s) Losses = ['0.5861', '1.2135'] lr = 0.000001
2026-05-17 09:56:20,947 - base - INFO - [Epoch 0/300][Batch 2321/9303] BatchTime = 0.655 (s) DataTime = 0.001 (s) Losses = ['0.5264', '1.1197'] lr = 0.000001
2026-05-17 09:56:33,985 - base - INFO - [Epoch 0/300][Batch 2341/9303] BatchTime = 0.648 (s) DataTime = 0.001 (s) Losses = ['0.5734', '1.5863'] lr = 0.000001
2026-05-17 09:56:47,039 - base - INFO - [Epoch 0/300][Batch 2361/9303] BatchTime = 0.656 (s) DataTime = 0.001 (s) Losses = ['0.6255', '1.2395'] lr = 0.000001
2026-05-17 09:57:00,081 - base - INFO - [Epoch 0/300][Batch 2381/9303] BatchTime = 0.647 (s) DataTime = 0.002 (s) Losses = ['0.6902', '1.3691'] lr = 0.000001
2026-05-17 09:57:13,125 - base - INFO - [Epoch 0/300][Batch 2401/9303] BatchTime = 0.648 (s) DataTime = 0.002 (s) Losses = ['0.6068', '1.3499'] lr = 0.000001
2026-05-17 09:57:26,190 - base - INFO - [Epoch 0/300][Batch 2421/9303] BatchTime = 0.651 (s) DataTime = 0.002 (s) Losses = ['0.5344', '1.0189'] lr = 0.000001
2026-05-17 09:57:39,222 - base - INFO - [Epoch 0/300][Batch 2441/9303] BatchTime = 0.650 (s) DataTime = 0.002 (s) Losses = ['0.6279', '1.1932'] lr = 0.000001
2026-05-17 09:57:52,246 - base - INFO - [Epoch 0/300][Batch 2461/9303] BatchTime = 0.649 (s) DataTime = 0.002 (s) Losses = ['0.6459', '0.9798'] lr = 0.000001
2026-05-17 09:58:05,330 - base - INFO - [Epoch 0/300][Batch 2481/9303] BatchTime = 0.649 (s) DataTime = 0.001 (s) Losses = ['0.6164', '1.3341'] lr = 0.000001
2026-05-17 09:58:18,353 - base - INFO - [Epoch 0/300][Batch 2501/9303] BatchTime = 0.654 (s) DataTime = 0.002 (s) Losses = ['0.5870', '1.1633'] lr = 0.000001
2026-05-17 09:58:31,371 - base - INFO - [Epoch 0/300][Batch 2521/9303] BatchTime = 0.648 (s) DataTime = 0.001 (s) Losses = ['0.6249', '1.2306'] lr = 0.000001
2026-05-17 09:58:44,466 - base - INFO - [Epoch 0/300][Batch 2541/9303] BatchTime = 0.649 (s) DataTime = 0.002 (s) Losses = ['0.5917', '1.0580'] lr = 0.000001
2026-05-17 09:58:57,601 - base - INFO - [Epoch 0/300][Batch 2561/9303] BatchTime = 0.649 (s) DataTime = 0.001 (s) Losses = ['0.5495', '0.8352'] lr = 0.000001
2026-05-17 09:59:10,650 - base - INFO - [Epoch 0/300][Batch 2581/9303] BatchTime = 0.650 (s) DataTime = 0.002 (s) Losses = ['0.5354', '0.8819'] lr = 0.000001
2026-05-17 09:59:23,707 - base - INFO - [Epoch 0/300][Batch 2601/9303] BatchTime = 0.656 (s) DataTime = 0.001 (s) Losses = ['0.6024', '0.9908'] lr = 0.000001
2026-05-17 09:59:36,723 - base - INFO - [Epoch 0/300][Batch 2621/9303] BatchTime = 0.648 (s) DataTime = 0.001 (s) Losses = ['0.6723', '1.5403'] lr = 0.000001
2026-05-17 09:59:49,771 - base - INFO - [Epoch 0/300][Batch 2641/9303] BatchTime = 0.646 (s) DataTime = 0.001 (s) Losses = ['0.5737', '0.9720'] lr = 0.000001
2026-05-17 10:00:02,817 - base - INFO - [Epoch 0/300][Batch 2661/9303] BatchTime = 0.650 (s) DataTime = 0.002 (s) Losses = ['0.6127', '1.1583'] lr = 0.000001
2026-05-17 10:00:15,878 - base - INFO - [Epoch 0/300][Batch 2681/9303] BatchTime = 0.648 (s) DataTime = 0.002 (s) Losses = ['0.5855', '1.4278'] lr = 0.000001
2026-05-17 10:00:28,891 - base - INFO - [Epoch 0/300][Batch 2701/9303] BatchTime = 0.649 (s) DataTime = 0.002 (s) Losses = ['0.6125', '1.0934'] lr = 0.000001
2026-05-17 10:00:41,952 - base - INFO - [Epoch 0/300][Batch 2721/9303] BatchTime = 0.651 (s) DataTime = 0.002 (s) Losses = ['0.5808', '1.2781'] lr = 0.000001
2026-05-17 10:00:54,984 - base - INFO - [Epoch 0/300][Batch 2741/9303] BatchTime = 0.647 (s) DataTime = 0.002 (s) Losses = ['0.6435', '1.0448'] lr = 0.000001
2026-05-17 10:01:08,022 - base - INFO - [Epoch 0/300][Batch 2761/9303] BatchTime = 0.647 (s) DataTime = 0.002 (s) Losses = ['0.6053', '1.0868'] lr = 0.000001
2026-05-17 10:01:21,043 - base - INFO - [Epoch 0/300][Batch 2781/9303] BatchTime = 0.649 (s) DataTime = 0.002 (s) Losses = ['0.5310', '1.0540'] lr = 0.000001
2026-05-17 10:01:34,081 - base - INFO - [Epoch 0/300][Batch 2801/9303] BatchTime = 0.646 (s) DataTime = 0.001 (s) Losses = ['0.5863', '1.0826'] lr = 0.000001
2026-05-17 10:01:47,115 - base - INFO - [Epoch 0/300][Batch 2821/9303] BatchTime = 0.649 (s) DataTime = 0.001 (s) Losses = ['0.5576', '1.3529'] lr = 0.000001
2026-05-17 10:02:00,120 - base - INFO - [Epoch 0/300][Batch 2841/9303] BatchTime = 0.645 (s) DataTime = 0.002 (s) Losses = ['0.5815', '1.0815'] lr = 0.000001
2026-05-17 10:02:13,150 - base - INFO - [Epoch 0/300][Batch 2861/9303] BatchTime = 0.648 (s) DataTime = 0.002 (s) Losses = ['0.6407', '0.9377'] lr = 0.000001
2026-05-17 10:02:26,166 - base - INFO - [Epoch 0/300][Batch 2881/9303] BatchTime = 0.652 (s) DataTime = 0.001 (s) Losses = ['0.5638', '1.2732'] lr = 0.000001
2026-05-17 10:02:39,168 - base - INFO - [Epoch 0/300][Batch 2901/9303] BatchTime = 0.649 (s) DataTime = 0.002 (s) Losses = ['0.5675', '1.3467'] lr = 0.000001
2026-05-17 10:02:52,174 - base - INFO - [Epoch 0/300][Batch 2921/9303] BatchTime = 0.646 (s) DataTime = 0.001 (s) Losses = ['0.5798', '1.1251'] lr = 0.000001
2026-05-17 10:03:05,201 - base - INFO - [Epoch 0/300][Batch 2941/9303] BatchTime = 0.650 (s) DataTime = 0.002 (s) Losses = ['0.5424', '1.2161'] lr = 0.000001
2026-05-17 10:03:18,219 - base - INFO - [Epoch 0/300][Batch 2961/9303] BatchTime = 0.649 (s) DataTime = 0.001 (s) Losses = ['0.5935', '1.4602'] lr = 0.000001
2026-05-17 10:03:31,222 - base - INFO - [Epoch 0/300][Batch 2981/9303] BatchTime = 0.648 (s) DataTime = 0.002 (s) Losses = ['0.6215', '1.2041'] lr = 0.000001
2026-05-17 10:03:44,261 - base - INFO - [Epoch 0/300][Batch 3001/9303] BatchTime = 0.648 (s) DataTime = 0.002 (s) Losses = ['0.6183', '0.9853'] lr = 0.000001
2026-05-17 10:03:57,286 - base - INFO - [Epoch 0/300][Batch 3021/9303] BatchTime = 0.648 (s) DataTime = 0.002 (s) Losses = ['0.5845', '0.8585'] lr = 0.000001
2026-05-17 10:04:10,296 - base - INFO - [Epoch 0/300][Batch 3041/9303] BatchTime = 0.647 (s) DataTime = 0.001 (s) Losses = ['0.5123', '1.1219'] lr = 0.000001
2026-05-17 10:04:23,308 - base - INFO - [Epoch 0/300][Batch 3061/9303] BatchTime = 0.647 (s) DataTime = 0.001 (s) Losses = ['0.6677', '1.5029'] lr = 0.000001
2026-05-17 10:04:36,337 - base - INFO - [Epoch 0/300][Batch 3081/9303] BatchTime = 0.657 (s) DataTime = 0.001 (s) Losses = ['0.6458', '1.1798'] lr = 0.000001
2026-05-17 10:04:49,347 - base - INFO - [Epoch 0/300][Batch 3101/9303] BatchTime = 0.651 (s) DataTime = 0.002 (s) Losses = ['0.5435', '1.1618'] lr = 0.000001
2026-05-17 10:05:02,346 - base - INFO - [Epoch 0/300][Batch 3121/9303] BatchTime = 0.648 (s) DataTime = 0.001 (s) Losses = ['0.5949', '0.9567'] lr = 0.000001
2026-05-17 10:05:15,389 - base - INFO - [Epoch 0/300][Batch 3141/9303] BatchTime = 0.650 (s) DataTime = 0.002 (s) Losses = ['0.6023', '1.1590'] lr = 0.000001
2026-05-17 10:05:28,424 - base - INFO - [Epoch 0/300][Batch 3161/9303] BatchTime = 0.648 (s) DataTime = 0.002 (s) Losses = ['0.6780', '1.1653'] lr = 0.000001
2026-05-17 10:05:41,470 - base - INFO - [Epoch 0/300][Batch 3181/9303] BatchTime = 0.652 (s) DataTime = 0.001 (s) Losses = ['0.6599', '1.2893'] lr = 0.000001
2026-05-17 10:05:54,495 - base - INFO - [Epoch 0/300][Batch 3201/9303] BatchTime = 0.652 (s) DataTime = 0.002 (s) Losses = ['0.6145', '1.3167'] lr = 0.000001
2026-05-17 10:06:07,578 - base - INFO - [Epoch 0/300][Batch 3221/9303] BatchTime = 0.655 (s) DataTime = 0.001 (s) Losses = ['0.5505', '1.1956'] lr = 0.000001
2026-05-17 10:06:20,590 - base - INFO - [Epoch 0/300][Batch 3241/9303] BatchTime = 0.649 (s) DataTime = 0.002 (s) Losses = ['0.5582', '1.1411'] lr = 0.000001
2026-05-17 10:06:33,601 - base - INFO - [Epoch 0/300][Batch 3261/9303] BatchTime = 0.651 (s) DataTime = 0.002 (s) Losses = ['0.5774', '1.0869'] lr = 0.000001
2026-05-17 10:06:46,644 - base - INFO - [Epoch 0/300][Batch 3281/9303] BatchTime = 0.654 (s) DataTime = 0.001 (s) Losses = ['0.5763', '0.8429'] lr = 0.000001
2026-05-17 10:06:59,669 - base - INFO - [Epoch 0/300][Batch 3301/9303] BatchTime = 0.649 (s) DataTime = 0.001 (s) Losses = ['0.6832', '1.2437'] lr = 0.000001
2026-05-17 10:07:12,699 - base - INFO - [Epoch 0/300][Batch 3321/9303] BatchTime = 0.650 (s) DataTime = 0.001 (s) Losses = ['0.5756', '1.4259'] lr = 0.000001
2026-05-17 10:07:25,735 - base - INFO - [Epoch 0/300][Batch 3341/9303] BatchTime = 0.652 (s) DataTime = 0.002 (s) Losses = ['0.6217', '1.0980'] lr = 0.000001
2026-05-17 10:07:38,802 - base - INFO - [Epoch 0/300][Batch 3361/9303] BatchTime = 0.649 (s) DataTime = 0.002 (s) Losses = ['0.6610', '1.2381'] lr = 0.000001
2026-05-17 10:07:51,845 - base - INFO - [Epoch 0/300][Batch 3381/9303] BatchTime = 0.655 (s) DataTime = 0.002 (s) Losses = ['0.6171', '1.1026'] lr = 0.000001
2026-05-17 10:08:04,871 - base - INFO - [Epoch 0/300][Batch 3401/9303] BatchTime = 0.648 (s) DataTime = 0.001 (s) Losses = ['0.6798', '1.2403'] lr = 0.000001
2026-05-17 10:08:17,898 - base - INFO - [Epoch 0/300][Batch 3421/9303] BatchTime = 0.647 (s) DataTime = 0.002 (s) Losses = ['0.5647', '1.4294'] lr = 0.000001
2026-05-17 10:08:30,943 - base - INFO - [Epoch 0/300][Batch 3441/9303] BatchTime = 0.659 (s) DataTime = 0.001 (s) Losses = ['0.6502', '1.4893'] lr = 0.000001
2026-05-17 10:08:44,026 - base - INFO - [Epoch 0/300][Batch 3461/9303] BatchTime = 0.650 (s) DataTime = 0.001 (s) Losses = ['0.6092', '0.9660'] lr = 0.000001
2026-05-17 10:08:57,051 - base - INFO - [Epoch 0/300][Batch 3481/9303] BatchTime = 0.650 (s) DataTime = 0.002 (s) Losses = ['0.5826', '1.0207'] lr = 0.000001
2026-05-17 10:09:10,069 - base - INFO - [Epoch 0/300][Batch 3501/9303] BatchTime = 0.652 (s) DataTime = 0.001 (s) Losses = ['0.6538', '0.9708'] lr = 0.000001
2026-05-17 10:09:23,103 - base - INFO - [Epoch 0/300][Batch 3521/9303] BatchTime = 0.647 (s) DataTime = 0.002 (s) Losses = ['0.6513', '1.2859'] lr = 0.000001
2026-05-17 10:09:36,165 - base - INFO - [Epoch 0/300][Batch 3541/9303] BatchTime = 0.648 (s) DataTime = 0.002 (s) Losses = ['0.5297', '0.8253'] lr = 0.000001
2026-05-17 10:09:49,199 - base - INFO - [Epoch 0/300][Batch 3561/9303] BatchTime = 0.649 (s) DataTime = 0.001 (s) Losses = ['0.7091', '1.4253'] lr = 0.000001
2026-05-17 10:10:02,257 - base - INFO - [Epoch 0/300][Batch 3581/9303] BatchTime = 0.651 (s) DataTime = 0.002 (s) Losses = ['0.6343', '1.0826'] lr = 0.000001
2026-05-17 10:10:15,294 - base - INFO - [Epoch 0/300][Batch 3601/9303] BatchTime = 0.650 (s) DataTime = 0.002 (s) Losses = ['0.6102', '0.8450'] lr = 0.000001
2026-05-17 10:10:28,333 - base - INFO - [Epoch 0/300][Batch 3621/9303] BatchTime = 0.649 (s) DataTime = 0.002 (s) Losses = ['0.6059', '1.2456'] lr = 0.000001
2026-05-17 10:10:41,389 - base - INFO - [Epoch 0/300][Batch 3641/9303] BatchTime = 0.647 (s) DataTime = 0.001 (s) Losses = ['0.5984', '1.0029'] lr = 0.000001
2026-05-17 10:10:54,418 - base - INFO - [Epoch 0/300][Batch 3661/9303] BatchTime = 0.651 (s) DataTime = 0.002 (s) Losses = ['0.6507', '1.1638'] lr = 0.000001
2026-05-17 10:11:07,495 - base - INFO - [Epoch 0/300][Batch 3681/9303] BatchTime = 0.650 (s) DataTime = 0.002 (s) Losses = ['0.5757', '1.3768'] lr = 0.000001
2026-05-17 10:11:20,616 - base - INFO - [Epoch 0/300][Batch 3701/9303] BatchTime = 0.653 (s) DataTime = 0.002 (s) Losses = ['0.5900', '1.0654'] lr = 0.000001
2026-05-17 10:11:33,712 - base - INFO - [Epoch 0/300][Batch 3721/9303] BatchTime = 0.652 (s) DataTime = 0.002 (s) Losses = ['0.7206', '1.3884'] lr = 0.000001
2026-05-17 10:11:46,740 - base - INFO - [Epoch 0/300][Batch 3741/9303] BatchTime = 0.651 (s) DataTime = 0.001 (s) Losses = ['0.5844', '1.0610'] lr = 0.000001
2026-05-17 10:11:59,758 - base - INFO - [Epoch 0/300][Batch 3761/9303] BatchTime = 0.651 (s) DataTime = 0.001 (s) Losses = ['0.6479', '1.0806'] lr = 0.000001
2026-05-17 10:12:12,866 - base - INFO - [Epoch 0/300][Batch 3781/9303] BatchTime = 0.655 (s) DataTime = 0.002 (s) Losses = ['0.6284', '1.2801'] lr = 0.000001
2026-05-17 10:12:25,957 - base - INFO - [Epoch 0/300][Batch 3801/9303] BatchTime = 0.647 (s) DataTime = 0.002 (s) Losses = ['0.6079', '1.0156'] lr = 0.000001
2026-05-17 10:12:38,987 - base - INFO - [Epoch 0/300][Batch 3821/9303] BatchTime = 0.650 (s) DataTime = 0.001 (s) Losses = ['0.6318', '1.4661'] lr = 0.000001
2026-05-17 10:12:52,027 - base - INFO - [Epoch 0/300][Batch 3841/9303] BatchTime = 0.648 (s) DataTime = 0.001 (s) Losses = ['0.6345', '1.3012'] lr = 0.000001
2026-05-17 10:13:05,045 - base - INFO - [Epoch 0/300][Batch 3861/9303] BatchTime = 0.649 (s) DataTime = 0.002 (s) Losses = ['0.5492', '1.2111'] lr = 0.000001
2026-05-17 10:13:18,092 - base - INFO - [Epoch 0/300][Batch 3881/9303] BatchTime = 0.652 (s) DataTime = 0.002 (s) Losses = ['0.5813', '1.1501'] lr = 0.000001
2026-05-17 10:13:31,136 - base - INFO - [Epoch 0/300][Batch 3901/9303] BatchTime = 0.657 (s) DataTime = 0.002 (s) Losses = ['0.5519', '0.8305'] lr = 0.000001
2026-05-17 10:13:44,173 - base - INFO - [Epoch 0/300][Batch 3921/9303] BatchTime = 0.650 (s) DataTime = 0.002 (s) Losses = ['0.6795', '1.4211'] lr = 0.000001
2026-05-17 10:13:57,235 - base - INFO - [Epoch 0/300][Batch 3941/9303] BatchTime = 0.651 (s) DataTime = 0.001 (s) Losses = ['0.5621', '0.6938'] lr = 0.000001
2026-05-17 10:14:10,267 - base - INFO - [Epoch 0/300][Batch 3961/9303] BatchTime = 0.649 (s) DataTime = 0.002 (s) Losses = ['0.6881', '1.0658'] lr = 0.000001
2026-05-17 10:14:23,306 - base - INFO - [Epoch 0/300][Batch 3981/9303] BatchTime = 0.649 (s) DataTime = 0.001 (s) Losses = ['0.6327', '1.3480'] lr = 0.000001
2026-05-17 10:14:36,347 - base - INFO - [Epoch 0/300][Batch 4001/9303] BatchTime = 0.651 (s) DataTime = 0.002 (s) Losses = ['0.5696', '1.4232'] lr = 0.000001
2026-05-17 10:14:49,385 - base - INFO - [Epoch 0/300][Batch 4021/9303] BatchTime = 0.660 (s) DataTime = 0.002 (s) Losses = ['0.7062', '1.2193'] lr = 0.000001
2026-05-17 10:15:02,424 - base - INFO - [Epoch 0/300][Batch 4041/9303] BatchTime = 0.646 (s) DataTime = 0.002 (s) Losses = ['0.5191', '1.1471'] lr = 0.000001
2026-05-17 10:15:15,466 - base - INFO - [Epoch 0/300][Batch 4061/9303] BatchTime = 0.650 (s) DataTime = 0.002 (s) Losses = ['0.6087', '1.1060'] lr = 0.000001
2026-05-17 10:15:28,503 - base - INFO - [Epoch 0/300][Batch 4081/9303] BatchTime = 0.648 (s) DataTime = 0.001 (s) Losses = ['0.5888', '1.4422'] lr = 0.000001
2026-05-17 10:15:41,545 - base - INFO - [Epoch 0/300][Batch 4101/9303] BatchTime = 0.650 (s) DataTime = 0.001 (s) Losses = ['0.5603', '1.0608'] lr = 0.000001
2026-05-17 10:15:54,576 - base - INFO - [Epoch 0/300][Batch 4121/9303] BatchTime = 0.651 (s) DataTime = 0.002 (s) Losses = ['0.5370', '0.9394'] lr = 0.000001
2026-05-17 10:16:07,651 - base - INFO - [Epoch 0/300][Batch 4141/9303] BatchTime = 0.651 (s) DataTime = 0.001 (s) Losses = ['0.5341', '0.9561'] lr = 0.000001
2026-05-17 10:16:20,674 - base - INFO - [Epoch 0/300][Batch 4161/9303] BatchTime = 0.650 (s) DataTime = 0.001 (s) Losses = ['0.6448', '1.1947'] lr = 0.000001
2026-05-17 10:16:33,713 - base - INFO - [Epoch 0/300][Batch 4181/9303] BatchTime = 0.648 (s) DataTime = 0.002 (s) Losses = ['0.5243', '1.0626'] lr = 0.000001
2026-05-17 10:16:46,770 - base - INFO - [Epoch 0/300][Batch 4201/9303] BatchTime = 0.653 (s) DataTime = 0.002 (s) Losses = ['0.5856', '1.2168'] lr = 0.000001
2026-05-17 10:16:59,803 - base - INFO - [Epoch 0/300][Batch 4221/9303] BatchTime = 0.654 (s) DataTime = 0.002 (s) Losses = ['0.6297', '1.2729'] lr = 0.000001
2026-05-17 10:17:12,834 - base - INFO - [Epoch 0/300][Batch 4241/9303] BatchTime = 0.648 (s) DataTime = 0.001 (s) Losses = ['0.6269', '1.2721'] lr = 0.000001
2026-05-17 10:17:25,901 - base - INFO - [Epoch 0/300][Batch 4261/9303] BatchTime = 0.652 (s) DataTime = 0.002 (s) Losses = ['0.5804', '1.2051'] lr = 0.000001
2026-05-17 10:17:38,963 - base - INFO - [Epoch 0/300][Batch 4281/9303] BatchTime = 0.651 (s) DataTime = 0.001 (s) Losses = ['0.5319', '1.1091'] lr = 0.000001
2026-05-17 10:17:51,998 - base - INFO - [Epoch 0/300][Batch 4301/9303] BatchTime = 0.658 (s) DataTime = 0.001 (s) Losses = ['0.6001', '1.0694'] lr = 0.000001
2026-05-17 10:18:05,026 - base - INFO - [Epoch 0/300][Batch 4321/9303] BatchTime = 0.650 (s) DataTime = 0.001 (s) Losses = ['0.6682', '1.1007'] lr = 0.000001
2026-05-17 10:18:18,047 - base - INFO - [Epoch 0/300][Batch 4341/9303] BatchTime = 0.647 (s) DataTime = 0.002 (s) Losses = ['0.6094', '1.2314'] lr = 0.000001
2026-05-17 10:18:31,080 - base - INFO - [Epoch 0/300][Batch 4361/9303] BatchTime = 0.647 (s) DataTime = 0.001 (s) Losses = ['0.5404', '1.1818'] lr = 0.000001
2026-05-17 10:18:44,157 - base - INFO - [Epoch 0/300][Batch 4381/9303] BatchTime = 0.652 (s) DataTime = 0.001 (s) Losses = ['0.5898', '1.0183'] lr = 0.000001
2026-05-17 10:18:57,172 - base - INFO - [Epoch 0/300][Batch 4401/9303] BatchTime = 0.647 (s) DataTime = 0.002 (s) Losses = ['0.5755', '1.4034'] lr = 0.000001
2026-05-17 10:19:10,206 - base - INFO - [Epoch 0/300][Batch 4421/9303] BatchTime = 0.650 (s) DataTime = 0.002 (s) Losses = ['0.5829', '1.0960'] lr = 0.000001
2026-05-17 10:19:23,243 - base - INFO - [Epoch 0/300][Batch 4441/9303] BatchTime = 0.654 (s) DataTime = 0.002 (s) Losses = ['0.6651', '1.4556'] lr = 0.000001
2026-05-17 10:19:36,275 - base - INFO - [Epoch 0/300][Batch 4461/9303] BatchTime = 0.648 (s) DataTime = 0.001 (s) Losses = ['0.5205', '0.7819'] lr = 0.000001
2026-05-17 10:19:49,356 - base - INFO - [Epoch 0/300][Batch 4481/9303] BatchTime = 0.651 (s) DataTime = 0.001 (s) Losses = ['0.5281', '0.7911'] lr = 0.000001
2026-05-17 10:20:02,379 - base - INFO - [Epoch 0/300][Batch 4501/9303] BatchTime = 0.652 (s) DataTime = 0.001 (s) Losses = ['0.5602', '1.2488'] lr = 0.000001
2026-05-17 10:20:15,438 - base - INFO - [Epoch 0/300][Batch 4521/9303] BatchTime = 0.654 (s) DataTime = 0.001 (s) Losses = ['0.5571', '1.4642'] lr = 0.000001
2026-05-17 10:20:28,484 - base - INFO - [Epoch 0/300][Batch 4541/9303] BatchTime = 0.647 (s) DataTime = 0.002 (s) Losses = ['0.6265', '1.2075'] lr = 0.000001
2026-05-17 10:20:41,509 - base - INFO - [Epoch 0/300][Batch 4561/9303] BatchTime = 0.649 (s) DataTime = 0.001 (s) Losses = ['0.6135', '1.4220'] lr = 0.000001
2026-05-17 10:20:54,620 - base - INFO - [Epoch 0/300][Batch 4581/9303] BatchTime = 0.648 (s) DataTime = 0.001 (s) Losses = ['0.4826', '0.9859'] lr = 0.000001
2026-05-17 10:21:07,676 - base - INFO - [Epoch 0/300][Batch 4601/9303] BatchTime = 0.655 (s) DataTime = 0.001 (s) Losses = ['0.5710', '1.1375'] lr = 0.000001
2026-05-17 10:21:20,717 - base - INFO - [Epoch 0/300][Batch 4621/9303] BatchTime = 0.663 (s) DataTime = 0.002 (s) Losses = ['0.6660', '1.7312'] lr = 0.000001
2026-05-17 10:21:33,752 - base - INFO - [Epoch 0/300][Batch 4641/9303] BatchTime = 0.648 (s) DataTime = 0.002 (s) Losses = ['0.6790', '1.5103'] lr = 0.000001
2026-05-17 10:21:46,795 - base - INFO - [Epoch 0/300][Batch 4661/9303] BatchTime = 0.649 (s) DataTime = 0.001 (s) Losses = ['0.6239', '1.4780'] lr = 0.000001
2026-05-17 10:21:59,834 - base - INFO - [Epoch 0/300][Batch 4681/9303] BatchTime = 0.657 (s) DataTime = 0.001 (s) Losses = ['0.5906', '1.3981'] lr = 0.000001
2026-05-17 10:22:12,914 - base - INFO - [Epoch 0/300][Batch 4701/9303] BatchTime = 0.648 (s) DataTime = 0.002 (s) Losses = ['0.6442', '0.9512'] lr = 0.000001
2026-05-17 10:22:25,976 - base - INFO - [Epoch 0/300][Batch 4721/9303] BatchTime = 0.649 (s) DataTime = 0.001 (s) Losses = ['0.5501', '1.2332'] lr = 0.000001
2026-05-17 10:22:38,990 - base - INFO - [Epoch 0/300][Batch 4741/9303] BatchTime = 0.654 (s) DataTime = 0.002 (s) Losses = ['0.5448', '1.0147'] lr = 0.000001
2026-05-17 10:22:52,021 - base - INFO - [Epoch 0/300][Batch 4761/9303] BatchTime = 0.649 (s) DataTime = 0.001 (s) Losses = ['0.6612', '1.1853'] lr = 0.000001
2026-05-17 10:23:05,039 - base - INFO - [Epoch 0/300][Batch 4781/9303] BatchTime = 0.650 (s) DataTime = 0.002 (s) Losses = ['0.5885', '0.8998'] lr = 0.000001
2026-05-17 10:23:18,116 - base - INFO - [Epoch 0/300][Batch 4801/9303] BatchTime = 0.655 (s) DataTime = 0.001 (s) Losses = ['0.5780', '1.0357'] lr = 0.000001
2026-05-17 10:23:31,130 - base - INFO - [Epoch 0/300][Batch 4821/9303] BatchTime = 0.650 (s) DataTime = 0.002 (s) Losses = ['0.6387', '1.1942'] lr = 0.000001
2026-05-17 10:23:44,246 - base - INFO - [Epoch 0/300][Batch 4841/9303] BatchTime = 0.655 (s) DataTime = 0.001 (s) Losses = ['0.6400', '1.1542'] lr = 0.000001
2026-05-17 10:23:57,295 - base - INFO - [Epoch 0/300][Batch 4861/9303] BatchTime = 0.649 (s) DataTime = 0.002 (s) Losses = ['0.6185', '1.2753'] lr = 0.000001
2026-05-17 10:24:10,356 - base - INFO - [Epoch 0/300][Batch 4881/9303] BatchTime = 0.648 (s) DataTime = 0.001 (s) Losses = ['0.5622', '1.0850'] lr = 0.000001
2026-05-17 10:24:23,374 - base - INFO - [Epoch 0/300][Batch 4901/9303] BatchTime = 0.651 (s) DataTime = 0.002 (s) Losses = ['0.5667', '1.5403'] lr = 0.000001
2026-05-17 10:24:36,388 - base - INFO - [Epoch 0/300][Batch 4921/9303] BatchTime = 0.654 (s) DataTime = 0.001 (s) Losses = ['0.5707', '0.9838'] lr = 0.000001
2026-05-17 10:24:49,446 - base - INFO - [Epoch 0/300][Batch 4941/9303] BatchTime = 0.649 (s) DataTime = 0.002 (s) Losses = ['0.5904', '1.0707'] lr = 0.000001
2026-05-17 10:25:02,524 - base - INFO - [Epoch 0/300][Batch 4961/9303] BatchTime = 0.646 (s) DataTime = 0.001 (s) Losses = ['0.5194', '0.6997'] lr = 0.000001
2026-05-17 10:25:15,547 - base - INFO - [Epoch 0/300][Batch 4981/9303] BatchTime = 0.649 (s) DataTime = 0.002 (s) Losses = ['0.6012', '1.7075'] lr = 0.000001
2026-05-17 10:25:28,579 - base - INFO - [Epoch 0/300][Batch 5001/9303] BatchTime = 0.650 (s) DataTime = 0.002 (s) Losses = ['0.6712', '1.4744'] lr = 0.000001
2026-05-17 10:25:41,647 - base - INFO - [Epoch 0/300][Batch 5021/9303] BatchTime = 0.666 (s) DataTime = 0.002 (s) Losses = ['0.5536', '1.1393'] lr = 0.000001
2026-05-17 10:25:54,675 - base - INFO - [Epoch 0/300][Batch 5041/9303] BatchTime = 0.647 (s) DataTime = 0.002 (s) Losses = ['0.5945', '0.8823'] lr = 0.000001
2026-05-17 10:26:07,709 - base - INFO - [Epoch 0/300][Batch 5061/9303] BatchTime = 0.650 (s) DataTime = 0.002 (s) Losses = ['0.6327', '0.8576'] lr = 0.000001
2026-05-17 10:26:20,769 - base - INFO - [Epoch 0/300][Batch 5081/9303] BatchTime = 0.645 (s) DataTime = 0.002 (s) Losses = ['0.5694', '1.1097'] lr = 0.000001
2026-05-17 10:26:33,792 - base - INFO - [Epoch 0/300][Batch 5101/9303] BatchTime = 0.649 (s) DataTime = 0.002 (s) Losses = ['0.6168', '1.3650'] lr = 0.000001
2026-05-17 10:26:46,836 - base - INFO - [Epoch 0/300][Batch 5121/9303] BatchTime = 0.650 (s) DataTime = 0.001 (s) Losses = ['0.5609', '1.2062'] lr = 0.000001
2026-05-17 10:26:59,884 - base - INFO - [Epoch 0/300][Batch 5141/9303] BatchTime = 0.648 (s) DataTime = 0.001 (s) Losses = ['0.5870', '1.7860'] lr = 0.000001
2026-05-17 10:27:12,916 - base - INFO - [Epoch 0/300][Batch 5161/9303] BatchTime = 0.647 (s) DataTime = 0.001 (s) Losses = ['0.5798', '1.0689'] lr = 0.000001
2026-05-17 10:27:25,954 - base - INFO - [Epoch 0/300][Batch 5181/9303] BatchTime = 0.649 (s) DataTime = 0.002 (s) Losses = ['0.6246', '0.9578'] lr = 0.000001
2026-05-17 10:27:39,048 - base - INFO - [Epoch 0/300][Batch 5201/9303] BatchTime = 0.657 (s) DataTime = 0.002 (s) Losses = ['0.5667', '0.8909'] lr = 0.000001
2026-05-17 10:27:52,107 - base - INFO - [Epoch 0/300][Batch 5221/9303] BatchTime = 0.678 (s) DataTime = 0.002 (s) Losses = ['0.6209', '1.1407'] lr = 0.000001
2026-05-17 10:28:05,139 - base - INFO - [Epoch 0/300][Batch 5241/9303] BatchTime = 0.649 (s) DataTime = 0.002 (s) Losses = ['0.5605', '1.2605'] lr = 0.000001
2026-05-17 10:28:18,210 - base - INFO - [Epoch 0/300][Batch 5261/9303] BatchTime = 0.650 (s) DataTime = 0.002 (s) Losses = ['0.5966', '1.0543'] lr = 0.000001
2026-05-17 10:28:31,235 - base - INFO - [Epoch 0/300][Batch 5281/9303] BatchTime = 0.649 (s) DataTime = 0.001 (s) Losses = ['0.5611', '1.0656'] lr = 0.000001
2026-05-17 10:28:44,268 - base - INFO - [Epoch 0/300][Batch 5301/9303] BatchTime = 0.650 (s) DataTime = 0.001 (s) Losses = ['0.6212', '1.1939'] lr = 0.000001
2026-05-17 10:28:57,365 - base - INFO - [Epoch 0/300][Batch 5321/9303] BatchTime = 0.648 (s) DataTime = 0.001 (s) Losses = ['0.6648', '0.8085'] lr = 0.000001
2026-05-17 10:29:10,460 - base - INFO - [Epoch 0/300][Batch 5341/9303] BatchTime = 0.652 (s) DataTime = 0.002 (s) Losses = ['0.6519', '1.2235'] lr = 0.000001
2026-05-17 10:29:23,485 - base - INFO - [Epoch 0/300][Batch 5361/9303] BatchTime = 0.654 (s) DataTime = 0.002 (s) Losses = ['0.5538', '1.2576'] lr = 0.000001
2026-05-17 10:29:36,496 - base - INFO - [Epoch 0/300][Batch 5381/9303] BatchTime = 0.651 (s) DataTime = 0.002 (s) Losses = ['0.7509', '1.2338'] lr = 0.000001
2026-05-17 10:29:49,533 - base - INFO - [Epoch 0/300][Batch 5401/9303] BatchTime = 0.650 (s) DataTime = 0.001 (s) Losses = ['0.6048', '1.2387'] lr = 0.000001
2026-05-17 10:30:02,600 - base - INFO - [Epoch 0/300][Batch 5421/9303] BatchTime = 0.653 (s) DataTime = 0.002 (s) Losses = ['0.5631', '1.1160'] lr = 0.000001
2026-05-17 10:30:15,673 - base - INFO - [Epoch 0/300][Batch 5441/9303] BatchTime = 0.654 (s) DataTime = 0.002 (s) Losses = ['0.5505', '1.1056'] lr = 0.000001
2026-05-17 10:30:28,704 - base - INFO - [Epoch 0/300][Batch 5461/9303] BatchTime = 0.659 (s) DataTime = 0.002 (s) Losses = ['0.5663', '1.4156'] lr = 0.000001
2026-05-17 10:30:41,752 - base - INFO - [Epoch 0/300][Batch 5481/9303] BatchTime = 0.654 (s) DataTime = 0.001 (s) Losses = ['0.6077', '0.9161'] lr = 0.000001
2026-05-17 10:30:54,811 - base - INFO - [Epoch 0/300][Batch 5501/9303] BatchTime = 0.648 (s) DataTime = 0.001 (s) Losses = ['0.4664', '1.0848'] lr = 0.000001
2026-05-17 10:31:07,847 - base - INFO - [Epoch 0/300][Batch 5521/9303] BatchTime = 0.649 (s) DataTime = 0.001 (s) Losses = ['0.5310', '0.9985'] lr = 0.000001
2026-05-17 10:31:20,850 - base - INFO - [Epoch 0/300][Batch 5541/9303] BatchTime = 0.651 (s) DataTime = 0.002 (s) Losses = ['0.5497', '0.8020'] lr = 0.000001
2026-05-17 10:31:33,896 - base - INFO - [Epoch 0/300][Batch 5561/9303] BatchTime = 0.648 (s) DataTime = 0.002 (s) Losses = ['0.5557', '1.2520'] lr = 0.000001
2026-05-17 10:31:46,972 - base - INFO - [Epoch 0/300][Batch 5581/9303] BatchTime = 0.651 (s) DataTime = 0.002 (s) Losses = ['0.6811', '1.0332'] lr = 0.000001
2026-05-17 10:32:00,001 - base - INFO - [Epoch 0/300][Batch 5601/9303] BatchTime = 0.654 (s) DataTime = 0.002 (s) Losses = ['0.5732', '1.2110'] lr = 0.000001
2026-05-17 10:32:13,032 - base - INFO - [Epoch 0/300][Batch 5621/9303] BatchTime = 0.646 (s) DataTime = 0.001 (s) Losses = ['0.6384', '0.9049'] lr = 0.000001
2026-05-17 10:32:26,077 - base - INFO - [Epoch 0/300][Batch 5641/9303] BatchTime = 0.650 (s) DataTime = 0.002 (s) Losses = ['0.5951', '1.1612'] lr = 0.000001
2026-05-17 10:32:39,104 - base - INFO - [Epoch 0/300][Batch 5661/9303] BatchTime = 0.650 (s) DataTime = 0.002 (s) Losses = ['0.6276', '1.0606'] lr = 0.000001
2026-05-17 10:32:52,157 - base - INFO - [Epoch 0/300][Batch 5681/9303] BatchTime = 0.647 (s) DataTime = 0.002 (s) Losses = ['0.7008', '1.1752'] lr = 0.000001
2026-05-17 10:33:05,187 - base - INFO - [Epoch 0/300][Batch 5701/9303] BatchTime = 0.649 (s) DataTime = 0.002 (s) Losses = ['0.5643', '1.2923'] lr = 0.000001
2026-05-17 10:33:18,308 - base - INFO - [Epoch 0/300][Batch 5721/9303] BatchTime = 0.648 (s) DataTime = 0.001 (s) Losses = ['0.5948', '1.3479'] lr = 0.000001
2026-05-17 10:33:31,347 - base - INFO - [Epoch 0/300][Batch 5741/9303] BatchTime = 0.651 (s) DataTime = 0.002 (s) Losses = ['0.6078', '1.2732'] lr = 0.000001
2026-05-17 10:33:44,416 - base - INFO - [Epoch 0/300][Batch 5761/9303] BatchTime = 0.648 (s) DataTime = 0.001 (s) Losses = ['0.5942', '0.8777'] lr = 0.000001
2026-05-17 10:33:57,522 - base - INFO - [Epoch 0/300][Batch 5781/9303] BatchTime = 0.650 (s) DataTime = 0.002 (s) Losses = ['0.6439', '1.3220'] lr = 0.000001
2026-05-17 10:34:10,568 - base - INFO - [Epoch 0/300][Batch 5801/9303] BatchTime = 0.652 (s) DataTime = 0.002 (s) Losses = ['0.6197', '1.0723'] lr = 0.000001
2026-05-17 10:34:23,624 - base - INFO - [Epoch 0/300][Batch 5821/9303] BatchTime = 0.651 (s) DataTime = 0.002 (s) Losses = ['0.5556', '1.1650'] lr = 0.000001
2026-05-17 10:34:36,655 - base - INFO - [Epoch 0/300][Batch 5841/9303] BatchTime = 0.656 (s) DataTime = 0.001 (s) Losses = ['0.5771', '1.0947'] lr = 0.000001
2026-05-17 10:34:49,704 - base - INFO - [Epoch 0/300][Batch 5861/9303] BatchTime = 0.656 (s) DataTime = 0.002 (s) Losses = ['0.5528', '0.6571'] lr = 0.000001
2026-05-17 10:35:02,759 - base - INFO - [Epoch 0/300][Batch 5881/9303] BatchTime = 0.650 (s) DataTime = 0.002 (s) Losses = ['0.6245', '1.2359'] lr = 0.000001
2026-05-17 10:35:15,789 - base - INFO - [Epoch 0/300][Batch 5901/9303] BatchTime = 0.651 (s) DataTime = 0.001 (s) Losses = ['0.6216', '1.5488'] lr = 0.000001
2026-05-17 10:35:28,813 - base - INFO - [Epoch 0/300][Batch 5921/9303] BatchTime = 0.646 (s) DataTime = 0.002 (s) Losses = ['0.5667', '1.0927'] lr = 0.000001
2026-05-17 10:35:41,829 - base - INFO - [Epoch 0/300][Batch 5941/9303] BatchTime = 0.649 (s) DataTime = 0.001 (s) Losses = ['0.6107', '1.2528'] lr = 0.000001
2026-05-17 10:35:54,896 - base - INFO - [Epoch 0/300][Batch 5961/9303] BatchTime = 0.650 (s) DataTime = 0.001 (s) Losses = ['0.6419', '1.2398'] lr = 0.000001
2026-05-17 10:36:07,947 - base - INFO - [Epoch 0/300][Batch 5981/9303] BatchTime = 0.648 (s) DataTime = 0.001 (s) Losses = ['0.5392', '1.0211'] lr = 0.000001
2026-05-17 10:36:20,971 - base - INFO - [Epoch 0/300][Batch 6001/9303] BatchTime = 0.648 (s) DataTime = 0.002 (s) Losses = ['0.5773', '1.3871'] lr = 0.000001
2026-05-17 10:36:33,996 - base - INFO - [Epoch 0/300][Batch 6021/9303] BatchTime = 0.648 (s) DataTime = 0.002 (s) Losses = ['0.5175', '1.3347'] lr = 0.000001
2026-05-17 10:36:47,034 - base - INFO - [Epoch 0/300][Batch 6041/9303] BatchTime = 0.652 (s) DataTime = 0.002 (s) Losses = ['0.5620', '0.9288'] lr = 0.000001
2026-05-17 10:37:00,062 - base - INFO - [Epoch 0/300][Batch 6061/9303] BatchTime = 0.650 (s) DataTime = 0.002 (s) Losses = ['0.5166', '0.9956'] lr = 0.000001
2026-05-17 10:37:13,082 - base - INFO - [Epoch 0/300][Batch 6081/9303] BatchTime = 0.648 (s) DataTime = 0.001 (s) Losses = ['0.5994', '1.0107'] lr = 0.000001
2026-05-17 10:37:26,133 - base - INFO - [Epoch 0/300][Batch 6101/9303] BatchTime = 0.650 (s) DataTime = 0.002 (s) Losses = ['0.4863', '0.8461'] lr = 0.000001
2026-05-17 10:37:39,143 - base - INFO - [Epoch 0/300][Batch 6121/9303] BatchTime = 0.653 (s) DataTime = 0.001 (s) Losses = ['0.5851', '1.0775'] lr = 0.000001
2026-05-17 10:37:52,151 - base - INFO - [Epoch 0/300][Batch 6141/9303] BatchTime = 0.653 (s) DataTime = 0.002 (s) Losses = ['0.5876', '1.2862'] lr = 0.000001
2026-05-17 10:38:05,193 - base - INFO - [Epoch 0/300][Batch 6161/9303] BatchTime = 0.649 (s) DataTime = 0.001 (s) Losses = ['0.6424', '1.4724'] lr = 0.000001
2026-05-17 10:38:18,231 - base - INFO - [Epoch 0/300][Batch 6181/9303] BatchTime = 0.653 (s) DataTime = 0.002 (s) Losses = ['0.7022', '1.1480'] lr = 0.000001
2026-05-17 10:38:31,258 - base - INFO - [Epoch 0/300][Batch 6201/9303] BatchTime = 0.648 (s) DataTime = 0.002 (s) Losses = ['0.6363', '1.1942'] lr = 0.000001
2026-05-17 10:38:44,296 - base - INFO - [Epoch 0/300][Batch 6221/9303] BatchTime = 0.651 (s) DataTime = 0.001 (s) Losses = ['0.5586', '0.7032'] lr = 0.000001
2026-05-17 10:38:57,336 - base - INFO - [Epoch 0/300][Batch 6241/9303] BatchTime = 0.658 (s) DataTime = 0.002 (s) Losses = ['0.5342', '0.8934'] lr = 0.000001
2026-05-17 10:39:10,392 - base - INFO - [Epoch 0/300][Batch 6261/9303] BatchTime = 0.651 (s) DataTime = 0.001 (s) Losses = ['0.6338', '1.1654'] lr = 0.000001
2026-05-17 10:39:23,420 - base - INFO - [Epoch 0/300][Batch 6281/9303] BatchTime = 0.646 (s) DataTime = 0.001 (s) Losses = ['0.5778', '1.1681'] lr = 0.000001
2026-05-17 10:39:36,489 - base - INFO - [Epoch 0/300][Batch 6301/9303] BatchTime = 0.651 (s) DataTime = 0.002 (s) Losses = ['0.6641', '1.3729'] lr = 0.000001
2026-05-17 10:39:49,526 - base - INFO - [Epoch 0/300][Batch 6321/9303] BatchTime = 0.659 (s) DataTime = 0.002 (s) Losses = ['0.5859', '1.1999'] lr = 0.000001
2026-05-17 10:40:02,560 - base - INFO - [Epoch 0/300][Batch 6341/9303] BatchTime = 0.661 (s) DataTime = 0.001 (s) Losses = ['0.5805', '0.7521'] lr = 0.000001
2026-05-17 10:40:15,586 - base - INFO - [Epoch 0/300][Batch 6361/9303] BatchTime = 0.659 (s) DataTime = 0.002 (s) Losses = ['0.5317', '1.2714'] lr = 0.000001
2026-05-17 10:40:28,642 - base - INFO - [Epoch 0/300][Batch 6381/9303] BatchTime = 0.647 (s) DataTime = 0.001 (s) Losses = ['0.6012', '1.0372'] lr = 0.000001
2026-05-17 10:40:41,657 - base - INFO - [Epoch 0/300][Batch 6401/9303] BatchTime = 0.649 (s) DataTime = 0.001 (s) Losses = ['0.5686', '1.3309'] lr = 0.000001
2026-05-17 10:40:54,723 - base - INFO - [Epoch 0/300][Batch 6421/9303] BatchTime = 0.655 (s) DataTime = 0.002 (s) Losses = ['0.5579', '1.1400'] lr = 0.000001
2026-05-17 10:41:07,762 - base - INFO - [Epoch 0/300][Batch 6441/9303] BatchTime = 0.671 (s) DataTime = 0.001 (s) Losses = ['0.5312', '1.4067'] lr = 0.000001
2026-05-17 10:41:20,805 - base - INFO - [Epoch 0/300][Batch 6461/9303] BatchTime = 0.648 (s) DataTime = 0.002 (s) Losses = ['0.6583', '1.0859'] lr = 0.000001
2026-05-17 10:41:33,850 - base - INFO - [Epoch 0/300][Batch 6481/9303] BatchTime = 0.652 (s) DataTime = 0.002 (s) Losses = ['0.5756', '1.2249'] lr = 0.000001
2026-05-17 10:41:46,863 - base - INFO - [Epoch 0/300][Batch 6501/9303] BatchTime = 0.650 (s) DataTime = 0.002 (s) Losses = ['0.6045', '1.0275'] lr = 0.000001
2026-05-17 10:41:59,923 - base - INFO - [Epoch 0/300][Batch 6521/9303] BatchTime = 0.648 (s) DataTime = 0.001 (s) Losses = ['0.6174', '1.3658'] lr = 0.000001
2026-05-17 10:42:12,958 - base - INFO - [Epoch 0/300][Batch 6541/9303] BatchTime = 0.657 (s) DataTime = 0.001 (s) Losses = ['0.5619', '1.0540'] lr = 0.000001
2026-05-17 10:42:26,017 - base - INFO - [Epoch 0/300][Batch 6561/9303] BatchTime = 0.647 (s) DataTime = 0.001 (s) Losses = ['0.6296', '1.4296'] lr = 0.000001
2026-05-17 10:42:39,048 - base - INFO - [Epoch 0/300][Batch 6581/9303] BatchTime = 0.649 (s) DataTime = 0.001 (s) Losses = ['0.5887', '0.9725'] lr = 0.000001
2026-05-17 10:42:52,097 - base - INFO - [Epoch 0/300][Batch 6601/9303] BatchTime = 0.653 (s) DataTime = 0.002 (s) Losses = ['0.6124', '1.0926'] lr = 0.000001
2026-05-17 10:43:05,148 - base - INFO - [Epoch 0/300][Batch 6621/9303] BatchTime = 0.649 (s) DataTime = 0.002 (s) Losses = ['0.5754', '1.4702'] lr = 0.000001
2026-05-17 10:43:18,164 - base - INFO - [Epoch 0/300][Batch 6641/9303] BatchTime = 0.653 (s) DataTime = 0.001 (s) Losses = ['0.6404', '1.6309'] lr = 0.000001
2026-05-17 10:43:31,241 - base - INFO - [Epoch 0/300][Batch 6661/9303] BatchTime = 0.650 (s) DataTime = 0.001 (s) Losses = ['0.5958', '1.5701'] lr = 0.000001
2026-05-17 10:43:44,286 - base - INFO - [Epoch 0/300][Batch 6681/9303] BatchTime = 0.662 (s) DataTime = 0.001 (s) Losses = ['0.5895', '1.4257'] lr = 0.000001
2026-05-17 10:43:57,312 - base - INFO - [Epoch 0/300][Batch 6701/9303] BatchTime = 0.652 (s) DataTime = 0.002 (s) Losses = ['0.5481', '1.0292'] lr = 0.000001
2026-05-17 10:44:10,334 - base - INFO - [Epoch 0/300][Batch 6721/9303] BatchTime = 0.651 (s) DataTime = 0.002 (s) Losses = ['0.5557', '1.2155'] lr = 0.000001
2026-05-17 10:44:23,410 - base - INFO - [Epoch 0/300][Batch 6741/9303] BatchTime = 0.649 (s) DataTime = 0.001 (s) Losses = ['0.5873', '1.3491'] lr = 0.000001
2026-05-17 10:44:36,427 - base - INFO - [Epoch 0/300][Batch 6761/9303] BatchTime = 0.648 (s) DataTime = 0.001 (s) Losses = ['0.5492', '1.0049'] lr = 0.000001
2026-05-17 10:44:49,458 - base - INFO - [Epoch 0/300][Batch 6781/9303] BatchTime = 0.649 (s) DataTime = 0.002 (s) Losses = ['0.6632', '1.0265'] lr = 0.000001
2026-05-17 10:45:02,588 - base - INFO - [Epoch 0/300][Batch 6801/9303] BatchTime = 0.650 (s) DataTime = 0.001 (s) Losses = ['0.5978', '1.1681'] lr = 0.000001
2026-05-17 10:45:15,622 - base - INFO - [Epoch 0/300][Batch 6821/9303] BatchTime = 0.656 (s) DataTime = 0.001 (s) Losses = ['0.6208', '1.2464'] lr = 0.000001
2026-05-17 10:45:28,679 - base - INFO - [Epoch 0/300][Batch 6841/9303] BatchTime = 0.654 (s) DataTime = 0.001 (s) Losses = ['0.5444', '1.1491'] lr = 0.000001
2026-05-17 10:45:41,701 - base - INFO - [Epoch 0/300][Batch 6861/9303] BatchTime = 0.649 (s) DataTime = 0.001 (s) Losses = ['0.5615', '1.0360'] lr = 0.000001
2026-05-17 10:45:54,772 - base - INFO - [Epoch 0/300][Batch 6881/9303] BatchTime = 0.651 (s) DataTime = 0.001 (s) Losses = ['0.5858', '1.2420'] lr = 0.000001
2026-05-17 10:46:07,802 - base - INFO - [Epoch 0/300][Batch 6901/9303] BatchTime = 0.647 (s) DataTime = 0.002 (s) Losses = ['0.5604', '1.1285'] lr = 0.000001
2026-05-17 10:46:20,858 - base - INFO - [Epoch 0/300][Batch 6921/9303] BatchTime = 0.650 (s) DataTime = 0.002 (s) Losses = ['0.6126', '1.0958'] lr = 0.000001
2026-05-17 10:46:33,878 - base - INFO - [Epoch 0/300][Batch 6941/9303] BatchTime = 0.651 (s) DataTime = 0.002 (s) Losses = ['0.5979', '1.0125'] lr = 0.000001
2026-05-17 10:46:46,938 - base - INFO - [Epoch 0/300][Batch 6961/9303] BatchTime = 0.646 (s) DataTime = 0.001 (s) Losses = ['0.6016', '1.1632'] lr = 0.000001
2026-05-17 10:46:59,947 - base - INFO - [Epoch 0/300][Batch 6981/9303] BatchTime = 0.647 (s) DataTime = 0.002 (s) Losses = ['0.5599', '1.3361'] lr = 0.000001
2026-05-17 10:47:12,999 - base - INFO - [Epoch 0/300][Batch 7001/9303] BatchTime = 0.650 (s) DataTime = 0.002 (s) Losses = ['0.6073', '1.2724'] lr = 0.000001
2026-05-17 10:47:26,022 - base - INFO - [Epoch 0/300][Batch 7021/9303] BatchTime = 0.647 (s) DataTime = 0.001 (s) Losses = ['0.6190', '1.3217'] lr = 0.000001
2026-05-17 10:47:39,072 - base - INFO - [Epoch 0/300][Batch 7041/9303] BatchTime = 0.648 (s) DataTime = 0.002 (s) Losses = ['0.5782', '1.5211'] lr = 0.000001
2026-05-17 10:47:52,152 - base - INFO - [Epoch 0/300][Batch 7061/9303] BatchTime = 0.651 (s) DataTime = 0.002 (s) Losses = ['0.6240', '1.1273'] lr = 0.000001
2026-05-17 10:48:05,188 - base - INFO - [Epoch 0/300][Batch 7081/9303] BatchTime = 0.658 (s) DataTime = 0.002 (s) Losses = ['0.6502', '1.0341'] lr = 0.000001
2026-05-17 10:48:18,202 - base - INFO - [Epoch 0/300][Batch 7101/9303] BatchTime = 0.649 (s) DataTime = 0.002 (s) Losses = ['0.6424', '1.1946'] lr = 0.000001
2026-05-17 10:48:31,278 - base - INFO - [Epoch 0/300][Batch 7121/9303] BatchTime = 0.649 (s) DataTime = 0.002 (s) Losses = ['0.6256', '1.3248'] lr = 0.000001
2026-05-17 10:48:44,304 - base - INFO - [Epoch 0/300][Batch 7141/9303] BatchTime = 0.657 (s) DataTime = 0.002 (s) Losses = ['0.5800', '1.3727'] lr = 0.000001
2026-05-17 10:48:57,347 - base - INFO - [Epoch 0/300][Batch 7161/9303] BatchTime = 0.648 (s) DataTime = 0.001 (s) Losses = ['0.6125', '1.1341'] lr = 0.000001
2026-05-17 10:49:10,382 - base - INFO - [Epoch 0/300][Batch 7181/9303] BatchTime = 0.649 (s) DataTime = 0.002 (s) Losses = ['0.6205', '1.3001'] lr = 0.000001
2026-05-17 10:49:23,409 - base - INFO - [Epoch 0/300][Batch 7201/9303] BatchTime = 0.646 (s) DataTime = 0.001 (s) Losses = ['0.5952', '1.3688'] lr = 0.000001
2026-05-17 10:49:36,440 - base - INFO - [Epoch 0/300][Batch 7221/9303] BatchTime = 0.650 (s) DataTime = 0.002 (s) Losses = ['0.6813', '1.1254'] lr = 0.000001
2026-05-17 10:49:49,456 - base - INFO - [Epoch 0/300][Batch 7241/9303] BatchTime = 0.649 (s) DataTime = 0.002 (s) Losses = ['0.5344', '1.1043'] lr = 0.000001
2026-05-17 10:50:02,499 - base - INFO - [Epoch 0/300][Batch 7261/9303] BatchTime = 0.646 (s) DataTime = 0.001 (s) Losses = ['0.5804', '1.4238'] lr = 0.000001
2026-05-17 10:50:15,543 - base - INFO - [Epoch 0/300][Batch 7281/9303] BatchTime = 0.650 (s) DataTime = 0.001 (s) Losses = ['0.5877', '1.0708'] lr = 0.000001
2026-05-17 10:50:28,554 - base - INFO - [Epoch 0/300][Batch 7301/9303] BatchTime = 0.651 (s) DataTime = 0.002 (s) Losses = ['0.6137', '1.3864'] lr = 0.000001
2026-05-17 10:50:41,586 - base - INFO - [Epoch 0/300][Batch 7321/9303] BatchTime = 0.650 (s) DataTime = 0.001 (s) Losses = ['0.5162', '0.7859'] lr = 0.000001
2026-05-17 10:50:54,619 - base - INFO - [Epoch 0/300][Batch 7341/9303] BatchTime = 0.649 (s) DataTime = 0.002 (s) Losses = ['0.6220', '1.2967'] lr = 0.000001
2026-05-17 10:51:07,679 - base - INFO - [Epoch 0/300][Batch 7361/9303] BatchTime = 0.656 (s) DataTime = 0.001 (s) Losses = ['0.6497', '1.3987'] lr = 0.000001
2026-05-17 10:51:20,701 - base - INFO - [Epoch 0/300][Batch 7381/9303] BatchTime = 0.650 (s) DataTime = 0.002 (s) Losses = ['0.5962', '1.3720'] lr = 0.000001
2026-05-17 10:51:33,725 - base - INFO - [Epoch 0/300][Batch 7401/9303] BatchTime = 0.650 (s) DataTime = 0.002 (s) Losses = ['0.5793', '0.8984'] lr = 0.000001
2026-05-17 10:51:46,756 - base - INFO - [Epoch 0/300][Batch 7421/9303] BatchTime = 0.645 (s) DataTime = 0.001 (s) Losses = ['0.5718', '1.1933'] lr = 0.000001
2026-05-17 10:51:59,766 - base - INFO - [Epoch 0/300][Batch 7441/9303] BatchTime = 0.649 (s) DataTime = 0.002 (s) Losses = ['0.5957', '1.2239'] lr = 0.000001
2026-05-17 10:52:12,819 - base - INFO - [Epoch 0/300][Batch 7461/9303] BatchTime = 0.651 (s) DataTime = 0.001 (s) Losses = ['0.6067', '1.0224'] lr = 0.000001
2026-05-17 10:52:25,881 - base - INFO - [Epoch 0/300][Batch 7481/9303] BatchTime = 0.649 (s) DataTime = 0.002 (s) Losses = ['0.5607', '1.2695'] lr = 0.000001
2026-05-17 10:52:38,897 - base - INFO - [Epoch 0/300][Batch 7501/9303] BatchTime = 0.649 (s) DataTime = 0.002 (s) Losses = ['0.7129', '1.3223'] lr = 0.000001
2026-05-17 10:52:51,937 - base - INFO - [Epoch 0/300][Batch 7521/9303] BatchTime = 0.652 (s) DataTime = 0.002 (s) Losses = ['0.6256', '1.2266'] lr = 0.000001
2026-05-17 10:53:05,028 - base - INFO - [Epoch 0/300][Batch 7541/9303] BatchTime = 0.649 (s) DataTime = 0.002 (s) Losses = ['0.5961', '1.5759'] lr = 0.000001
2026-05-17 10:53:18,053 - base - INFO - [Epoch 0/300][Batch 7561/9303] BatchTime = 0.649 (s) DataTime = 0.001 (s) Losses = ['0.5931', '1.2456'] lr = 0.000001
2026-05-17 10:53:31,095 - base - INFO - [Epoch 0/300][Batch 7581/9303] BatchTime = 0.652 (s) DataTime = 0.002 (s) Losses = ['0.5711', '1.2286'] lr = 0.000001
2026-05-17 10:53:44,129 - base - INFO - [Epoch 0/300][Batch 7601/9303] BatchTime = 0.651 (s) DataTime = 0.001 (s) Losses = ['0.6739', '1.4350'] lr = 0.000001
2026-05-17 10:53:57,156 - base - INFO - [Epoch 0/300][Batch 7621/9303] BatchTime = 0.650 (s) DataTime = 0.002 (s) Losses = ['0.4905', '0.8128'] lr = 0.000001
2026-05-17 10:54:10,207 - base - INFO - [Epoch 0/300][Batch 7641/9303] BatchTime = 0.647 (s) DataTime = 0.001 (s) Losses = ['0.6074', '1.0424'] lr = 0.000001
2026-05-17 10:54:23,269 - base - INFO - [Epoch 0/300][Batch 7661/9303] BatchTime = 0.666 (s) DataTime = 0.001 (s) Losses = ['0.5467', '1.0647'] lr = 0.000001
2026-05-17 10:54:36,309 - base - INFO - [Epoch 0/300][Batch 7681/9303] BatchTime = 0.646 (s) DataTime = 0.002 (s) Losses = ['0.5810', '1.2303'] lr = 0.000001
2026-05-17 10:54:49,342 - base - INFO - [Epoch 0/300][Batch 7701/9303] BatchTime = 0.649 (s) DataTime = 0.002 (s) Losses = ['0.6365', '1.1367'] lr = 0.000001
2026-05-17 10:55:02,367 - base - INFO - [Epoch 0/300][Batch 7721/9303] BatchTime = 0.650 (s) DataTime = 0.001 (s) Losses = ['0.6376', '1.2247'] lr = 0.000001
2026-05-17 10:55:15,408 - base - INFO - [Epoch 0/300][Batch 7741/9303] BatchTime = 0.649 (s) DataTime = 0.002 (s) Losses = ['0.5899', '1.3366'] lr = 0.000001
2026-05-17 10:55:28,460 - base - INFO - [Epoch 0/300][Batch 7761/9303] BatchTime = 0.647 (s) DataTime = 0.001 (s) Losses = ['0.5475', '1.5092'] lr = 0.000001
2026-05-17 10:55:41,492 - base - INFO - [Epoch 0/300][Batch 7781/9303] BatchTime = 0.658 (s) DataTime = 0.002 (s) Losses = ['0.6362', '1.3477'] lr = 0.000001
2026-05-17 10:55:54,542 - base - INFO - [Epoch 0/300][Batch 7801/9303] BatchTime = 0.656 (s) DataTime = 0.002 (s) Losses = ['0.6377', '1.0560'] lr = 0.000001
2026-05-17 10:56:07,565 - base - INFO - [Epoch 0/300][Batch 7821/9303] BatchTime = 0.651 (s) DataTime = 0.002 (s) Losses = ['0.5837', '1.0473'] lr = 0.000001
2026-05-17 10:56:20,682 - base - INFO - [Epoch 0/300][Batch 7841/9303] BatchTime = 0.672 (s) DataTime = 0.002 (s) Losses = ['0.5233', '0.8402'] lr = 0.000001
2026-05-17 10:56:33,702 - base - INFO - [Epoch 0/300][Batch 7861/9303] BatchTime = 0.651 (s) DataTime = 0.002 (s) Losses = ['0.6278', '1.3406'] lr = 0.000001
2026-05-17 10:56:46,764 - base - INFO - [Epoch 0/300][Batch 7881/9303] BatchTime = 0.651 (s) DataTime = 0.001 (s) Losses = ['0.5529', '1.3651'] lr = 0.000001
2026-05-17 10:56:59,850 - base - INFO - [Epoch 0/300][Batch 7901/9303] BatchTime = 0.648 (s) DataTime = 0.001 (s) Losses = ['0.6328', '1.0377'] lr = 0.000001
2026-05-17 10:57:12,878 - base - INFO - [Epoch 0/300][Batch 7921/9303] BatchTime = 0.650 (s) DataTime = 0.002 (s) Losses = ['0.5889', '1.2178'] lr = 0.000001
2026-05-17 10:57:25,906 - base - INFO - [Epoch 0/300][Batch 7941/9303] BatchTime = 0.648 (s) DataTime = 0.002 (s) Losses = ['0.5691', '1.0688'] lr = 0.000001
2026-05-17 10:57:38,936 - base - INFO - [Epoch 0/300][Batch 7961/9303] BatchTime = 0.657 (s) DataTime = 0.001 (s) Losses = ['0.6297', '1.1254'] lr = 0.000001
2026-05-17 10:57:51,967 - base - INFO - [Epoch 0/300][Batch 7981/9303] BatchTime = 0.657 (s) DataTime = 0.002 (s) Losses = ['0.6528', '1.0924'] lr = 0.000001
2026-05-17 10:58:05,009 - base - INFO - [Epoch 0/300][Batch 8001/9303] BatchTime = 0.648 (s) DataTime = 0.002 (s) Losses = ['0.6538', '1.2766'] lr = 0.000001
2026-05-17 10:58:18,090 - base - INFO - [Epoch 0/300][Batch 8021/9303] BatchTime = 0.650 (s) DataTime = 0.002 (s) Losses = ['0.5237', '1.3694'] lr = 0.000001
2026-05-17 10:58:31,119 - base - INFO - [Epoch 0/300][Batch 8041/9303] BatchTime = 0.648 (s) DataTime = 0.001 (s) Losses = ['0.6214', '1.1788'] lr = 0.000001
2026-05-17 10:58:44,148 - base - INFO - [Epoch 0/300][Batch 8061/9303] BatchTime = 0.648 (s) DataTime = 0.002 (s) Losses = ['0.5854', '1.0976'] lr = 0.000001
2026-05-17 10:58:57,179 - base - INFO - [Epoch 0/300][Batch 8081/9303] BatchTime = 0.647 (s) DataTime = 0.001 (s) Losses = ['0.5950', '1.2061'] lr = 0.000001
2026-05-17 10:59:10,220 - base - INFO - [Epoch 0/300][Batch 8101/9303] BatchTime = 0.651 (s) DataTime = 0.002 (s) Losses = ['0.6920', '1.2436'] lr = 0.000001
2026-05-17 10:59:23,298 - base - INFO - [Epoch 0/300][Batch 8121/9303] BatchTime = 0.646 (s) DataTime = 0.002 (s) Losses = ['0.6360', '1.1733'] lr = 0.000001
2026-05-17 10:59:36,320 - base - INFO - [Epoch 0/300][Batch 8141/9303] BatchTime = 0.649 (s) DataTime = 0.002 (s) Losses = ['0.6170', '1.0070'] lr = 0.000001
2026-05-17 10:59:49,375 - base - INFO - [Epoch 0/300][Batch 8161/9303] BatchTime = 0.647 (s) DataTime = 0.001 (s) Losses = ['0.5543', '1.0140'] lr = 0.000001
2026-05-17 11:00:02,411 - base - INFO - [Epoch 0/300][Batch 8181/9303] BatchTime = 0.661 (s) DataTime = 0.002 (s) Losses = ['0.5237', '1.1620'] lr = 0.000001
2026-05-17 11:00:15,440 - base - INFO - [Epoch 0/300][Batch 8201/9303] BatchTime = 0.649 (s) DataTime = 0.001 (s) Losses = ['0.5914', '1.1202'] lr = 0.000001
2026-05-17 11:00:28,456 - base - INFO - [Epoch 0/300][Batch 8221/9303] BatchTime = 0.652 (s) DataTime = 0.001 (s) Losses = ['0.5494', '1.3554'] lr = 0.000001
2026-05-17 11:00:41,514 - base - INFO - [Epoch 0/300][Batch 8241/9303] BatchTime = 0.660 (s) DataTime = 0.002 (s) Losses = ['0.5638', '0.9906'] lr = 0.000001
2026-05-17 11:00:54,613 - base - INFO - [Epoch 0/300][Batch 8261/9303] BatchTime = 0.654 (s) DataTime = 0.002 (s) Losses = ['0.6749', '1.0946'] lr = 0.000001
2026-05-17 11:01:07,634 - base - INFO - [Epoch 0/300][Batch 8281/9303] BatchTime = 0.646 (s) DataTime = 0.001 (s) Losses = ['0.5498', '1.5172'] lr = 0.000001
2026-05-17 11:01:20,665 - base - INFO - [Epoch 0/300][Batch 8301/9303] BatchTime = 0.650 (s) DataTime = 0.001 (s) Losses = ['0.5605', '1.1448'] lr = 0.000001
2026-05-17 11:01:33,691 - base - INFO - [Epoch 0/300][Batch 8321/9303] BatchTime = 0.650 (s) DataTime = 0.002 (s) Losses = ['0.6498', '1.4483'] lr = 0.000001
2026-05-17 11:01:46,791 - base - INFO - [Epoch 0/300][Batch 8341/9303] BatchTime = 0.654 (s) DataTime = 0.001 (s) Losses = ['0.6682', '1.2123'] lr = 0.000001
2026-05-17 11:01:59,823 - base - INFO - [Epoch 0/300][Batch 8361/9303] BatchTime = 0.649 (s) DataTime = 0.002 (s) Losses = ['0.5482', '1.3598'] lr = 0.000001
2026-05-17 11:02:12,858 - base - INFO - [Epoch 0/300][Batch 8381/9303] BatchTime = 0.656 (s) DataTime = 0.002 (s) Losses = ['0.5715', '1.2072'] lr = 0.000001
2026-05-17 11:02:25,883 - base - INFO - [Epoch 0/300][Batch 8401/9303] BatchTime = 0.647 (s) DataTime = 0.001 (s) Losses = ['0.6011', '1.1626'] lr = 0.000001
2026-05-17 11:02:38,902 - base - INFO - [Epoch 0/300][Batch 8421/9303] BatchTime = 0.650 (s) DataTime = 0.002 (s) Losses = ['0.6152', '1.5019'] lr = 0.000001
2026-05-17 11:02:51,978 - base - INFO - [Epoch 0/300][Batch 8441/9303] BatchTime = 0.647 (s) DataTime = 0.001 (s) Losses = ['0.6176', '1.2022'] lr = 0.000001
2026-05-17 11:03:05,019 - base - INFO - [Epoch 0/300][Batch 8461/9303] BatchTime = 0.652 (s) DataTime = 0.002 (s) Losses = ['0.6799', '1.1997'] lr = 0.000001
2026-05-17 11:03:18,025 - base - INFO - [Epoch 0/300][Batch 8481/9303] BatchTime = 0.651 (s) DataTime = 0.001 (s) Losses = ['0.5280', '0.9695'] lr = 0.000001
2026-05-17 11:03:31,113 - base - INFO - [Epoch 0/300][Batch 8501/9303] BatchTime = 0.646 (s) DataTime = 0.002 (s) Losses = ['0.6594', '1.3808'] lr = 0.000001
2026-05-17 11:03:44,135 - base - INFO - [Epoch 0/300][Batch 8521/9303] BatchTime = 0.650 (s) DataTime = 0.001 (s) Losses = ['0.5106', '1.3293'] lr = 0.000001
2026-05-17 11:03:57,210 - base - INFO - [Epoch 0/300][Batch 8541/9303] BatchTime = 0.650 (s) DataTime = 0.002 (s) Losses = ['0.6811', '1.2379'] lr = 0.000001
2026-05-17 11:04:10,249 - base - INFO - [Epoch 0/300][Batch 8561/9303] BatchTime = 0.650 (s) DataTime = 0.002 (s) Losses = ['0.6179', '1.3183'] lr = 0.000001
2026-05-17 11:04:23,288 - base - INFO - [Epoch 0/300][Batch 8581/9303] BatchTime = 0.656 (s) DataTime = 0.001 (s) Losses = ['0.6586', '1.0794'] lr = 0.000001
2026-05-17 11:04:36,355 - base - INFO - [Epoch 0/300][Batch 8601/9303] BatchTime = 0.649 (s) DataTime = 0.001 (s) Losses = ['0.5991', '1.3366'] lr = 0.000001
2026-05-17 11:04:49,402 - base - INFO - [Epoch 0/300][Batch 8621/9303] BatchTime = 0.649 (s) DataTime = 0.001 (s) Losses = ['0.6256', '1.1924'] lr = 0.000001
2026-05-17 11:05:02,471 - base - INFO - [Epoch 0/300][Batch 8641/9303] BatchTime = 0.650 (s) DataTime = 0.001 (s) Losses = ['0.4851', '1.0061'] lr = 0.000001
2026-05-17 11:05:15,492 - base - INFO - [Epoch 0/300][Batch 8661/9303] BatchTime = 0.651 (s) DataTime = 0.002 (s) Losses = ['0.6277', '1.3516'] lr = 0.000001
2026-05-17 11:05:28,507 - base - INFO - [Epoch 0/300][Batch 8681/9303] BatchTime = 0.648 (s) DataTime = 0.001 (s) Losses = ['0.5632', '1.0024'] lr = 0.000001
2026-05-17 11:05:41,540 - base - INFO - [Epoch 0/300][Batch 8701/9303] BatchTime = 0.648 (s) DataTime = 0.002 (s) Losses = ['0.5668', '1.0136'] lr = 0.000001
2026-05-17 11:05:54,609 - base - INFO - [Epoch 0/300][Batch 8721/9303] BatchTime = 0.660 (s) DataTime = 0.001 (s) Losses = ['0.6251', '1.3622'] lr = 0.000001
2026-05-17 11:06:07,621 - base - INFO - [Epoch 0/300][Batch 8741/9303] BatchTime = 0.650 (s) DataTime = 0.001 (s) Losses = ['0.6749', '1.1229'] lr = 0.000001
2026-05-17 11:06:20,644 - base - INFO - [Epoch 0/300][Batch 8761/9303] BatchTime = 0.645 (s) DataTime = 0.001 (s) Losses = ['0.6649', '1.4352'] lr = 0.000001
2026-05-17 11:06:33,675 - base - INFO - [Epoch 0/300][Batch 8781/9303] BatchTime = 0.648 (s) DataTime = 0.001 (s) Losses = ['0.5596', '0.9964'] lr = 0.000001
2026-05-17 11:06:46,712 - base - INFO - [Epoch 0/300][Batch 8801/9303] BatchTime = 0.651 (s) DataTime = 0.002 (s) Losses = ['0.5371', '0.7323'] lr = 0.000001
2026-05-17 11:06:59,784 - base - INFO - [Epoch 0/300][Batch 8821/9303] BatchTime = 0.653 (s) DataTime = 0.001 (s) Losses = ['0.5617', '0.9469'] lr = 0.000001
2026-05-17 11:07:12,845 - base - INFO - [Epoch 0/300][Batch 8841/9303] BatchTime = 0.661 (s) DataTime = 0.001 (s) Losses = ['0.6852', '1.0840'] lr = 0.000001
2026-05-17 11:07:25,848 - base - INFO - [Epoch 0/300][Batch 8861/9303] BatchTime = 0.654 (s) DataTime = 0.002 (s) Losses = ['0.5519', '1.0361'] lr = 0.000001
2026-05-17 11:07:38,871 - base - INFO - [Epoch 0/300][Batch 8881/9303] BatchTime = 0.646 (s) DataTime = 0.001 (s) Losses = ['0.5586', '1.2421'] lr = 0.000001
2026-05-17 11:07:51,890 - base - INFO - [Epoch 0/300][Batch 8901/9303] BatchTime = 0.651 (s) DataTime = 0.002 (s) Losses = ['0.5438', '1.0605'] lr = 0.000001
2026-05-17 11:08:04,981 - base - INFO - [Epoch 0/300][Batch 8921/9303] BatchTime = 0.648 (s) DataTime = 0.002 (s) Losses = ['0.5546', '1.4260'] lr = 0.000001
2026-05-17 11:08:18,014 - base - INFO - [Epoch 0/300][Batch 8941/9303] BatchTime = 0.658 (s) DataTime = 0.002 (s) Losses = ['0.6058', '0.9761'] lr = 0.000001
2026-05-17 11:08:31,033 - base - INFO - [Epoch 0/300][Batch 8961/9303] BatchTime = 0.647 (s) DataTime = 0.002 (s) Losses = ['0.6021', '1.0761'] lr = 0.000001
2026-05-17 11:08:44,088 - base - INFO - [Epoch 0/300][Batch 8981/9303] BatchTime = 0.652 (s) DataTime = 0.001 (s) Losses = ['0.6651', '1.0236'] lr = 0.000001
2026-05-17 11:08:57,139 - base - INFO - [Epoch 0/300][Batch 9001/9303] BatchTime = 0.652 (s) DataTime = 0.002 (s) Losses = ['0.5660', '1.2086'] lr = 0.000001
2026-05-17 11:09:10,174 - base - INFO - [Epoch 0/300][Batch 9021/9303] BatchTime = 0.657 (s) DataTime = 0.001 (s) Losses = ['0.5772', '1.4091'] lr = 0.000001
2026-05-17 11:09:23,205 - base - INFO - [Epoch 0/300][Batch 9041/9303] BatchTime = 0.650 (s) DataTime = 0.001 (s) Losses = ['0.6059', '1.2462'] lr = 0.000001
2026-05-17 11:09:36,250 - base - INFO - [Epoch 0/300][Batch 9061/9303] BatchTime = 0.651 (s) DataTime = 0.001 (s) Losses = ['0.5756', '0.9385'] lr = 0.000001
2026-05-17 11:09:49,262 - base - INFO - [Epoch 0/300][Batch 9081/9303] BatchTime = 0.648 (s) DataTime = 0.001 (s) Losses = ['0.6564', '1.2815'] lr = 0.000001
2026-05-17 11:10:02,295 - base - INFO - [Epoch 0/300][Batch 9101/9303] BatchTime = 0.654 (s) DataTime = 0.001 (s) Losses = ['0.6003', '1.1562'] lr = 0.000001
2026-05-17 11:10:15,334 - base - INFO - [Epoch 0/300][Batch 9121/9303] BatchTime = 0.653 (s) DataTime = 0.002 (s) Losses = ['0.5810', '0.8139'] lr = 0.000001
2026-05-17 11:10:28,403 - base - INFO - [Epoch 0/300][Batch 9141/9303] BatchTime = 0.651 (s) DataTime = 0.002 (s) Losses = ['0.6004', '1.3006'] lr = 0.000001
2026-05-17 11:10:41,436 - base - INFO - [Epoch 0/300][Batch 9161/9303] BatchTime = 0.652 (s) DataTime = 0.002 (s) Losses = ['0.5204', '1.4414'] lr = 0.000001
2026-05-17 11:10:54,453 - base - INFO - [Epoch 0/300][Batch 9181/9303] BatchTime = 0.646 (s) DataTime = 0.001 (s) Losses = ['0.5710', '1.2986'] lr = 0.000001
2026-05-17 11:11:07,476 - base - INFO - [Epoch 0/300][Batch 9201/9303] BatchTime = 0.648 (s) DataTime = 0.001 (s) Losses = ['0.5734', '1.2206'] lr = 0.000001
2026-05-17 11:11:20,496 - base - INFO - [Epoch 0/300][Batch 9221/9303] BatchTime = 0.649 (s) DataTime = 0.001 (s) Losses = ['0.6126', '1.3538'] lr = 0.000001
2026-05-17 11:11:33,554 - base - INFO - [Epoch 0/300][Batch 9241/9303] BatchTime = 0.653 (s) DataTime = 0.001 (s) Losses = ['0.6275', '1.2315'] lr = 0.000001
2026-05-17 11:11:46,588 - base - INFO - [Epoch 0/300][Batch 9261/9303] BatchTime = 0.648 (s) DataTime = 0.002 (s) Losses = ['0.6096', '1.0230'] lr = 0.000001
2026-05-17 11:11:59,608 - base - INFO - [Epoch 0/300][Batch 9281/9303] BatchTime = 0.647 (s) DataTime = 0.001 (s) Losses = ['0.5714', '1.6138'] lr = 0.000001
2026-05-17 11:12:12,644 - base - INFO - [Epoch 0/300][Batch 9301/9303] BatchTime = 0.649 (s) DataTime = 0.002 (s) Losses = ['0.6234', '1.3317'] lr = 0.000001
2026-05-17 11:12:13,972 - base - INFO - [Training] EPOCH: 0 EpochTime = 6069.002 (s) Losses = ['0.6004', '1.1955'] lr = 0.000001
2026-05-17 11:12:14,211 - base - INFO - Save checkpoint at ./experiments/base/pretrain/pcpmae_minigpt3d/ckpt-last.pth
2026-05-17 11:12:14,435 - base - INFO - Save checkpoint at ./experiments/base/pretrain/pcpmae_minigpt3d/ckpt-epoch-000.pth
2026-05-17 11:12:15,268 - base - INFO - [Epoch 1/300][Batch 1/9303] BatchTime = 0.832 (s) DataTime = 0.190 (s) Losses = ['0.5726', '0.9026'] lr = 0.000001
2026-05-17 11:12:28,264 - base - INFO - [Epoch 1/300][Batch 21/9303] BatchTime = 0.647 (s) DataTime = 0.002 (s) Losses = ['0.5648', '1.1803'] lr = 0.000001
2026-05-17 11:12:41,292 - base - INFO - [Epoch 1/300][Batch 41/9303] BatchTime = 0.649 (s) DataTime = 0.001 (s) Losses = ['0.5955', '1.2468'] lr = 0.000001
2026-05-17 11:12:54,346 - base - INFO - [Epoch 1/300][Batch 61/9303] BatchTime = 0.651 (s) DataTime = 0.002 (s) Losses = ['0.5418', '1.3264'] lr = 0.000001
2026-05-17 11:13:07,402 - base - INFO - [Epoch 1/300][Batch 81/9303] BatchTime = 0.650 (s) DataTime = 0.002 (s) Losses = ['0.5636', '1.0546'] lr = 0.000001
2026-05-17 11:13:20,410 - base - INFO - [Epoch 1/300][Batch 101/9303] BatchTime = 0.647 (s) DataTime = 0.001 (s) Losses = ['0.5599', '1.0843'] lr = 0.000001
2026-05-17 11:13:33,450 - base - INFO - [Epoch 1/300][Batch 121/9303] BatchTime = 0.651 (s) DataTime = 0.002 (s) Losses = ['0.5841', '1.1773'] lr = 0.000001
2026-05-17 11:13:46,478 - base - INFO - [Epoch 1/300][Batch 141/9303] BatchTime = 0.648 (s) DataTime = 0.002 (s) Losses = ['0.6856', '1.2807'] lr = 0.000001
2026-05-17 11:13:59,564 - base - INFO - [Epoch 1/300][Batch 161/9303] BatchTime = 0.649 (s) DataTime = 0.001 (s) Losses = ['0.5855', '0.7458'] lr = 0.000001
2026-05-17 11:14:12,583 - base - INFO - [Epoch 1/300][Batch 181/9303] BatchTime = 0.651 (s) DataTime = 0.001 (s) Losses = ['0.5844', '1.3980'] lr = 0.000001
2026-05-17 11:14:25,590 - base - INFO - [Epoch 1/300][Batch 201/9303] BatchTime = 0.649 (s) DataTime = 0.001 (s) Losses = ['0.6031', '0.8427'] lr = 0.000001
2026-05-17 11:14:38,598 - base - INFO - [Epoch 1/300][Batch 221/9303] BatchTime = 0.650 (s) DataTime = 0.001 (s) Losses = ['0.6209', '1.0158'] lr = 0.000001
2026-05-17 11:14:51,652 - base - INFO - [Epoch 1/300][Batch 241/9303] BatchTime = 0.659 (s) DataTime = 0.002 (s) Losses = ['0.5711', '1.2387'] lr = 0.000001
2026-05-17 11:15:04,693 - base - INFO - [Epoch 1/300][Batch 261/9303] BatchTime = 0.651 (s) DataTime = 0.002 (s) Losses = ['0.5876', '1.3750'] lr = 0.000001
2026-05-17 11:15:17,746 - base - INFO - [Epoch 1/300][Batch 281/9303] BatchTime = 0.657 (s) DataTime = 0.001 (s) Losses = ['0.5757', '1.3909'] lr = 0.000001
2026-05-17 11:15:30,758 - base - INFO - [Epoch 1/300][Batch 301/9303] BatchTime = 0.651 (s) DataTime = 0.001 (s) Losses = ['0.5531', '1.4578'] lr = 0.000001
2026-05-17 11:15:43,836 - base - INFO - [Epoch 1/300][Batch 321/9303] BatchTime = 0.670 (s) DataTime = 0.001 (s) Losses = ['0.5916', '1.0223'] lr = 0.000001
2026-05-17 11:15:56,856 - base - INFO - [Epoch 1/300][Batch 341/9303] BatchTime = 0.654 (s) DataTime = 0.001 (s) Losses = ['0.6345', '0.9853'] lr = 0.000001
2026-05-17 11:16:09,896 - base - INFO - [Epoch 1/300][Batch 361/9303] BatchTime = 0.660 (s) DataTime = 0.001 (s) Losses = ['0.6388', '1.0555'] lr = 0.000001
2026-05-17 11:16:22,952 - base - INFO - [Epoch 1/300][Batch 381/9303] BatchTime = 0.648 (s) DataTime = 0.002 (s) Losses = ['0.7296', '1.3251'] lr = 0.000001
2026-05-17 11:16:35,993 - base - INFO - [Epoch 1/300][Batch 401/9303] BatchTime = 0.649 (s) DataTime = 0.002 (s) Losses = ['0.5020', '0.9588'] lr = 0.000001
2026-05-17 11:16:49,036 - base - INFO - [Epoch 1/300][Batch 421/9303] BatchTime = 0.652 (s) DataTime = 0.002 (s) Losses = ['0.6260', '0.9516'] lr = 0.000001
2026-05-17 11:17:02,075 - base - INFO - [Epoch 1/300][Batch 441/9303] BatchTime = 0.649 (s) DataTime = 0.002 (s) Losses = ['0.7009', '1.6071'] lr = 0.000001
2026-05-17 11:17:15,099 - base - INFO - [Epoch 1/300][Batch 461/9303] BatchTime = 0.647 (s) DataTime = 0.001 (s) Losses = ['0.6396', '1.2642'] lr = 0.000001
2026-05-17 11:17:28,156 - base - INFO - [Epoch 1/300][Batch 481/9303] BatchTime = 0.647 (s) DataTime = 0.001 (s) Losses = ['0.5030', '1.3747'] lr = 0.000001
2026-05-17 11:17:41,191 - base - INFO - [Epoch 1/300][Batch 501/9303] BatchTime = 0.647 (s) DataTime = 0.002 (s) Losses = ['0.5232', '1.3453'] lr = 0.000001
2026-05-17 11:17:54,226 - base - INFO - [Epoch 1/300][Batch 521/9303] BatchTime = 0.647 (s) DataTime = 0.001 (s) Losses = ['0.6109', '0.9073'] lr = 0.000001
2026-05-17 11:18:07,278 - base - INFO - [Epoch 1/300][Batch 541/9303] BatchTime = 0.648 (s) DataTime = 0.002 (s) Losses = ['0.5426', '1.0119'] lr = 0.000001
2026-05-17 11:18:20,299 - base - INFO - [Epoch 1/300][Batch 561/9303] BatchTime = 0.647 (s) DataTime = 0.001 (s) Losses = ['0.6107', '1.0527'] lr = 0.000001
2026-05-17 11:18:33,305 - base - INFO - [Epoch 1/300][Batch 581/9303] BatchTime = 0.651 (s) DataTime = 0.002 (s) Losses = ['0.6020', '1.1403'] lr = 0.000001
2026-05-17 11:18:46,356 - base - INFO - [Epoch 1/300][Batch 601/9303] BatchTime = 0.652 (s) DataTime = 0.001 (s) Losses = ['0.5976', '1.1360'] lr = 0.000001
2026-05-17 11:18:59,381 - base - INFO - [Epoch 1/300][Batch 621/9303] BatchTime = 0.650 (s) DataTime = 0.002 (s) Losses = ['0.5541', '1.1629'] lr = 0.000001
2026-05-17 11:19:12,409 - base - INFO - [Epoch 1/300][Batch 641/9303] BatchTime = 0.650 (s) DataTime = 0.001 (s) Losses = ['0.6326', '1.1358'] lr = 0.000001
2026-05-17 11:19:25,464 - base - INFO - [Epoch 1/300][Batch 661/9303] BatchTime = 0.651 (s) DataTime = 0.001 (s) Losses = ['0.5776', '1.4751'] lr = 0.000001
2026-05-17 11:19:38,568 - base - INFO - [Epoch 1/300][Batch 681/9303] BatchTime = 0.646 (s) DataTime = 0.001 (s) Losses = ['0.5539', '1.2828'] lr = 0.000001
2026-05-17 11:19:51,593 - base - INFO - [Epoch 1/300][Batch 701/9303] BatchTime = 0.650 (s) DataTime = 0.002 (s) Losses = ['0.5442', '0.7267'] lr = 0.000001
2026-05-17 11:20:04,601 - base - INFO - [Epoch 1/300][Batch 721/9303] BatchTime = 0.649 (s) DataTime = 0.001 (s) Losses = ['0.6059', '1.0982'] lr = 0.000001
2026-05-17 11:20:17,613 - base - INFO - [Epoch 1/300][Batch 741/9303] BatchTime = 0.649 (s) DataTime = 0.002 (s) Losses = ['0.5641', '1.1688'] lr = 0.000001
2026-05-17 11:20:30,676 - base - INFO - [Epoch 1/300][Batch 761/9303] BatchTime = 0.647 (s) DataTime = 0.001 (s) Losses = ['0.6507', '1.1520'] lr = 0.000001
2026-05-17 11:20:43,738 - base - INFO - [Epoch 1/300][Batch 781/9303] BatchTime = 0.651 (s) DataTime = 0.002 (s) Losses = ['0.5974', '1.2726'] lr = 0.000001
2026-05-17 11:20:56,800 - base - INFO - [Epoch 1/300][Batch 801/9303] BatchTime = 0.694 (s) DataTime = 0.001 (s) Losses = ['0.6276', '1.4941'] lr = 0.000001
2026-05-17 11:21:09,830 - base - INFO - [Epoch 1/300][Batch 821/9303] BatchTime = 0.649 (s) DataTime = 0.002 (s) Losses = ['0.7928', '1.3998'] lr = 0.000001
2026-05-17 11:21:22,844 - base - INFO - [Epoch 1/300][Batch 841/9303] BatchTime = 0.649 (s) DataTime = 0.002 (s) Losses = ['0.6039', '1.1871'] lr = 0.000001
2026-05-17 11:21:35,889 - base - INFO - [Epoch 1/300][Batch 861/9303] BatchTime = 0.653 (s) DataTime = 0.002 (s) Losses = ['0.7195', '1.5634'] lr = 0.000001
2026-05-17 11:21:48,908 - base - INFO - [Epoch 1/300][Batch 881/9303] BatchTime = 0.649 (s) DataTime = 0.001 (s) Losses = ['0.6785', '1.1481'] lr = 0.000001
2026-05-17 11:22:01,985 - base - INFO - [Epoch 1/300][Batch 901/9303] BatchTime = 0.653 (s) DataTime = 0.002 (s) Losses = ['0.5143', '0.7900'] lr = 0.000001
2026-05-17 11:22:15,017 - base - INFO - [Epoch 1/300][Batch 921/9303] BatchTime = 0.645 (s) DataTime = 0.001 (s) Losses = ['0.7080', '1.2753'] lr = 0.000001
2026-05-17 11:22:28,047 - base - INFO - [Epoch 1/300][Batch 941/9303] BatchTime = 0.650 (s) DataTime = 0.002 (s) Losses = ['0.5823', '1.1009'] lr = 0.000001
2026-05-17 11:22:41,097 - base - INFO - [Epoch 1/300][Batch 961/9303] BatchTime = 0.650 (s) DataTime = 0.001 (s) Losses = ['0.5888', '1.1157'] lr = 0.000001
2026-05-17 11:22:54,125 - base - INFO - [Epoch 1/300][Batch 981/9303] BatchTime = 0.646 (s) DataTime = 0.002 (s) Losses = ['0.5540', '1.2602'] lr = 0.000001
2026-05-17 11:23:07,169 - base - INFO - [Epoch 1/300][Batch 1001/9303] BatchTime = 0.648 (s) DataTime = 0.001 (s) Losses = ['0.5990', '1.8896'] lr = 0.000001
2026-05-17 11:23:20,221 - base - INFO - [Epoch 1/300][Batch 1021/9303] BatchTime = 0.654 (s) DataTime = 0.002 (s) Losses = ['0.5886', '1.2351'] lr = 0.000001
2026-05-17 11:23:33,248 - base - INFO - [Epoch 1/300][Batch 1041/9303] BatchTime = 0.648 (s) DataTime = 0.002 (s) Losses = ['0.5649', '1.2761'] lr = 0.000001
2026-05-17 11:23:46,305 - base - INFO - [Epoch 1/300][Batch 1061/9303] BatchTime = 0.650 (s) DataTime = 0.002 (s) Losses = ['0.5801', '1.0581'] lr = 0.000001
2026-05-17 11:23:59,337 - base - INFO - [Epoch 1/300][Batch 1081/9303] BatchTime = 0.651 (s) DataTime = 0.001 (s) Losses = ['0.5804', '1.7967'] lr = 0.000001
2026-05-17 11:24:12,398 - base - INFO - [Epoch 1/300][Batch 1101/9303] BatchTime = 0.655 (s) DataTime = 0.002 (s) Losses = ['0.6339', '1.0154'] lr = 0.000001
2026-05-17 11:24:25,421 - base - INFO - [Epoch 1/300][Batch 1121/9303] BatchTime = 0.653 (s) DataTime = 0.001 (s) Losses = ['0.6520', '1.1289'] lr = 0.000001
2026-05-17 11:24:38,468 - base - INFO - [Epoch 1/300][Batch 1141/9303] BatchTime = 0.648 (s) DataTime = 0.002 (s) Losses = ['0.6778', '1.0417'] lr = 0.000001
2026-05-17 11:24:51,500 - base - INFO - [Epoch 1/300][Batch 1161/9303] BatchTime = 0.646 (s) DataTime = 0.001 (s) Losses = ['0.5761', '1.0463'] lr = 0.000001
2026-05-17 11:25:04,543 - base - INFO - [Epoch 1/300][Batch 1181/9303] BatchTime = 0.649 (s) DataTime = 0.002 (s) Losses = ['0.6160', '1.3244'] lr = 0.000001
2026-05-17 11:25:17,596 - base - INFO - [Epoch 1/300][Batch 1201/9303] BatchTime = 0.647 (s) DataTime = 0.002 (s) Losses = ['0.6397', '1.3908'] lr = 0.000001
2026-05-17 11:25:30,612 - base - INFO - [Epoch 1/300][Batch 1221/9303] BatchTime = 0.653 (s) DataTime = 0.002 (s) Losses = ['0.5437', '0.7857'] lr = 0.000001
2026-05-17 11:25:43,669 - base - INFO - [Epoch 1/300][Batch 1241/9303] BatchTime = 0.649 (s) DataTime = 0.001 (s) Losses = ['0.5989', '1.3150'] lr = 0.000001
2026-05-17 11:25:56,679 - base - INFO - [Epoch 1/300][Batch 1261/9303] BatchTime = 0.653 (s) DataTime = 0.002 (s) Losses = ['0.5145', '1.0674'] lr = 0.000001
2026-05-17 11:26:09,722 - base - INFO - [Epoch 1/300][Batch 1281/9303] BatchTime = 0.654 (s) DataTime = 0.001 (s) Losses = ['0.6939', '1.8891'] lr = 0.000001
2026-05-17 11:26:22,771 - base - INFO - [Epoch 1/300][Batch 1301/9303] BatchTime = 0.650 (s) DataTime = 0.001 (s) Losses = ['0.5968', '0.8302'] lr = 0.000001
2026-05-17 11:26:35,809 - base - INFO - [Epoch 1/300][Batch 1321/9303] BatchTime = 0.649 (s) DataTime = 0.001 (s) Losses = ['0.5861', '0.9286'] lr = 0.000001
2026-05-17 11:26:48,829 - base - INFO - [Epoch 1/300][Batch 1341/9303] BatchTime = 0.647 (s) DataTime = 0.001 (s) Losses = ['0.5329', '1.1090'] lr = 0.000001
2026-05-17 11:27:01,863 - base - INFO - [Epoch 1/300][Batch 1361/9303] BatchTime = 0.648 (s) DataTime = 0.001 (s) Losses = ['0.6130', '1.0348'] lr = 0.000001
2026-05-17 11:27:14,921 - base - INFO - [Epoch 1/300][Batch 1381/9303] BatchTime = 0.651 (s) DataTime = 0.002 (s) Losses = ['0.5522', '1.1166'] lr = 0.000001
2026-05-17 11:27:27,928 - base - INFO - [Epoch 1/300][Batch 1401/9303] BatchTime = 0.651 (s) DataTime = 0.001 (s) Losses = ['0.6493', '1.8656'] lr = 0.000001
2026-05-17 11:27:40,973 - base - INFO - [Epoch 1/300][Batch 1421/9303] BatchTime = 0.649 (s) DataTime = 0.002 (s) Losses = ['0.5883', '1.2153'] lr = 0.000001
2026-05-17 11:27:53,991 - base - INFO - [Epoch 1/300][Batch 1441/9303] BatchTime = 0.649 (s) DataTime = 0.002 (s) Losses = ['0.5889', '1.0211'] lr = 0.000001
2026-05-17 11:28:06,997 - base - INFO - [Epoch 1/300][Batch 1461/9303] BatchTime = 0.650 (s) DataTime = 0.002 (s) Losses = ['0.5408', '0.8184'] lr = 0.000001
2026-05-17 11:28:20,015 - base - INFO - [Epoch 1/300][Batch 1481/9303] BatchTime = 0.651 (s) DataTime = 0.002 (s) Losses = ['0.5576', '1.3143'] lr = 0.000001
2026-05-17 11:28:33,065 - base - INFO - [Epoch 1/300][Batch 1501/9303] BatchTime = 0.655 (s) DataTime = 0.002 (s) Losses = ['0.6437', '1.1087'] lr = 0.000001
2026-05-17 11:28:46,106 - base - INFO - [Epoch 1/300][Batch 1521/9303] BatchTime = 0.648 (s) DataTime = 0.002 (s) Losses = ['0.6015', '1.2903'] lr = 0.000001
2026-05-17 11:28:59,133 - base - INFO - [Epoch 1/300][Batch 1541/9303] BatchTime = 0.650 (s) DataTime = 0.001 (s) Losses = ['0.6968', '1.1821'] lr = 0.000001
2026-05-17 11:29:12,142 - base - INFO - [Epoch 1/300][Batch 1561/9303] BatchTime = 0.649 (s) DataTime = 0.001 (s) Losses = ['0.4865', '1.0235'] lr = 0.000001
2026-05-17 11:29:25,180 - base - INFO - [Epoch 1/300][Batch 1581/9303] BatchTime = 0.653 (s) DataTime = 0.002 (s) Losses = ['0.6131', '1.3789'] lr = 0.000001
2026-05-17 11:29:38,225 - base - INFO - [Epoch 1/300][Batch 1601/9303] BatchTime = 0.655 (s) DataTime = 0.002 (s) Losses = ['0.6866', '1.6868'] lr = 0.000001
2026-05-17 11:29:51,242 - base - INFO - [Epoch 1/300][Batch 1621/9303] BatchTime = 0.649 (s) DataTime = 0.002 (s) Losses = ['0.6323', '1.1468'] lr = 0.000001
2026-05-17 11:30:04,284 - base - INFO - [Epoch 1/300][Batch 1641/9303] BatchTime = 0.654 (s) DataTime = 0.001 (s) Losses = ['0.5977', '0.9763'] lr = 0.000001
2026-05-17 11:30:17,340 - base - INFO - [Epoch 1/300][Batch 1661/9303] BatchTime = 0.649 (s) DataTime = 0.002 (s) Losses = ['0.6145', '1.3845'] lr = 0.000001
2026-05-17 11:30:30,364 - base - INFO - [Epoch 1/300][Batch 1681/9303] BatchTime = 0.647 (s) DataTime = 0.001 (s) Losses = ['0.5970', '1.0115'] lr = 0.000001
2026-05-17 11:30:43,432 - base - INFO - [Epoch 1/300][Batch 1701/9303] BatchTime = 0.649 (s) DataTime = 0.001 (s) Losses = ['0.7236', '1.5171'] lr = 0.000001
2026-05-17 11:30:56,450 - base - INFO - [Epoch 1/300][Batch 1721/9303] BatchTime = 0.646 (s) DataTime = 0.002 (s) Losses = ['0.5893', '1.1753'] lr = 0.000001
2026-05-17 11:31:09,520 - base - INFO - [Epoch 1/300][Batch 1741/9303] BatchTime = 0.653 (s) DataTime = 0.002 (s) Losses = ['0.5348', '0.7849'] lr = 0.000001
2026-05-17 11:31:22,568 - base - INFO - [Epoch 1/300][Batch 1761/9303] BatchTime = 0.657 (s) DataTime = 0.001 (s) Losses = ['0.5273', '0.8871'] lr = 0.000001
2026-05-17 11:31:35,597 - base - INFO - [Epoch 1/300][Batch 1781/9303] BatchTime = 0.652 (s) DataTime = 0.002 (s) Losses = ['0.5901', '1.1775'] lr = 0.000001
2026-05-17 11:31:48,651 - base - INFO - [Epoch 1/300][Batch 1801/9303] BatchTime = 0.647 (s) DataTime = 0.002 (s) Losses = ['0.5661', '1.2926'] lr = 0.000001
2026-05-17 11:32:01,693 - base - INFO - [Epoch 1/300][Batch 1821/9303] BatchTime = 0.648 (s) DataTime = 0.002 (s) Losses = ['0.5853', '1.6211'] lr = 0.000001
2026-05-17 11:32:14,711 - base - INFO - [Epoch 1/300][Batch 1841/9303] BatchTime = 0.653 (s) DataTime = 0.002 (s) Losses = ['0.5268', '0.9463'] lr = 0.000001
2026-05-17 11:32:27,718 - base - INFO - [Epoch 1/300][Batch 1861/9303] BatchTime = 0.653 (s) DataTime = 0.002 (s) Losses = ['0.5833', '1.2162'] lr = 0.000001
2026-05-17 11:32:40,760 - base - INFO - [Epoch 1/300][Batch 1881/9303] BatchTime = 0.650 (s) DataTime = 0.002 (s) Losses = ['0.6079', '1.1702'] lr = 0.000001
2026-05-17 11:32:53,776 - base - INFO - [Epoch 1/300][Batch 1901/9303] BatchTime = 0.655 (s) DataTime = 0.001 (s) Losses = ['0.6226', '1.0123'] lr = 0.000001
2026-05-17 11:33:06,803 - base - INFO - [Epoch 1/300][Batch 1921/9303] BatchTime = 0.648 (s) DataTime = 0.001 (s) Losses = ['0.6113', '1.4819'] lr = 0.000001
2026-05-17 11:33:19,889 - base - INFO - [Epoch 1/300][Batch 1941/9303] BatchTime = 0.651 (s) DataTime = 0.001 (s) Losses = ['0.5201', '0.9356'] lr = 0.000001
2026-05-17 11:33:32,902 - base - INFO - [Epoch 1/300][Batch 1961/9303] BatchTime = 0.646 (s) DataTime = 0.001 (s) Losses = ['0.5350', '1.0150'] lr = 0.000001
2026-05-17 11:33:45,967 - base - INFO - [Epoch 1/300][Batch 1981/9303] BatchTime = 0.650 (s) DataTime = 0.002 (s) Losses = ['0.6609', '1.5349'] lr = 0.000001
2026-05-17 11:33:58,990 - base - INFO - [Epoch 1/300][Batch 2001/9303] BatchTime = 0.650 (s) DataTime = 0.002 (s) Losses = ['0.5304', '1.0826'] lr = 0.000001
2026-05-17 11:34:12,035 - base - INFO - [Epoch 1/300][Batch 2021/9303] BatchTime = 0.650 (s) DataTime = 0.002 (s) Losses = ['0.5551', '0.9132'] lr = 0.000001
2026-05-17 11:34:25,059 - base - INFO - [Epoch 1/300][Batch 2041/9303] BatchTime = 0.648 (s) DataTime = 0.001 (s) Losses = ['0.6001', '1.0859'] lr = 0.000001
2026-05-17 11:34:38,104 - base - INFO - [Epoch 1/300][Batch 2061/9303] BatchTime = 0.653 (s) DataTime = 0.001 (s) Losses = ['0.6988', '1.2020'] lr = 0.000001
2026-05-17 11:34:51,160 - base - INFO - [Epoch 1/300][Batch 2081/9303] BatchTime = 0.658 (s) DataTime = 0.002 (s) Losses = ['0.6023', '1.0998'] lr = 0.000001
2026-05-17 11:35:04,170 - base - INFO - [Epoch 1/300][Batch 2101/9303] BatchTime = 0.648 (s) DataTime = 0.001 (s) Losses = ['0.5996', '0.9844'] lr = 0.000001
2026-05-17 11:35:17,193 - base - INFO - [Epoch 1/300][Batch 2121/9303] BatchTime = 0.652 (s) DataTime = 0.002 (s) Losses = ['0.5963', '0.8389'] lr = 0.000001
2026-05-17 11:35:30,198 - base - INFO - [Epoch 1/300][Batch 2141/9303] BatchTime = 0.649 (s) DataTime = 0.002 (s) Losses = ['0.5849', '1.1701'] lr = 0.000001
2026-05-17 11:35:43,240 - base - INFO - [Epoch 1/300][Batch 2161/9303] BatchTime = 0.650 (s) DataTime = 0.001 (s) Losses = ['0.6053', '0.8464'] lr = 0.000001
2026-05-17 11:35:56,295 - base - INFO - [Epoch 1/300][Batch 2181/9303] BatchTime = 0.656 (s) DataTime = 0.002 (s) Losses = ['0.5613', '1.2065'] lr = 0.000001
2026-05-17 11:36:09,328 - base - INFO - [Epoch 1/300][Batch 2201/9303] BatchTime = 0.648 (s) DataTime = 0.001 (s) Losses = ['0.6373', '1.3993'] lr = 0.000001
2026-05-17 11:36:22,344 - base - INFO - [Epoch 1/300][Batch 2221/9303] BatchTime = 0.651 (s) DataTime = 0.001 (s) Losses = ['0.6527', '1.1432'] lr = 0.000001
2026-05-17 11:36:35,406 - base - INFO - [Epoch 1/300][Batch 2241/9303] BatchTime = 0.647 (s) DataTime = 0.001 (s) Losses = ['0.5588', '1.3138'] lr = 0.000001
2026-05-17 11:36:48,462 - base - INFO - [Epoch 1/300][Batch 2261/9303] BatchTime = 0.647 (s) DataTime = 0.001 (s) Losses = ['0.6526', '1.4399'] lr = 0.000001
2026-05-17 11:37:01,499 - base - INFO - [Epoch 1/300][Batch 2281/9303] BatchTime = 0.648 (s) DataTime = 0.001 (s) Losses = ['0.6949', '1.0573'] lr = 0.000001
2026-05-17 11:37:14,564 - base - INFO - [Epoch 1/300][Batch 2301/9303] BatchTime = 0.651 (s) DataTime = 0.001 (s) Losses = ['0.5067', '1.2948'] lr = 0.000001
2026-05-17 11:37:27,578 - base - INFO - [Epoch 1/300][Batch 2321/9303] BatchTime = 0.647 (s) DataTime = 0.001 (s) Losses = ['0.5638', '0.9952'] lr = 0.000001
2026-05-17 11:37:40,608 - base - INFO - [Epoch 1/300][Batch 2341/9303] BatchTime = 0.649 (s) DataTime = 0.002 (s) Losses = ['0.5840', '1.0131'] lr = 0.000001
2026-05-17 11:37:53,666 - base - INFO - [Epoch 1/300][Batch 2361/9303] BatchTime = 0.650 (s) DataTime = 0.002 (s) Losses = ['0.5875', '0.9799'] lr = 0.000001
2026-05-17 11:38:06,713 - base - INFO - [Epoch 1/300][Batch 2381/9303] BatchTime = 0.675 (s) DataTime = 0.002 (s) Losses = ['0.5992', '1.1289'] lr = 0.000001
2026-05-17 11:38:19,729 - base - INFO - [Epoch 1/300][Batch 2401/9303] BatchTime = 0.648 (s) DataTime = 0.001 (s) Losses = ['0.5980', '1.3342'] lr = 0.000001
2026-05-17 11:38:32,729 - base - INFO - [Epoch 1/300][Batch 2421/9303] BatchTime = 0.645 (s) DataTime = 0.002 (s) Losses = ['0.5557', '1.5976'] lr = 0.000001
2026-05-17 11:38:45,751 - base - INFO - [Epoch 1/300][Batch 2441/9303] BatchTime = 0.646 (s) DataTime = 0.001 (s) Losses = ['0.6151', '1.1872'] lr = 0.000001
2026-05-17 11:38:58,779 - base - INFO - [Epoch 1/300][Batch 2461/9303] BatchTime = 0.648 (s) DataTime = 0.001 (s) Losses = ['0.5009', '1.0090'] lr = 0.000001
2026-05-17 11:39:11,803 - base - INFO - [Epoch 1/300][Batch 2481/9303] BatchTime = 0.656 (s) DataTime = 0.001 (s) Losses = ['0.5517', '1.1585'] lr = 0.000001
2026-05-17 11:39:24,824 - base - INFO - [Epoch 1/300][Batch 2501/9303] BatchTime = 0.649 (s) DataTime = 0.001 (s) Losses = ['0.7119', '1.6521'] lr = 0.000001
2026-05-17 11:39:37,849 - base - INFO - [Epoch 1/300][Batch 2521/9303] BatchTime = 0.647 (s) DataTime = 0.001 (s) Losses = ['0.7244', '1.5308'] lr = 0.000001
2026-05-17 11:39:50,887 - base - INFO - [Epoch 1/300][Batch 2541/9303] BatchTime = 0.647 (s) DataTime = 0.002 (s) Losses = ['0.5327', '1.0850'] lr = 0.000001
2026-05-17 11:40:03,902 - base - INFO - [Epoch 1/300][Batch 2561/9303] BatchTime = 0.650 (s) DataTime = 0.001 (s) Losses = ['0.5249', '0.8054'] lr = 0.000001
2026-05-17 11:40:16,913 - base - INFO - [Epoch 1/300][Batch 2581/9303] BatchTime = 0.648 (s) DataTime = 0.001 (s) Losses = ['0.6227', '1.2382'] lr = 0.000001
2026-05-17 11:40:29,956 - base - INFO - [Epoch 1/300][Batch 2601/9303] BatchTime = 0.649 (s) DataTime = 0.001 (s) Losses = ['0.6017', '1.0278'] lr = 0.000001
2026-05-17 11:40:42,986 - base - INFO - [Epoch 1/300][Batch 2621/9303] BatchTime = 0.647 (s) DataTime = 0.002 (s) Losses = ['0.5221', '0.8775'] lr = 0.000001
2026-05-17 11:40:56,024 - base - INFO - [Epoch 1/300][Batch 2641/9303] BatchTime = 0.648 (s) DataTime = 0.002 (s) Losses = ['0.5625', '1.2995'] lr = 0.000001
2026-05-17 11:41:09,104 - base - INFO - [Epoch 1/300][Batch 2661/9303] BatchTime = 0.650 (s) DataTime = 0.001 (s) Losses = ['0.6363', '1.0037'] lr = 0.000001
2026-05-17 11:41:22,143 - base - INFO - [Epoch 1/300][Batch 2681/9303] BatchTime = 0.648 (s) DataTime = 0.001 (s) Losses = ['0.5440', '1.1279'] lr = 0.000001
2026-05-17 11:41:35,161 - base - INFO - [Epoch 1/300][Batch 2701/9303] BatchTime = 0.650 (s) DataTime = 0.001 (s) Losses = ['0.5179', '0.8668'] lr = 0.000001
2026-05-17 11:41:48,220 - base - INFO - [Epoch 1/300][Batch 2721/9303] BatchTime = 0.650 (s) DataTime = 0.001 (s) Losses = ['0.5347', '1.0392'] lr = 0.000001
2026-05-17 11:42:01,241 - base - INFO - [Epoch 1/300][Batch 2741/9303] BatchTime = 0.650 (s) DataTime = 0.001 (s) Losses = ['0.6028', '0.7994'] lr = 0.000001
2026-05-17 11:42:14,296 - base - INFO - [Epoch 1/300][Batch 2761/9303] BatchTime = 0.650 (s) DataTime = 0.001 (s) Losses = ['0.5639', '1.3070'] lr = 0.000001
2026-05-17 11:42:27,312 - base - INFO - [Epoch 1/300][Batch 2781/9303] BatchTime = 0.651 (s) DataTime = 0.002 (s) Losses = ['0.5837', '0.9370'] lr = 0.000001
2026-05-17 11:42:40,317 - base - INFO - [Epoch 1/300][Batch 2801/9303] BatchTime = 0.647 (s) DataTime = 0.001 (s) Losses = ['0.5986', '0.8583'] lr = 0.000001
2026-05-17 11:42:53,352 - base - INFO - [Epoch 1/300][Batch 2821/9303] BatchTime = 0.648 (s) DataTime = 0.002 (s) Losses = ['0.6298', '1.2493'] lr = 0.000001
2026-05-17 11:43:06,362 - base - INFO - [Epoch 1/300][Batch 2841/9303] BatchTime = 0.646 (s) DataTime = 0.002 (s) Losses = ['0.5762', '1.5033'] lr = 0.000001
2026-05-17 11:43:19,405 - base - INFO - [Epoch 1/300][Batch 2861/9303] BatchTime = 0.650 (s) DataTime = 0.002 (s) Losses = ['0.5527', '0.9372'] lr = 0.000001
2026-05-17 11:43:32,430 - base - INFO - [Epoch 1/300][Batch 2881/9303] BatchTime = 0.649 (s) DataTime = 0.002 (s) Losses = ['0.5794', '1.0605'] lr = 0.000001
2026-05-17 11:43:45,460 - base - INFO - [Epoch 1/300][Batch 2901/9303] BatchTime = 0.647 (s) DataTime = 0.001 (s) Losses = ['0.6680', '1.2220'] lr = 0.000001
2026-05-17 11:43:58,492 - base - INFO - [Epoch 1/300][Batch 2921/9303] BatchTime = 0.657 (s) DataTime = 0.001 (s) Losses = ['0.5978', '1.2780'] lr = 0.000001
2026-05-17 11:44:11,538 - base - INFO - [Epoch 1/300][Batch 2941/9303] BatchTime = 0.665 (s) DataTime = 0.001 (s) Losses = ['0.6802', '1.3007'] lr = 0.000001
2026-05-17 11:44:24,568 - base - INFO - [Epoch 1/300][Batch 2961/9303] BatchTime = 0.660 (s) DataTime = 0.001 (s) Losses = ['0.5986', '1.2979'] lr = 0.000001
2026-05-17 11:44:37,611 - base - INFO - [Epoch 1/300][Batch 2981/9303] BatchTime = 0.648 (s) DataTime = 0.001 (s) Losses = ['0.5217', '1.2087'] lr = 0.000001
2026-05-17 11:44:50,670 - base - INFO - [Epoch 1/300][Batch 3001/9303] BatchTime = 0.650 (s) DataTime = 0.001 (s) Losses = ['0.6239', '0.8272'] lr = 0.000001
2026-05-17 11:45:03,701 - base - INFO - [Epoch 1/300][Batch 3021/9303] BatchTime = 0.648 (s) DataTime = 0.002 (s) Losses = ['0.5519', '1.0993'] lr = 0.000001
2026-05-17 11:45:16,740 - base - INFO - [Epoch 1/300][Batch 3041/9303] BatchTime = 0.655 (s) DataTime = 0.002 (s) Losses = ['0.5390', '1.0104'] lr = 0.000001
2026-05-17 11:45:29,764 - base - INFO - [Epoch 1/300][Batch 3061/9303] BatchTime = 0.651 (s) DataTime = 0.001 (s) Losses = ['0.5116', '0.9529'] lr = 0.000001
2026-05-17 11:45:42,836 - base - INFO - [Epoch 1/300][Batch 3081/9303] BatchTime = 0.653 (s) DataTime = 0.001 (s) Losses = ['0.6261', '1.1169'] lr = 0.000001
2026-05-17 11:45:55,852 - base - INFO - [Epoch 1/300][Batch 3101/9303] BatchTime = 0.648 (s) DataTime = 0.001 (s) Losses = ['0.6003', '1.0617'] lr = 0.000001
2026-05-17 11:46:08,892 - base - INFO - [Epoch 1/300][Batch 3121/9303] BatchTime = 0.652 (s) DataTime = 0.001 (s) Losses = ['0.5877', '1.2357'] lr = 0.000001
2026-05-17 11:46:21,948 - base - INFO - [Epoch 1/300][Batch 3141/9303] BatchTime = 0.657 (s) DataTime = 0.001 (s) Losses = ['0.5972', '0.8655'] lr = 0.000001
2026-05-17 11:46:34,975 - base - INFO - [Epoch 1/300][Batch 3161/9303] BatchTime = 0.646 (s) DataTime = 0.001 (s) Losses = ['0.5819', '1.0153'] lr = 0.000001
2026-05-17 11:46:48,145 - base - INFO - [Epoch 1/300][Batch 3181/9303] BatchTime = 0.669 (s) DataTime = 0.002 (s) Losses = ['0.5955', '0.8897'] lr = 0.000001
2026-05-17 11:47:01,200 - base - INFO - [Epoch 1/300][Batch 3201/9303] BatchTime = 0.647 (s) DataTime = 0.001 (s) Losses = ['0.6221', '1.0740'] lr = 0.000001
2026-05-17 11:47:14,258 - base - INFO - [Epoch 1/300][Batch 3221/9303] BatchTime = 0.652 (s) DataTime = 0.002 (s) Losses = ['0.6290', '1.2745'] lr = 0.000001
2026-05-17 11:47:27,295 - base - INFO - [Epoch 1/300][Batch 3241/9303] BatchTime = 0.658 (s) DataTime = 0.002 (s) Losses = ['0.5727', '0.9477'] lr = 0.000001
2026-05-17 11:47:40,327 - base - INFO - [Epoch 1/300][Batch 3261/9303] BatchTime = 0.651 (s) DataTime = 0.001 (s) Losses = ['0.5451', '0.9421'] lr = 0.000001
2026-05-17 11:47:53,354 - base - INFO - [Epoch 1/300][Batch 3281/9303] BatchTime = 0.649 (s) DataTime = 0.001 (s) Losses = ['0.6994', '1.6198'] lr = 0.000001
2026-05-17 11:48:06,467 - base - INFO - [Epoch 1/300][Batch 3301/9303] BatchTime = 0.652 (s) DataTime = 0.002 (s) Losses = ['0.6109', '1.2482'] lr = 0.000001
2026-05-17 11:48:19,509 - base - INFO - [Epoch 1/300][Batch 3321/9303] BatchTime = 0.651 (s) DataTime = 0.001 (s) Losses = ['0.6168', '1.3205'] lr = 0.000001
2026-05-17 11:48:32,544 - base - INFO - [Epoch 1/300][Batch 3341/9303] BatchTime = 0.652 (s) DataTime = 0.002 (s) Losses = ['0.5749', '1.1950'] lr = 0.000001
2026-05-17 11:48:45,573 - base - INFO - [Epoch 1/300][Batch 3361/9303] BatchTime = 0.651 (s) DataTime = 0.001 (s) Losses = ['0.6262', '0.9511'] lr = 0.000001
2026-05-17 11:48:58,619 - base - INFO - [Epoch 1/300][Batch 3381/9303] BatchTime = 0.645 (s) DataTime = 0.002 (s) Losses = ['0.5484', '1.1560'] lr = 0.000001
2026-05-17 11:49:11,635 - base - INFO - [Epoch 1/300][Batch 3401/9303] BatchTime = 0.646 (s) DataTime = 0.001 (s) Losses = ['0.5690', '1.0732'] lr = 0.000001
2026-05-17 11:49:24,678 - base - INFO - [Epoch 1/300][Batch 3421/9303] BatchTime = 0.652 (s) DataTime = 0.001 (s) Losses = ['0.5786', '1.1585'] lr = 0.000001
2026-05-17 11:49:37,682 - base - INFO - [Epoch 1/300][Batch 3441/9303] BatchTime = 0.647 (s) DataTime = 0.001 (s) Losses = ['0.6483', '1.1796'] lr = 0.000001
2026-05-17 11:49:50,700 - base - INFO - [Epoch 1/300][Batch 3461/9303] BatchTime = 0.651 (s) DataTime = 0.002 (s) Losses = ['0.5775', '1.0621'] lr = 0.000001
2026-05-17 11:50:03,724 - base - INFO - [Epoch 1/300][Batch 3481/9303] BatchTime = 0.659 (s) DataTime = 0.002 (s) Losses = ['0.5327', '1.4043'] lr = 0.000001
2026-05-17 11:50:16,778 - base - INFO - [Epoch 1/300][Batch 3501/9303] BatchTime = 0.648 (s) DataTime = 0.002 (s) Losses = ['0.6068', '1.1141'] lr = 0.000001
2026-05-17 11:50:29,792 - base - INFO - [Epoch 1/300][Batch 3521/9303] BatchTime = 0.649 (s) DataTime = 0.002 (s) Losses = ['0.5508', '1.0283'] lr = 0.000001
2026-05-17 11:50:42,842 - base - INFO - [Epoch 1/300][Batch 3541/9303] BatchTime = 0.654 (s) DataTime = 0.001 (s) Losses = ['0.5695', '1.2976'] lr = 0.000001
2026-05-17 11:50:55,891 - base - INFO - [Epoch 1/300][Batch 3561/9303] BatchTime = 0.648 (s) DataTime = 0.001 (s) Losses = ['0.5570', '1.3886'] lr = 0.000001
2026-05-17 11:51:08,973 - base - INFO - [Epoch 1/300][Batch 3581/9303] BatchTime = 0.648 (s) DataTime = 0.002 (s) Losses = ['0.5801', '1.0494'] lr = 0.000001
2026-05-17 11:51:21,984 - base - INFO - [Epoch 1/300][Batch 3601/9303] BatchTime = 0.647 (s) DataTime = 0.001 (s) Losses = ['0.5300', '1.2760'] lr = 0.000001
2026-05-17 11:51:34,998 - base - INFO - [Epoch 1/300][Batch 3621/9303] BatchTime = 0.648 (s) DataTime = 0.002 (s) Losses = ['0.6279', '1.2681'] lr = 0.000001
2026-05-17 11:51:48,061 - base - INFO - [Epoch 1/300][Batch 3641/9303] BatchTime = 0.655 (s) DataTime = 0.002 (s) Losses = ['0.6075', '1.0308'] lr = 0.000001
2026-05-17 11:52:01,103 - base - INFO - [Epoch 1/300][Batch 3661/9303] BatchTime = 0.657 (s) DataTime = 0.001 (s) Losses = ['0.6431', '1.2041'] lr = 0.000001
2026-05-17 11:52:14,137 - base - INFO - [Epoch 1/300][Batch 3681/9303] BatchTime = 0.647 (s) DataTime = 0.001 (s) Losses = ['0.7632', '1.3843'] lr = 0.000001
2026-05-17 11:52:27,190 - base - INFO - [Epoch 1/300][Batch 3701/9303] BatchTime = 0.652 (s) DataTime = 0.002 (s) Losses = ['0.5507', '1.2892'] lr = 0.000001
2026-05-17 11:52:40,212 - base - INFO - [Epoch 1/300][Batch 3721/9303] BatchTime = 0.656 (s) DataTime = 0.001 (s) Losses = ['0.6297', '1.0486'] lr = 0.000001
2026-05-17 11:52:53,232 - base - INFO - [Epoch 1/300][Batch 3741/9303] BatchTime = 0.648 (s) DataTime = 0.001 (s) Losses = ['0.5613', '1.1424'] lr = 0.000001
2026-05-17 11:53:06,258 - base - INFO - [Epoch 1/300][Batch 3761/9303] BatchTime = 0.648 (s) DataTime = 0.001 (s) Losses = ['0.6323', '1.0379'] lr = 0.000001
2026-05-17 11:53:19,295 - base - INFO - [Epoch 1/300][Batch 3781/9303] BatchTime = 0.647 (s) DataTime = 0.002 (s) Losses = ['0.5861', '1.2952'] lr = 0.000001
2026-05-17 11:53:32,328 - base - INFO - [Epoch 1/300][Batch 3801/9303] BatchTime = 0.648 (s) DataTime = 0.001 (s) Losses = ['0.6446', '1.0609'] lr = 0.000001
2026-05-17 11:53:45,355 - base - INFO - [Epoch 1/300][Batch 3821/9303] BatchTime = 0.650 (s) DataTime = 0.002 (s) Losses = ['0.6385', '1.1055'] lr = 0.000001
2026-05-17 11:53:58,403 - base - INFO - [Epoch 1/300][Batch 3841/9303] BatchTime = 0.649 (s) DataTime = 0.001 (s) Losses = ['0.6428', '1.5538'] lr = 0.000001
2026-05-17 11:54:11,436 - base - INFO - [Epoch 1/300][Batch 3861/9303] BatchTime = 0.649 (s) DataTime = 0.001 (s) Losses = ['0.5591', '1.5434'] lr = 0.000001
2026-05-17 11:54:24,473 - base - INFO - [Epoch 1/300][Batch 3881/9303] BatchTime = 0.647 (s) DataTime = 0.002 (s) Losses = ['0.6068', '1.3415'] lr = 0.000001
2026-05-17 11:54:37,536 - base - INFO - [Epoch 1/300][Batch 3901/9303] BatchTime = 0.653 (s) DataTime = 0.002 (s) Losses = ['0.6548', '0.9493'] lr = 0.000001
2026-05-17 11:54:50,570 - base - INFO - [Epoch 1/300][Batch 3921/9303] BatchTime = 0.649 (s) DataTime = 0.001 (s) Losses = ['0.6381', '1.3332'] lr = 0.000001
2026-05-17 11:55:03,574 - base - INFO - [Epoch 1/300][Batch 3941/9303] BatchTime = 0.648 (s) DataTime = 0.001 (s) Losses = ['0.5844', '1.3701'] lr = 0.000001
2026-05-17 11:55:16,616 - base - INFO - [Epoch 1/300][Batch 3961/9303] BatchTime = 0.647 (s) DataTime = 0.001 (s) Losses = ['0.5328', '0.8841'] lr = 0.000001
2026-05-17 11:55:29,629 - base - INFO - [Epoch 1/300][Batch 3981/9303] BatchTime = 0.650 (s) DataTime = 0.002 (s) Losses = ['0.6508', '1.0724'] lr = 0.000001
2026-05-17 11:55:42,661 - base - INFO - [Epoch 1/300][Batch 4001/9303] BatchTime = 0.652 (s) DataTime = 0.001 (s) Losses = ['0.6006', '1.2196'] lr = 0.000001
2026-05-17 11:55:55,686 - base - INFO - [Epoch 1/300][Batch 4021/9303] BatchTime = 0.648 (s) DataTime = 0.002 (s) Losses = ['0.5412', '1.0954'] lr = 0.000001
2026-05-17 11:56:08,736 - base - INFO - [Epoch 1/300][Batch 4041/9303] BatchTime = 0.651 (s) DataTime = 0.001 (s) Losses = ['0.5411', '1.3236'] lr = 0.000001
2026-05-17 11:56:21,816 - base - INFO - [Epoch 1/300][Batch 4061/9303] BatchTime = 0.649 (s) DataTime = 0.002 (s) Losses = ['0.5481', '1.1298'] lr = 0.000001
2026-05-17 11:56:34,816 - base - INFO - [Epoch 1/300][Batch 4081/9303] BatchTime = 0.647 (s) DataTime = 0.001 (s) Losses = ['0.6092', '1.3430'] lr = 0.000001
2026-05-17 11:56:47,824 - base - INFO - [Epoch 1/300][Batch 4101/9303] BatchTime = 0.648 (s) DataTime = 0.001 (s) Losses = ['0.6141', '0.7101'] lr = 0.000001
2026-05-17 11:57:00,842 - base - INFO - [Epoch 1/300][Batch 4121/9303] BatchTime = 0.648 (s) DataTime = 0.002 (s) Losses = ['0.5993', '1.3879'] lr = 0.000001
2026-05-17 11:57:13,895 - base - INFO - [Epoch 1/300][Batch 4141/9303] BatchTime = 0.654 (s) DataTime = 0.002 (s) Losses = ['0.5250', '1.1644'] lr = 0.000001
2026-05-17 11:57:26,913 - base - INFO - [Epoch 1/300][Batch 4161/9303] BatchTime = 0.660 (s) DataTime = 0.002 (s) Losses = ['0.6284', '1.2763'] lr = 0.000001
2026-05-17 11:57:39,935 - base - INFO - [Epoch 1/300][Batch 4181/9303] BatchTime = 0.649 (s) DataTime = 0.002 (s) Losses = ['0.5824', '1.2168'] lr = 0.000001
2026-05-17 11:57:52,941 - base - INFO - [Epoch 1/300][Batch 4201/9303] BatchTime = 0.652 (s) DataTime = 0.001 (s) Losses = ['0.5622', '1.2805'] lr = 0.000001
2026-05-17 11:58:05,970 - base - INFO - [Epoch 1/300][Batch 4221/9303] BatchTime = 0.647 (s) DataTime = 0.001 (s) Losses = ['0.6046', '1.3761'] lr = 0.000001
2026-05-17 11:58:19,025 - base - INFO - [Epoch 1/300][Batch 4241/9303] BatchTime = 0.651 (s) DataTime = 0.002 (s) Losses = ['0.5790', '1.0319'] lr = 0.000001
2026-05-17 11:58:32,085 - base - INFO - [Epoch 1/300][Batch 4261/9303] BatchTime = 0.657 (s) DataTime = 0.002 (s) Losses = ['0.6248', '1.3025'] lr = 0.000001
2026-05-17 11:58:45,116 - base - INFO - [Epoch 1/300][Batch 4281/9303] BatchTime = 0.655 (s) DataTime = 0.002 (s) Losses = ['0.6494', '1.3175'] lr = 0.000001
2026-05-17 11:58:58,143 - base - INFO - [Epoch 1/300][Batch 4301/9303] BatchTime = 0.651 (s) DataTime = 0.001 (s) Losses = ['0.5397', '0.7449'] lr = 0.000001
2026-05-17 11:59:11,207 - base - INFO - [Epoch 1/300][Batch 4321/9303] BatchTime = 0.650 (s) DataTime = 0.002 (s) Losses = ['0.5626', '1.6237'] lr = 0.000001
2026-05-17 11:59:24,225 - base - INFO - [Epoch 1/300][Batch 4341/9303] BatchTime = 0.648 (s) DataTime = 0.002 (s) Losses = ['0.5925', '1.1328'] lr = 0.000001
2026-05-17 11:59:37,296 - base - INFO - [Epoch 1/300][Batch 4361/9303] BatchTime = 0.646 (s) DataTime = 0.001 (s) Losses = ['0.5262', '0.9880'] lr = 0.000001
2026-05-17 11:59:50,324 - base - INFO - [Epoch 1/300][Batch 4381/9303] BatchTime = 0.655 (s) DataTime = 0.001 (s) Losses = ['0.5361', '1.3051'] lr = 0.000001
2026-05-17 12:00:03,374 - base - INFO - [Epoch 1/300][Batch 4401/9303] BatchTime = 0.646 (s) DataTime = 0.001 (s) Losses = ['0.6773', '1.2050'] lr = 0.000001
2026-05-17 12:00:16,390 - base - INFO - [Epoch 1/300][Batch 4421/9303] BatchTime = 0.654 (s) DataTime = 0.002 (s) Losses = ['0.6158', '1.1115'] lr = 0.000001
2026-05-17 12:00:29,388 - base - INFO - [Epoch 1/300][Batch 4441/9303] BatchTime = 0.647 (s) DataTime = 0.001 (s) Losses = ['0.5500', '1.1843'] lr = 0.000001
2026-05-17 12:00:42,398 - base - INFO - [Epoch 1/300][Batch 4461/9303] BatchTime = 0.651 (s) DataTime = 0.002 (s) Losses = ['0.5816', '0.8859'] lr = 0.000001
2026-05-17 12:00:55,428 - base - INFO - [Epoch 1/300][Batch 4481/9303] BatchTime = 0.646 (s) DataTime = 0.002 (s) Losses = ['0.5856', '1.0647'] lr = 0.000001
2026-05-17 12:01:08,455 - base - INFO - [Epoch 1/300][Batch 4501/9303] BatchTime = 0.649 (s) DataTime = 0.002 (s) Losses = ['0.6937', '1.7069'] lr = 0.000001
2026-05-17 12:01:21,470 - base - INFO - [Epoch 1/300][Batch 4521/9303] BatchTime = 0.653 (s) DataTime = 0.002 (s) Losses = ['0.5455', '1.3919'] lr = 0.000001
2026-05-17 12:01:34,540 - base - INFO - [Epoch 1/300][Batch 4541/9303] BatchTime = 0.656 (s) DataTime = 0.001 (s) Losses = ['0.5927', '1.0143'] lr = 0.000001
2026-05-17 12:01:47,569 - base - INFO - [Epoch 1/300][Batch 4561/9303] BatchTime = 0.646 (s) DataTime = 0.001 (s) Losses = ['0.6280', '1.4575'] lr = 0.000001
2026-05-17 12:02:00,580 - base - INFO - [Epoch 1/300][Batch 4581/9303] BatchTime = 0.650 (s) DataTime = 0.002 (s) Losses = ['0.6098', '1.1427'] lr = 0.000001
2026-05-17 12:02:13,639 - base - INFO - [Epoch 1/300][Batch 4601/9303] BatchTime = 0.646 (s) DataTime = 0.001 (s) Losses = ['0.6713', '0.9994'] lr = 0.000001
2026-05-17 12:02:26,698 - base - INFO - [Epoch 1/300][Batch 4621/9303] BatchTime = 0.649 (s) DataTime = 0.002 (s) Losses = ['0.5930', '1.2083'] lr = 0.000001
2026-05-17 12:02:39,740 - base - INFO - [Epoch 1/300][Batch 4641/9303] BatchTime = 0.659 (s) DataTime = 0.001 (s) Losses = ['0.5256', '1.2255'] lr = 0.000001
2026-05-17 12:02:52,778 - base - INFO - [Epoch 1/300][Batch 4661/9303] BatchTime = 0.649 (s) DataTime = 0.002 (s) Losses = ['0.5857', '1.3309'] lr = 0.000001
2026-05-17 12:03:05,822 - base - INFO - [Epoch 1/300][Batch 4681/9303] BatchTime = 0.647 (s) DataTime = 0.001 (s) Losses = ['0.5862', '1.1261'] lr = 0.000001
2026-05-17 12:03:18,847 - base - INFO - [Epoch 1/300][Batch 4701/9303] BatchTime = 0.651 (s) DataTime = 0.001 (s) Losses = ['0.6235', '1.2719'] lr = 0.000001
2026-05-17 12:03:31,872 - base - INFO - [Epoch 1/300][Batch 4721/9303] BatchTime = 0.656 (s) DataTime = 0.001 (s) Losses = ['0.5465', '1.0226'] lr = 0.000001
2026-05-17 12:03:44,962 - base - INFO - [Epoch 1/300][Batch 4741/9303] BatchTime = 0.648 (s) DataTime = 0.002 (s) Losses = ['0.6215', '1.3038'] lr = 0.000001
2026-05-17 12:03:58,006 - base - INFO - [Epoch 1/300][Batch 4761/9303] BatchTime = 0.649 (s) DataTime = 0.001 (s) Losses = ['0.5524', '0.9256'] lr = 0.000001
2026-05-17 12:04:11,016 - base - INFO - [Epoch 1/300][Batch 4781/9303] BatchTime = 0.650 (s) DataTime = 0.002 (s) Losses = ['0.5758', '1.3526'] lr = 0.000001
2026-05-17 12:04:24,058 - base - INFO - [Epoch 1/300][Batch 4801/9303] BatchTime = 0.649 (s) DataTime = 0.001 (s) Losses = ['0.5709', '1.2762'] lr = 0.000001
2026-05-17 12:04:37,079 - base - INFO - [Epoch 1/300][Batch 4821/9303] BatchTime = 0.655 (s) DataTime = 0.002 (s) Losses = ['0.5943', '0.9648'] lr = 0.000001
2026-05-17 12:04:50,112 - base - INFO - [Epoch 1/300][Batch 4841/9303] BatchTime = 0.651 (s) DataTime = 0.001 (s) Losses = ['0.6590', '1.3355'] lr = 0.000001
2026-05-17 12:05:03,127 - base - INFO - [Epoch 1/300][Batch 4861/9303] BatchTime = 0.651 (s) DataTime = 0.002 (s) Losses = ['0.6304', '1.1777'] lr = 0.000001
2026-05-17 12:05:16,179 - base - INFO - [Epoch 1/300][Batch 4881/9303] BatchTime = 0.658 (s) DataTime = 0.001 (s) Losses = ['0.5567', '1.0989'] lr = 0.000001
2026-05-17 12:05:29,209 - base - INFO - [Epoch 1/300][Batch 4901/9303] BatchTime = 0.650 (s) DataTime = 0.002 (s) Losses = ['0.6736', '1.6964'] lr = 0.000001
2026-05-17 12:05:42,238 - base - INFO - [Epoch 1/300][Batch 4921/9303] BatchTime = 0.649 (s) DataTime = 0.001 (s) Losses = ['0.5896', '1.1782'] lr = 0.000001
2026-05-17 12:05:55,295 - base - INFO - [Epoch 1/300][Batch 4941/9303] BatchTime = 0.651 (s) DataTime = 0.002 (s) Losses = ['0.6179', '1.2425'] lr = 0.000001
2026-05-17 12:06:08,314 - base - INFO - [Epoch 1/300][Batch 4961/9303] BatchTime = 0.648 (s) DataTime = 0.001 (s) Losses = ['0.6208', '1.3942'] lr = 0.000001
2026-05-17 12:06:21,348 - base - INFO - [Epoch 1/300][Batch 4981/9303] BatchTime = 0.651 (s) DataTime = 0.001 (s) Losses = ['0.5204', '1.1987'] lr = 0.000001
2026-05-17 12:06:34,374 - base - INFO - [Epoch 1/300][Batch 5001/9303] BatchTime = 0.657 (s) DataTime = 0.002 (s) Losses = ['0.4995', '1.2499'] lr = 0.000001
2026-05-17 12:06:47,415 - base - INFO - [Epoch 1/300][Batch 5021/9303] BatchTime = 0.647 (s) DataTime = 0.001 (s) Losses = ['0.5627', '0.8955'] lr = 0.000001
2026-05-17 12:07:00,520 - base - INFO - [Epoch 1/300][Batch 5041/9303] BatchTime = 0.650 (s) DataTime = 0.002 (s) Losses = ['0.5976', '1.0333'] lr = 0.000001
2026-05-17 12:07:13,547 - base - INFO - [Epoch 1/300][Batch 5061/9303] BatchTime = 0.649 (s) DataTime = 0.001 (s) Losses = ['0.6065', '1.1748'] lr = 0.000001
2026-05-17 12:07:26,572 - base - INFO - [Epoch 1/300][Batch 5081/9303] BatchTime = 0.651 (s) DataTime = 0.002 (s) Losses = ['0.5697', '0.9753'] lr = 0.000001
2026-05-17 12:07:39,634 - base - INFO - [Epoch 1/300][Batch 5101/9303] BatchTime = 0.648 (s) DataTime = 0.002 (s) Losses = ['0.5839', '0.9024'] lr = 0.000001
2026-05-17 12:07:52,671 - base - INFO - [Epoch 1/300][Batch 5121/9303] BatchTime = 0.652 (s) DataTime = 0.001 (s) Losses = ['0.6508', '1.4890'] lr = 0.000001
2026-05-17 12:08:05,688 - base - INFO - [Epoch 1/300][Batch 5141/9303] BatchTime = 0.652 (s) DataTime = 0.002 (s) Losses = ['0.5727', '0.9208'] lr = 0.000001
2026-05-17 12:08:18,761 - base - INFO - [Epoch 1/300][Batch 5161/9303] BatchTime = 0.648 (s) DataTime = 0.002 (s) Losses = ['0.5845', '1.0070'] lr = 0.000001
2026-05-17 12:08:31,797 - base - INFO - [Epoch 1/300][Batch 5181/9303] BatchTime = 0.654 (s) DataTime = 0.002 (s) Losses = ['0.5600', '1.4910'] lr = 0.000001
2026-05-17 12:08:44,828 - base - INFO - [Epoch 1/300][Batch 5201/9303] BatchTime = 0.654 (s) DataTime = 0.001 (s) Losses = ['0.5936', '0.8182'] lr = 0.000001
2026-05-17 12:08:57,888 - base - INFO - [Epoch 1/300][Batch 5221/9303] BatchTime = 0.648 (s) DataTime = 0.002 (s) Losses = ['0.7486', '1.2870'] lr = 0.000001
2026-05-17 12:09:10,917 - base - INFO - [Epoch 1/300][Batch 5241/9303] BatchTime = 0.651 (s) DataTime = 0.002 (s) Losses = ['0.5331', '0.6746'] lr = 0.000001
2026-05-17 12:09:23,974 - base - INFO - [Epoch 1/300][Batch 5261/9303] BatchTime = 0.658 (s) DataTime = 0.001 (s) Losses = ['0.5810', '1.1305'] lr = 0.000001
2026-05-17 12:09:36,983 - base - INFO - [Epoch 1/300][Batch 5281/9303] BatchTime = 0.647 (s) DataTime = 0.001 (s) Losses = ['0.5857', '1.2176'] lr = 0.000001
2026-05-17 12:09:50,047 - base - INFO - [Epoch 1/300][Batch 5301/9303] BatchTime = 0.649 (s) DataTime = 0.001 (s) Losses = ['0.5160', '0.8474'] lr = 0.000001
2026-05-17 12:10:03,084 - base - INFO - [Epoch 1/300][Batch 5321/9303] BatchTime = 0.647 (s) DataTime = 0.002 (s) Losses = ['0.6204', '1.1940'] lr = 0.000001
2026-05-17 12:10:16,093 - base - INFO - [Epoch 1/300][Batch 5341/9303] BatchTime = 0.647 (s) DataTime = 0.002 (s) Losses = ['0.6019', '0.9828'] lr = 0.000001
2026-05-17 12:10:29,136 - base - INFO - [Epoch 1/300][Batch 5361/9303] BatchTime = 0.651 (s) DataTime = 0.001 (s) Losses = ['0.6000', '1.1957'] lr = 0.000001
2026-05-17 12:10:42,151 - base - INFO - [Epoch 1/300][Batch 5381/9303] BatchTime = 0.650 (s) DataTime = 0.002 (s) Losses = ['0.6912', '1.1669'] lr = 0.000001
2026-05-17 12:10:55,164 - base - INFO - [Epoch 1/300][Batch 5401/9303] BatchTime = 0.649 (s) DataTime = 0.001 (s) Losses = ['0.6029', '0.8733'] lr = 0.000001
2026-05-17 12:11:08,217 - base - INFO - [Epoch 1/300][Batch 5421/9303] BatchTime = 0.661 (s) DataTime = 0.002 (s) Losses = ['0.6436', '0.9294'] lr = 0.000001
2026-05-17 12:11:21,259 - base - INFO - [Epoch 1/300][Batch 5441/9303] BatchTime = 0.648 (s) DataTime = 0.001 (s) Losses = ['0.7195', '1.0044'] lr = 0.000001
2026-05-17 12:11:34,295 - base - INFO - [Epoch 1/300][Batch 5461/9303] BatchTime = 0.647 (s) DataTime = 0.001 (s) Losses = ['0.6320', '1.1018'] lr = 0.000001
2026-05-17 12:11:47,342 - base - INFO - [Epoch 1/300][Batch 5481/9303] BatchTime = 0.647 (s) DataTime = 0.002 (s) Losses = ['0.6309', '1.0371'] lr = 0.000001
2026-05-17 12:12:00,411 - base - INFO - [Epoch 1/300][Batch 5501/9303] BatchTime = 0.647 (s) DataTime = 0.001 (s) Losses = ['0.5285', '0.9458'] lr = 0.000001
2026-05-17 12:12:13,426 - base - INFO - [Epoch 1/300][Batch 5521/9303] BatchTime = 0.647 (s) DataTime = 0.001 (s) Losses = ['0.5263', '0.9272'] lr = 0.000001
2026-05-17 12:12:26,459 - base - INFO - [Epoch 1/300][Batch 5541/9303] BatchTime = 0.662 (s) DataTime = 0.001 (s) Losses = ['0.5838', '1.0911'] lr = 0.000001
2026-05-17 12:12:39,469 - base - INFO - [Epoch 1/300][Batch 5561/9303] BatchTime = 0.648 (s) DataTime = 0.001 (s) Losses = ['0.5731', '0.9947'] lr = 0.000001
2026-05-17 12:12:52,503 - base - INFO - [Epoch 1/300][Batch 5581/9303] BatchTime = 0.652 (s) DataTime = 0.001 (s) Losses = ['0.5337', '0.9348'] lr = 0.000001
2026-05-17 12:13:05,518 - base - INFO - [Epoch 1/300][Batch 5601/9303] BatchTime = 0.659 (s) DataTime = 0.001 (s) Losses = ['0.5463', '1.2221'] lr = 0.000001
2026-05-17 12:13:18,534 - base - INFO - [Epoch 1/300][Batch 5621/9303] BatchTime = 0.653 (s) DataTime = 0.002 (s) Losses = ['0.6470', '0.9286'] lr = 0.000001
2026-05-17 12:13:31,541 - base - INFO - [Epoch 1/300][Batch 5641/9303] BatchTime = 0.648 (s) DataTime = 0.001 (s) Losses = ['0.6251', '1.2867'] lr = 0.000001
2026-05-17 12:13:44,568 - base - INFO - [Epoch 1/300][Batch 5661/9303] BatchTime = 0.649 (s) DataTime = 0.002 (s) Losses = ['0.5734', '1.1707'] lr = 0.000001
2026-05-17 12:13:57,633 - base - INFO - [Epoch 1/300][Batch 5681/9303] BatchTime = 0.648 (s) DataTime = 0.002 (s) Losses = ['0.6512', '1.6046'] lr = 0.000001
2026-05-17 12:14:10,630 - base - INFO - [Epoch 1/300][Batch 5701/9303] BatchTime = 0.650 (s) DataTime = 0.001 (s) Losses = ['0.6268', '1.3769'] lr = 0.000001
2026-05-17 12:14:23,636 - base - INFO - [Epoch 1/300][Batch 5721/9303] BatchTime = 0.649 (s) DataTime = 0.001 (s) Losses = ['0.5190', '1.0813'] lr = 0.000001
2026-05-17 12:14:36,641 - base - INFO - [Epoch 1/300][Batch 5741/9303] BatchTime = 0.651 (s) DataTime = 0.001 (s) Losses = ['0.5551', '1.1270'] lr = 0.000001
2026-05-17 12:14:49,645 - base - INFO - [Epoch 1/300][Batch 5761/9303] BatchTime = 0.650 (s) DataTime = 0.001 (s) Losses = ['0.7034', '1.4960'] lr = 0.000001
2026-05-17 12:15:02,724 - base - INFO - [Epoch 1/300][Batch 5781/9303] BatchTime = 0.657 (s) DataTime = 0.002 (s) Losses = ['0.5600', '1.0093'] lr = 0.000001
2026-05-17 12:15:15,795 - base - INFO - [Epoch 1/300][Batch 5801/9303] BatchTime = 0.644 (s) DataTime = 0.002 (s) Losses = ['0.6344', '1.3351'] lr = 0.000001
2026-05-17 12:15:28,829 - base - INFO - [Epoch 1/300][Batch 5821/9303] BatchTime = 0.647 (s) DataTime = 0.002 (s) Losses = ['0.5677', '1.0994'] lr = 0.000001
2026-05-17 12:15:41,846 - base - INFO - [Epoch 1/300][Batch 5841/9303] BatchTime = 0.656 (s) DataTime = 0.001 (s) Losses = ['0.5983', '1.2219'] lr = 0.000001
2026-05-17 12:15:54,850 - base - INFO - [Epoch 1/300][Batch 5861/9303] BatchTime = 0.651 (s) DataTime = 0.002 (s) Losses = ['0.6069', '0.8990'] lr = 0.000001
2026-05-17 12:16:07,864 - base - INFO - [Epoch 1/300][Batch 5881/9303] BatchTime = 0.647 (s) DataTime = 0.001 (s) Losses = ['0.6338', '1.2703'] lr = 0.000001
2026-05-17 12:16:20,873 - base - INFO - [Epoch 1/300][Batch 5901/9303] BatchTime = 0.648 (s) DataTime = 0.002 (s) Losses = ['0.6765', '1.1270'] lr = 0.000001
2026-05-17 12:16:33,890 - base - INFO - [Epoch 1/300][Batch 5921/9303] BatchTime = 0.647 (s) DataTime = 0.001 (s) Losses = ['0.5060', '0.8372'] lr = 0.000001
2026-05-17 12:16:46,893 - base - INFO - [Epoch 1/300][Batch 5941/9303] BatchTime = 0.649 (s) DataTime = 0.001 (s) Losses = ['0.6130', '1.0742'] lr = 0.000001
2026-05-17 12:16:59,913 - base - INFO - [Epoch 1/300][Batch 5961/9303] BatchTime = 0.649 (s) DataTime = 0.001 (s) Losses = ['0.5825', '0.9551'] lr = 0.000001
2026-05-17 12:17:12,971 - base - INFO - [Epoch 1/300][Batch 5981/9303] BatchTime = 0.648 (s) DataTime = 0.002 (s) Losses = ['0.5982', '1.1490'] lr = 0.000001
2026-05-17 12:17:25,988 - base - INFO - [Epoch 1/300][Batch 6001/9303] BatchTime = 0.655 (s) DataTime = 0.002 (s) Losses = ['0.6239', '1.2534'] lr = 0.000001
2026-05-17 12:17:39,070 - base - INFO - [Epoch 1/300][Batch 6021/9303] BatchTime = 0.648 (s) DataTime = 0.002 (s) Losses = ['0.6169', '1.1920'] lr = 0.000001
2026-05-17 12:17:52,076 - base - INFO - [Epoch 1/300][Batch 6041/9303] BatchTime = 0.646 (s) DataTime = 0.001 (s) Losses = ['0.5693', '1.2773'] lr = 0.000001
2026-05-17 12:18:05,107 - base - INFO - [Epoch 1/300][Batch 6061/9303] BatchTime = 0.648 (s) DataTime = 0.002 (s) Losses = ['0.5360', '1.3145'] lr = 0.000001
2026-05-17 12:18:18,114 - base - INFO - [Epoch 1/300][Batch 6081/9303] BatchTime = 0.651 (s) DataTime = 0.001 (s) Losses = ['0.5429', '1.0216'] lr = 0.000001
2026-05-17 12:18:31,131 - base - INFO - [Epoch 1/300][Batch 6101/9303] BatchTime = 0.650 (s) DataTime = 0.002 (s) Losses = ['0.6193', '1.3830'] lr = 0.000001
2026-05-17 12:18:44,161 - base - INFO - [Epoch 1/300][Batch 6121/9303] BatchTime = 0.649 (s) DataTime = 0.002 (s) Losses = ['0.5130', '1.0430'] lr = 0.000001
2026-05-17 12:18:57,198 - base - INFO - [Epoch 1/300][Batch 6141/9303] BatchTime = 0.647 (s) DataTime = 0.002 (s) Losses = ['0.5434', '0.9223'] lr = 0.000001
2026-05-17 12:19:10,196 - base - INFO - [Epoch 1/300][Batch 6161/9303] BatchTime = 0.647 (s) DataTime = 0.002 (s) Losses = ['0.5912', '1.1959'] lr = 0.000001
2026-05-17 12:19:23,227 - base - INFO - [Epoch 1/300][Batch 6181/9303] BatchTime = 0.657 (s) DataTime = 0.001 (s) Losses = ['0.6032', '0.9062'] lr = 0.000001
2026-05-17 12:19:36,243 - base - INFO - [Epoch 1/300][Batch 6201/9303] BatchTime = 0.649 (s) DataTime = 0.001 (s) Losses = ['0.6022', '1.2772'] lr = 0.000001
2026-05-17 12:19:49,258 - base - INFO - [Epoch 1/300][Batch 6221/9303] BatchTime = 0.653 (s) DataTime = 0.001 (s) Losses = ['0.6068', '0.9646'] lr = 0.000001
2026-05-17 12:20:02,309 - base - INFO - [Epoch 1/300][Batch 6241/9303] BatchTime = 0.646 (s) DataTime = 0.002 (s) Losses = ['0.5847', '0.9992'] lr = 0.000001
2026-05-17 12:20:15,321 - base - INFO - [Epoch 1/300][Batch 6261/9303] BatchTime = 0.649 (s) DataTime = 0.002 (s) Losses = ['0.6082', '1.1403'] lr = 0.000001
2026-05-17 12:20:28,332 - base - INFO - [Epoch 1/300][Batch 6281/9303] BatchTime = 0.659 (s) DataTime = 0.002 (s) Losses = ['0.6044', '1.3138'] lr = 0.000001
2026-05-17 12:20:41,343 - base - INFO - [Epoch 1/300][Batch 6301/9303] BatchTime = 0.648 (s) DataTime = 0.001 (s) Losses = ['0.5562', '0.9928'] lr = 0.000001
2026-05-17 12:20:54,369 - base - INFO - [Epoch 1/300][Batch 6321/9303] BatchTime = 0.655 (s) DataTime = 0.002 (s) Losses = ['0.6674', '1.4797'] lr = 0.000001
2026-05-17 12:21:07,375 - base - INFO - [Epoch 1/300][Batch 6341/9303] BatchTime = 0.650 (s) DataTime = 0.002 (s) Losses = ['0.5733', '1.2152'] lr = 0.000001
2026-05-17 12:21:20,403 - base - INFO - [Epoch 1/300][Batch 6361/9303] BatchTime = 0.651 (s) DataTime = 0.001 (s) Losses = ['0.5991', '0.9475'] lr = 0.000001
2026-05-17 12:21:33,439 - base - INFO - [Epoch 1/300][Batch 6381/9303] BatchTime = 0.652 (s) DataTime = 0.002 (s) Losses = ['0.5388', '1.0844'] lr = 0.000001
2026-05-17 12:21:46,457 - base - INFO - [Epoch 1/300][Batch 6401/9303] BatchTime = 0.648 (s) DataTime = 0.001 (s) Losses = ['0.5614', '1.0901'] lr = 0.000001
2026-05-17 12:21:59,451 - base - INFO - [Epoch 1/300][Batch 6421/9303] BatchTime = 0.649 (s) DataTime = 0.002 (s) Losses = ['0.5286', '0.9949'] lr = 0.000001
2026-05-17 12:22:12,504 - base - INFO - [Epoch 1/300][Batch 6441/9303] BatchTime = 0.646 (s) DataTime = 0.001 (s) Losses = ['0.6014', '1.0322'] lr = 0.000001
2026-05-17 12:22:25,534 - base - INFO - [Epoch 1/300][Batch 6461/9303] BatchTime = 0.650 (s) DataTime = 0.002 (s) Losses = ['0.7135', '1.1867'] lr = 0.000001
2026-05-17 12:22:38,615 - base - INFO - [Epoch 1/300][Batch 6481/9303] BatchTime = 0.661 (s) DataTime = 0.001 (s) Losses = ['0.5958', '1.0136'] lr = 0.000001
2026-05-17 12:22:51,615 - base - INFO - [Epoch 1/300][Batch 6501/9303] BatchTime = 0.647 (s) DataTime = 0.001 (s) Losses = ['0.5489', '1.3318'] lr = 0.000001
2026-05-17 12:23:04,668 - base - INFO - [Epoch 1/300][Batch 6521/9303] BatchTime = 0.652 (s) DataTime = 0.001 (s) Losses = ['0.6070', '1.0179'] lr = 0.000001
2026-05-17 12:23:17,673 - base - INFO - [Epoch 1/300][Batch 6541/9303] BatchTime = 0.647 (s) DataTime = 0.001 (s) Losses = ['0.5491', '0.7190'] lr = 0.000001
2026-05-17 12:23:30,709 - base - INFO - [Epoch 1/300][Batch 6561/9303] BatchTime = 0.648 (s) DataTime = 0.001 (s) Losses = ['0.6003', '1.0777'] lr = 0.000001
2026-05-17 12:23:43,731 - base - INFO - [Epoch 1/300][Batch 6581/9303] BatchTime = 0.651 (s) DataTime = 0.001 (s) Losses = ['0.6321', '1.1032'] lr = 0.000001
2026-05-17 12:23:56,740 - base - INFO - [Epoch 1/300][Batch 6601/9303] BatchTime = 0.648 (s) DataTime = 0.002 (s) Losses = ['0.6392', '1.1501'] lr = 0.000001
2026-05-17 12:24:09,740 - base - INFO - [Epoch 1/300][Batch 6621/9303] BatchTime = 0.653 (s) DataTime = 0.001 (s) Losses = ['0.6716', '1.6629'] lr = 0.000001
2026-05-17 12:24:22,752 - base - INFO - [Epoch 1/300][Batch 6641/9303] BatchTime = 0.647 (s) DataTime = 0.001 (s) Losses = ['0.6302', '1.1707'] lr = 0.000001
2026-05-17 12:24:35,839 - base - INFO - [Epoch 1/300][Batch 6661/9303] BatchTime = 0.651 (s) DataTime = 0.002 (s) Losses = ['0.5903', '0.9190'] lr = 0.000001
2026-05-17 12:24:48,847 - base - INFO - [Epoch 1/300][Batch 6681/9303] BatchTime = 0.647 (s) DataTime = 0.001 (s) Losses = ['0.7237', '1.2468'] lr = 0.000001
2026-05-17 12:25:01,884 - base - INFO - [Epoch 1/300][Batch 6701/9303] BatchTime = 0.647 (s) DataTime = 0.002 (s) Losses = ['0.5824', '0.8888'] lr = 0.000001
2026-05-17 12:25:14,940 - base - INFO - [Epoch 1/300][Batch 6721/9303] BatchTime = 0.648 (s) DataTime = 0.001 (s) Losses = ['0.6035', '1.2988'] lr = 0.000001
2026-05-17 12:25:28,008 - base - INFO - [Epoch 1/300][Batch 6741/9303] BatchTime = 0.651 (s) DataTime = 0.002 (s) Losses = ['0.5680', '1.1876'] lr = 0.000001
2026-05-17 12:25:41,012 - base - INFO - [Epoch 1/300][Batch 6761/9303] BatchTime = 0.650 (s) DataTime = 0.002 (s) Losses = ['0.6162', '1.3335'] lr = 0.000001
2026-05-17 12:25:54,061 - base - INFO - [Epoch 1/300][Batch 6781/9303] BatchTime = 0.648 (s) DataTime = 0.001 (s) Losses = ['0.6185', '1.2719'] lr = 0.000001
2026-05-17 12:26:07,099 - base - INFO - [Epoch 1/300][Batch 6801/9303] BatchTime = 0.653 (s) DataTime = 0.002 (s) Losses = ['0.6005', '1.2745'] lr = 0.000001
2026-05-17 12:26:20,121 - base - INFO - [Epoch 1/300][Batch 6821/9303] BatchTime = 0.657 (s) DataTime = 0.002 (s) Losses = ['0.5469', '0.8784'] lr = 0.000001
2026-05-17 12:26:33,208 - base - INFO - [Epoch 1/300][Batch 6841/9303] BatchTime = 0.647 (s) DataTime = 0.002 (s) Losses = ['0.6031', '1.1448'] lr = 0.000001
2026-05-17 12:26:46,219 - base - INFO - [Epoch 1/300][Batch 6861/9303] BatchTime = 0.649 (s) DataTime = 0.001 (s) Losses = ['0.5594', '1.0016'] lr = 0.000001
2026-05-17 12:26:59,232 - base - INFO - [Epoch 1/300][Batch 6881/9303] BatchTime = 0.648 (s) DataTime = 0.001 (s) Losses = ['0.6279', '1.2888'] lr = 0.000001
2026-05-17 12:27:12,265 - base - INFO - [Epoch 1/300][Batch 6901/9303] BatchTime = 0.650 (s) DataTime = 0.001 (s) Losses = ['0.5744', '1.2478'] lr = 0.000001
2026-05-17 12:27:25,321 - base - INFO - [Epoch 1/300][Batch 6921/9303] BatchTime = 0.646 (s) DataTime = 0.001 (s) Losses = ['0.6618', '0.9881'] lr = 0.000001
2026-05-17 12:27:38,328 - base - INFO - [Epoch 1/300][Batch 6941/9303] BatchTime = 0.647 (s) DataTime = 0.002 (s) Losses = ['0.6721', '1.2472'] lr = 0.000001
2026-05-17 12:27:51,339 - base - INFO - [Epoch 1/300][Batch 6961/9303] BatchTime = 0.650 (s) DataTime = 0.001 (s) Losses = ['0.6070', '1.0257'] lr = 0.000001
2026-05-17 12:28:04,336 - base - INFO - [Epoch 1/300][Batch 6981/9303] BatchTime = 0.648 (s) DataTime = 0.002 (s) Losses = ['0.5389', '1.3662'] lr = 0.000001
2026-05-17 12:28:17,349 - base - INFO - [Epoch 1/300][Batch 7001/9303] BatchTime = 0.651 (s) DataTime = 0.002 (s) Losses = ['0.6345', '1.0304'] lr = 0.000001
2026-05-17 12:28:30,358 - base - INFO - [Epoch 1/300][Batch 7021/9303] BatchTime = 0.648 (s) DataTime = 0.001 (s) Losses = ['0.5738', '1.5258'] lr = 0.000001
2026-05-17 12:28:43,388 - base - INFO - [Epoch 1/300][Batch 7041/9303] BatchTime = 0.655 (s) DataTime = 0.002 (s) Losses = ['0.5969', '1.2526'] lr = 0.000001
2026-05-17 12:28:56,395 - base - INFO - [Epoch 1/300][Batch 7061/9303] BatchTime = 0.650 (s) DataTime = 0.001 (s) Losses = ['0.4821', '0.8212'] lr = 0.000001
2026-05-17 12:29:09,399 - base - INFO - [Epoch 1/300][Batch 7081/9303] BatchTime = 0.648 (s) DataTime = 0.001 (s) Losses = ['0.6267', '1.3117'] lr = 0.000001
2026-05-17 12:29:22,452 - base - INFO - [Epoch 1/300][Batch 7101/9303] BatchTime = 0.688 (s) DataTime = 0.002 (s) Losses = ['0.6176', '1.4653'] lr = 0.000001
2026-05-17 12:29:35,483 - base - INFO - [Epoch 1/300][Batch 7121/9303] BatchTime = 0.658 (s) DataTime = 0.001 (s) Losses = ['0.5622', '0.8848'] lr = 0.000001
2026-05-17 12:29:48,516 - base - INFO - [Epoch 1/300][Batch 7141/9303] BatchTime = 0.651 (s) DataTime = 0.002 (s) Losses = ['0.6110', '0.9554'] lr = 0.000001
2026-05-17 12:30:01,549 - base - INFO - [Epoch 1/300][Batch 7161/9303] BatchTime = 0.645 (s) DataTime = 0.001 (s) Losses = ['0.6417', '1.4998'] lr = 0.000001
2026-05-17 12:30:14,605 - base - INFO - [Epoch 1/300][Batch 7181/9303] BatchTime = 0.650 (s) DataTime = 0.001 (s) Losses = ['0.5681', '1.1392'] lr = 0.000001
2026-05-17 12:30:27,669 - base - INFO - [Epoch 1/300][Batch 7201/9303] BatchTime = 0.649 (s) DataTime = 0.001 (s) Losses = ['0.6147', '1.0748'] lr = 0.000001
2026-05-17 12:30:40,693 - base - INFO - [Epoch 1/300][Batch 7221/9303] BatchTime = 0.647 (s) DataTime = 0.001 (s) Losses = ['0.5470', '1.0730'] lr = 0.000001
2026-05-17 12:30:53,716 - base - INFO - [Epoch 1/300][Batch 7241/9303] BatchTime = 0.656 (s) DataTime = 0.001 (s) Losses = ['0.5261', '0.9980'] lr = 0.000001
2026-05-17 12:31:06,778 - base - INFO - [Epoch 1/300][Batch 7261/9303] BatchTime = 0.649 (s) DataTime = 0.001 (s) Losses = ['0.4477', '0.9171'] lr = 0.000001
2026-05-17 12:31:19,816 - base - INFO - [Epoch 1/300][Batch 7281/9303] BatchTime = 0.648 (s) DataTime = 0.001 (s) Losses = ['0.4758', '0.8797'] lr = 0.000001
2026-05-17 12:31:32,832 - base - INFO - [Epoch 1/300][Batch 7301/9303] BatchTime = 0.648 (s) DataTime = 0.002 (s) Losses = ['0.5844', '1.1809'] lr = 0.000001
2026-05-17 12:31:45,841 - base - INFO - [Epoch 1/300][Batch 7321/9303] BatchTime = 0.651 (s) DataTime = 0.002 (s) Losses = ['0.5779', '1.1956'] lr = 0.000001
2026-05-17 12:31:58,851 - base - INFO - [Epoch 1/300][Batch 7341/9303] BatchTime = 0.649 (s) DataTime = 0.001 (s) Losses = ['0.6293', '0.9916'] lr = 0.000001
2026-05-17 12:32:11,883 - base - INFO - [Epoch 1/300][Batch 7361/9303] BatchTime = 0.652 (s) DataTime = 0.001 (s) Losses = ['0.5688', '0.8090'] lr = 0.000001
2026-05-17 12:32:24,918 - base - INFO - [Epoch 1/300][Batch 7381/9303] BatchTime = 0.656 (s) DataTime = 0.002 (s) Losses = ['0.5909', '1.0906'] lr = 0.000001
2026-05-17 12:32:37,925 - base - INFO - [Epoch 1/300][Batch 7401/9303] BatchTime = 0.648 (s) DataTime = 0.001 (s) Losses = ['0.5994', '0.9777'] lr = 0.000001
2026-05-17 12:32:50,930 - base - INFO - [Epoch 1/300][Batch 7421/9303] BatchTime = 0.646 (s) DataTime = 0.002 (s) Losses = ['0.6633', '1.2826'] lr = 0.000001
2026-05-17 12:33:03,941 - base - INFO - [Epoch 1/300][Batch 7441/9303] BatchTime = 0.647 (s) DataTime = 0.001 (s) Losses = ['0.6085', '1.2043'] lr = 0.000001
2026-05-17 12:33:16,969 - base - INFO - [Epoch 1/300][Batch 7461/9303] BatchTime = 0.652 (s) DataTime = 0.002 (s) Losses = ['0.5531', '0.8722'] lr = 0.000001
2026-05-17 12:33:30,037 - base - INFO - [Epoch 1/300][Batch 7481/9303] BatchTime = 0.650 (s) DataTime = 0.001 (s) Losses = ['0.6688', '1.4098'] lr = 0.000001
2026-05-17 12:33:43,064 - base - INFO - [Epoch 1/300][Batch 7501/9303] BatchTime = 0.647 (s) DataTime = 0.002 (s) Losses = ['0.5853', '1.0713'] lr = 0.000001
2026-05-17 12:33:56,106 - base - INFO - [Epoch 1/300][Batch 7521/9303] BatchTime = 0.674 (s) DataTime = 0.001 (s) Losses = ['0.5887', '0.7465'] lr = 0.000001
2026-05-17 12:34:09,146 - base - INFO - [Epoch 1/300][Batch 7541/9303] BatchTime = 0.651 (s) DataTime = 0.002 (s) Losses = ['0.6741', '1.3083'] lr = 0.000001
2026-05-17 12:34:22,187 - base - INFO - [Epoch 1/300][Batch 7561/9303] BatchTime = 0.646 (s) DataTime = 0.002 (s) Losses = ['0.6171', '0.9329'] lr = 0.000001
2026-05-17 12:34:35,237 - base - INFO - [Epoch 1/300][Batch 7581/9303] BatchTime = 0.653 (s) DataTime = 0.001 (s) Losses = ['0.5597', '1.0825'] lr = 0.000001
2026-05-17 12:34:48,240 - base - INFO - [Epoch 1/300][Batch 7601/9303] BatchTime = 0.648 (s) DataTime = 0.002 (s) Losses = ['0.5272', '0.8911'] lr = 0.000001
2026-05-17 12:35:01,246 - base - INFO - [Epoch 1/300][Batch 7621/9303] BatchTime = 0.651 (s) DataTime = 0.001 (s) Losses = ['0.5893', '1.0943'] lr = 0.000001
2026-05-17 12:35:14,287 - base - INFO - [Epoch 1/300][Batch 7641/9303] BatchTime = 0.667 (s) DataTime = 0.001 (s) Losses = ['0.6168', '0.9943'] lr = 0.000001
2026-05-17 12:35:27,322 - base - INFO - [Epoch 1/300][Batch 7661/9303] BatchTime = 0.647 (s) DataTime = 0.002 (s) Losses = ['0.6361', '1.0577'] lr = 0.000001
2026-05-17 12:35:40,385 - base - INFO - [Epoch 1/300][Batch 7681/9303] BatchTime = 0.652 (s) DataTime = 0.002 (s) Losses = ['0.6695', '1.2623'] lr = 0.000001
2026-05-17 12:35:53,410 - base - INFO - [Epoch 1/300][Batch 7701/9303] BatchTime = 0.647 (s) DataTime = 0.002 (s) Losses = ['0.6218', '1.2856'] lr = 0.000001
2026-05-17 12:36:06,420 - base - INFO - [Epoch 1/300][Batch 7721/9303] BatchTime = 0.647 (s) DataTime = 0.001 (s) Losses = ['0.6416', '1.3089'] lr = 0.000001
2026-05-17 12:36:19,416 - base - INFO - [Epoch 1/300][Batch 7741/9303] BatchTime = 0.645 (s) DataTime = 0.001 (s) Losses = ['0.5885', '1.1192'] lr = 0.000001
2026-05-17 12:36:32,438 - base - INFO - [Epoch 1/300][Batch 7761/9303] BatchTime = 0.649 (s) DataTime = 0.002 (s) Losses = ['0.5321', '1.2544'] lr = 0.000001
2026-05-17 12:36:45,467 - base - INFO - [Epoch 1/300][Batch 7781/9303] BatchTime = 0.656 (s) DataTime = 0.002 (s) Losses = ['0.5708', '1.0691'] lr = 0.000001
2026-05-17 12:36:58,501 - base - INFO - [Epoch 1/300][Batch 7801/9303] BatchTime = 0.648 (s) DataTime = 0.001 (s) Losses = ['0.5922', '1.3353'] lr = 0.000001
2026-05-17 12:37:11,508 - base - INFO - [Epoch 1/300][Batch 7821/9303] BatchTime = 0.653 (s) DataTime = 0.002 (s) Losses = ['0.6246', '1.1367'] lr = 0.000001
2026-05-17 12:37:24,513 - base - INFO - [Epoch 1/300][Batch 7841/9303] BatchTime = 0.648 (s) DataTime = 0.002 (s) Losses = ['0.5778', '1.0774'] lr = 0.000001
2026-05-17 12:37:37,520 - base - INFO - [Epoch 1/300][Batch 7861/9303] BatchTime = 0.653 (s) DataTime = 0.002 (s) Losses = ['0.5243', '0.9512'] lr = 0.000001
2026-05-17 12:37:50,531 - base - INFO - [Epoch 1/300][Batch 7881/9303] BatchTime = 0.647 (s) DataTime = 0.001 (s) Losses = ['0.5815', '1.0566'] lr = 0.000001
2026-05-17 12:38:03,532 - base - INFO - [Epoch 1/300][Batch 7901/9303] BatchTime = 0.653 (s) DataTime = 0.002 (s) Losses = ['0.6350', '1.1853'] lr = 0.000001
2026-05-17 12:38:16,587 - base - INFO - [Epoch 1/300][Batch 7921/9303] BatchTime = 0.654 (s) DataTime = 0.001 (s) Losses = ['0.4944', '1.0498'] lr = 0.000001
2026-05-17 12:38:29,604 - base - INFO - [Epoch 1/300][Batch 7941/9303] BatchTime = 0.648 (s) DataTime = 0.002 (s) Losses = ['0.5504', '0.9693'] lr = 0.000001
2026-05-17 12:38:42,658 - base - INFO - [Epoch 1/300][Batch 7961/9303] BatchTime = 0.652 (s) DataTime = 0.001 (s) Losses = ['0.5002', '1.0202'] lr = 0.000001
2026-05-17 12:38:55,691 - base - INFO - [Epoch 1/300][Batch 7981/9303] BatchTime = 0.647 (s) DataTime = 0.001 (s) Losses = ['0.6253', '1.4447'] lr = 0.000001
2026-05-17 12:39:08,709 - base - INFO - [Epoch 1/300][Batch 8001/9303] BatchTime = 0.648 (s) DataTime = 0.002 (s) Losses = ['0.6035', '1.1056'] lr = 0.000001
2026-05-17 12:39:21,725 - base - INFO - [Epoch 1/300][Batch 8021/9303] BatchTime = 0.659 (s) DataTime = 0.001 (s) Losses = ['0.5796', '1.4393'] lr = 0.000001
2026-05-17 12:39:34,844 - base - INFO - [Epoch 1/300][Batch 8041/9303] BatchTime = 0.648 (s) DataTime = 0.001 (s) Losses = ['0.5924', '1.1906'] lr = 0.000001
2026-05-17 12:39:47,844 - base - INFO - [Epoch 1/300][Batch 8061/9303] BatchTime = 0.649 (s) DataTime = 0.002 (s) Losses = ['0.6346', '1.1400'] lr = 0.000001
2026-05-17 12:40:00,875 - base - INFO - [Epoch 1/300][Batch 8081/9303] BatchTime = 0.652 (s) DataTime = 0.001 (s) Losses = ['0.5618', '1.0061'] lr = 0.000001
2026-05-17 12:40:13,879 - base - INFO - [Epoch 1/300][Batch 8101/9303] BatchTime = 0.649 (s) DataTime = 0.002 (s) Losses = ['0.6381', '0.9693'] lr = 0.000001
2026-05-17 12:40:26,904 - base - INFO - [Epoch 1/300][Batch 8121/9303] BatchTime = 0.652 (s) DataTime = 0.002 (s) Losses = ['0.5309', '0.9408'] lr = 0.000001
2026-05-17 12:40:39,954 - base - INFO - [Epoch 1/300][Batch 8141/9303] BatchTime = 0.657 (s) DataTime = 0.002 (s) Losses = ['0.5370', '1.1245'] lr = 0.000001
2026-05-17 12:40:52,988 - base - INFO - [Epoch 1/300][Batch 8161/9303] BatchTime = 0.648 (s) DataTime = 0.002 (s) Losses = ['0.5188', '0.9381'] lr = 0.000001
2026-05-17 12:41:05,984 - base - INFO - [Epoch 1/300][Batch 8181/9303] BatchTime = 0.652 (s) DataTime = 0.001 (s) Losses = ['0.5281', '1.3236'] lr = 0.000001
2026-05-17 12:41:19,028 - base - INFO - [Epoch 1/300][Batch 8201/9303] BatchTime = 0.662 (s) DataTime = 0.002 (s) Losses = ['0.6227', '1.1894'] lr = 0.000001
2026-05-17 12:41:32,052 - base - INFO - [Epoch 1/300][Batch 8221/9303] BatchTime = 0.647 (s) DataTime = 0.001 (s) Losses = ['0.5978', '1.1899'] lr = 0.000001
2026-05-17 12:41:45,063 - base - INFO - [Epoch 1/300][Batch 8241/9303] BatchTime = 0.646 (s) DataTime = 0.001 (s) Losses = ['0.6098', '1.1055'] lr = 0.000001
2026-05-17 12:41:58,094 - base - INFO - [Epoch 1/300][Batch 8261/9303] BatchTime = 0.648 (s) DataTime = 0.002 (s) Losses = ['0.5843', '1.2728'] lr = 0.000001
2026-05-17 12:42:11,127 - base - INFO - [Epoch 1/300][Batch 8281/9303] BatchTime = 0.660 (s) DataTime = 0.001 (s) Losses = ['0.5802', '1.2051'] lr = 0.000001
2026-05-17 12:42:24,150 - base - INFO - [Epoch 1/300][Batch 8301/9303] BatchTime = 0.647 (s) DataTime = 0.001 (s) Losses = ['0.6665', '1.4240'] lr = 0.000001
2026-05-17 12:42:37,203 - base - INFO - [Epoch 1/300][Batch 8321/9303] BatchTime = 0.649 (s) DataTime = 0.001 (s) Losses = ['0.6179', '1.1438'] lr = 0.000001
2026-05-17 12:42:50,207 - base - INFO - [Epoch 1/300][Batch 8341/9303] BatchTime = 0.650 (s) DataTime = 0.002 (s) Losses = ['0.6703', '1.1583'] lr = 0.000001
2026-05-17 12:43:03,245 - base - INFO - [Epoch 1/300][Batch 8361/9303] BatchTime = 0.649 (s) DataTime = 0.001 (s) Losses = ['0.5830', '0.9577'] lr = 0.000001
2026-05-17 12:43:16,279 - base - INFO - [Epoch 1/300][Batch 8381/9303] BatchTime = 0.649 (s) DataTime = 0.002 (s) Losses = ['0.5895', '0.9870'] lr = 0.000001
2026-05-17 12:43:29,288 - base - INFO - [Epoch 1/300][Batch 8401/9303] BatchTime = 0.653 (s) DataTime = 0.001 (s) Losses = ['0.5278', '1.3092'] lr = 0.000001
2026-05-17 12:43:42,290 - base - INFO - [Epoch 1/300][Batch 8421/9303] BatchTime = 0.648 (s) DataTime = 0.001 (s) Losses = ['0.5631', '1.0235'] lr = 0.000001
2026-05-17 12:43:55,302 - base - INFO - [Epoch 1/300][Batch 8441/9303] BatchTime = 0.653 (s) DataTime = 0.001 (s) Losses = ['0.6138', '1.1901'] lr = 0.000001
2026-05-17 12:44:08,357 - base - INFO - [Epoch 1/300][Batch 8461/9303] BatchTime = 0.649 (s) DataTime = 0.001 (s) Losses = ['0.5979', '1.0960'] lr = 0.000001
2026-05-17 12:44:21,396 - base - INFO - [Epoch 1/300][Batch 8481/9303] BatchTime = 0.652 (s) DataTime = 0.002 (s) Losses = ['0.5561', '1.0753'] lr = 0.000001
2026-05-17 12:44:34,450 - base - INFO - [Epoch 1/300][Batch 8501/9303] BatchTime = 0.649 (s) DataTime = 0.001 (s) Losses = ['0.5500', '1.2320'] lr = 0.000001
2026-05-17 12:44:47,468 - base - INFO - [Epoch 1/300][Batch 8521/9303] BatchTime = 0.648 (s) DataTime = 0.001 (s) Losses = ['0.5345', '1.5722'] lr = 0.000001
2026-05-17 12:45:00,518 - base - INFO - [Epoch 1/300][Batch 8541/9303] BatchTime = 0.650 (s) DataTime = 0.002 (s) Losses = ['0.5941', '0.8406'] lr = 0.000001
2026-05-17 12:45:13,534 - base - INFO - [Epoch 1/300][Batch 8561/9303] BatchTime = 0.646 (s) DataTime = 0.001 (s) Losses = ['0.5731', '1.2808'] lr = 0.000001
2026-05-17 12:45:26,536 - base - INFO - [Epoch 1/300][Batch 8581/9303] BatchTime = 0.649 (s) DataTime = 0.002 (s) Losses = ['0.5952', '1.2688'] lr = 0.000001
2026-05-17 12:45:39,615 - base - INFO - [Epoch 1/300][Batch 8601/9303] BatchTime = 0.646 (s) DataTime = 0.001 (s) Losses = ['0.6992', '1.3741'] lr = 0.000001
2026-05-17 12:45:52,604 - base - INFO - [Epoch 1/300][Batch 8621/9303] BatchTime = 0.649 (s) DataTime = 0.002 (s) Losses = ['0.5690', '1.3749'] lr = 0.000001
2026-05-17 12:46:05,626 - base - INFO - [Epoch 1/300][Batch 8641/9303] BatchTime = 0.653 (s) DataTime = 0.002 (s) Losses = ['0.6065', '0.8992'] lr = 0.000001
2026-05-17 12:46:18,625 - base - INFO - [Epoch 1/300][Batch 8661/9303] BatchTime = 0.650 (s) DataTime = 0.002 (s) Losses = ['0.5535', '0.9073'] lr = 0.000001
2026-05-17 12:46:31,627 - base - INFO - [Epoch 1/300][Batch 8681/9303] BatchTime = 0.653 (s) DataTime = 0.001 (s) Losses = ['0.6446', '1.2561'] lr = 0.000001
2026-05-17 12:46:44,631 - base - INFO - [Epoch 1/300][Batch 8701/9303] BatchTime = 0.650 (s) DataTime = 0.001 (s) Losses = ['0.5320', '1.4492'] lr = 0.000001
2026-05-17 12:46:57,661 - base - INFO - [Epoch 1/300][Batch 8721/9303] BatchTime = 0.650 (s) DataTime = 0.001 (s) Losses = ['0.6103', '1.0674'] lr = 0.000001
2026-05-17 12:47:10,672 - base - INFO - [Epoch 1/300][Batch 8741/9303] BatchTime = 0.654 (s) DataTime = 0.002 (s) Losses = ['0.6069', '1.0655'] lr = 0.000001
2026-05-17 12:47:23,695 - base - INFO - [Epoch 1/300][Batch 8761/9303] BatchTime = 0.647 (s) DataTime = 0.001 (s) Losses = ['0.5939', '1.2802'] lr = 0.000001
2026-05-17 12:47:36,752 - base - INFO - [Epoch 1/300][Batch 8781/9303] BatchTime = 0.665 (s) DataTime = 0.001 (s) Losses = ['0.5793', '1.1897'] lr = 0.000001
2026-05-17 12:47:49,746 - base - INFO - [Epoch 1/300][Batch 8801/9303] BatchTime = 0.647 (s) DataTime = 0.001 (s) Losses = ['0.5347', '1.1855'] lr = 0.000001
2026-05-17 12:48:02,826 - base - INFO - [Epoch 1/300][Batch 8821/9303] BatchTime = 0.649 (s) DataTime = 0.002 (s) Losses = ['0.5317', '1.3181'] lr = 0.000001
2026-05-17 12:48:15,831 - base - INFO - [Epoch 1/300][Batch 8841/9303] BatchTime = 0.652 (s) DataTime = 0.002 (s) Losses = ['0.6341', '0.9722'] lr = 0.000001
2026-05-17 12:48:28,835 - base - INFO - [Epoch 1/300][Batch 8861/9303] BatchTime = 0.648 (s) DataTime = 0.001 (s) Losses = ['0.6086', '0.9560'] lr = 0.000001
2026-05-17 12:48:41,828 - base - INFO - [Epoch 1/300][Batch 8881/9303] BatchTime = 0.646 (s) DataTime = 0.002 (s) Losses = ['0.5310', '0.9224'] lr = 0.000001
2026-05-17 12:48:54,838 - base - INFO - [Epoch 1/300][Batch 8901/9303] BatchTime = 0.650 (s) DataTime = 0.002 (s) Losses = ['0.6100', '1.2791'] lr = 0.000001
2026-05-17 12:49:07,883 - base - INFO - [Epoch 1/300][Batch 8921/9303] BatchTime = 0.648 (s) DataTime = 0.002 (s) Losses = ['0.5527', '1.0449'] lr = 0.000001
2026-05-17 12:49:20,955 - base - INFO - [Epoch 1/300][Batch 8941/9303] BatchTime = 0.653 (s) DataTime = 0.002 (s) Losses = ['0.5818', '1.4265'] lr = 0.000001
2026-05-17 12:49:33,962 - base - INFO - [Epoch 1/300][Batch 8961/9303] BatchTime = 0.647 (s) DataTime = 0.001 (s) Losses = ['0.5492', '1.2004'] lr = 0.000001
2026-05-17 12:49:47,003 - base - INFO - [Epoch 1/300][Batch 8981/9303] BatchTime = 0.649 (s) DataTime = 0.001 (s) Losses = ['0.4906', '1.0396'] lr = 0.000001
2026-05-17 12:50:00,012 - base - INFO - [Epoch 1/300][Batch 9001/9303] BatchTime = 0.647 (s) DataTime = 0.001 (s) Losses = ['0.6454', '1.1860'] lr = 0.000001
2026-05-17 12:50:13,024 - base - INFO - [Epoch 1/300][Batch 9021/9303] BatchTime = 0.654 (s) DataTime = 0.002 (s) Losses = ['0.5844', '1.1003'] lr = 0.000001
2026-05-17 12:50:26,060 - base - INFO - [Epoch 1/300][Batch 9041/9303] BatchTime = 0.658 (s) DataTime = 0.001 (s) Losses = ['0.7106', '1.3373'] lr = 0.000001
2026-05-17 12:50:39,095 - base - INFO - [Epoch 1/300][Batch 9061/9303] BatchTime = 0.648 (s) DataTime = 0.002 (s) Losses = ['0.6475', '1.1324'] lr = 0.000001
2026-05-17 12:50:52,153 - base - INFO - [Epoch 1/300][Batch 9081/9303] BatchTime = 0.651 (s) DataTime = 0.001 (s) Losses = ['0.6531', '1.1428'] lr = 0.000001
2026-05-17 12:51:05,163 - base - INFO - [Epoch 1/300][Batch 9101/9303] BatchTime = 0.655 (s) DataTime = 0.002 (s) Losses = ['0.6049', '1.0494'] lr = 0.000001
2026-05-17 12:51:18,218 - base - INFO - [Epoch 1/300][Batch 9121/9303] BatchTime = 0.648 (s) DataTime = 0.001 (s) Losses = ['0.5891', '1.2333'] lr = 0.000001
2026-05-17 12:51:31,230 - base - INFO - [Epoch 1/300][Batch 9141/9303] BatchTime = 0.659 (s) DataTime = 0.001 (s) Losses = ['0.5683', '1.8828'] lr = 0.000001
2026-05-17 12:51:44,335 - base - INFO - [Epoch 1/300][Batch 9161/9303] BatchTime = 0.650 (s) DataTime = 0.002 (s) Losses = ['0.6811', '1.2722'] lr = 0.000001
2026-05-17 12:51:57,349 - base - INFO - [Epoch 1/300][Batch 9181/9303] BatchTime = 0.648 (s) DataTime = 0.002 (s) Losses = ['0.6430', '1.3345'] lr = 0.000001
2026-05-17 12:52:10,367 - base - INFO - [Epoch 1/300][Batch 9201/9303] BatchTime = 0.647 (s) DataTime = 0.002 (s) Losses = ['0.5644', '1.3776'] lr = 0.000001
2026-05-17 12:52:23,370 - base - INFO - [Epoch 1/300][Batch 9221/9303] BatchTime = 0.650 (s) DataTime = 0.001 (s) Losses = ['0.5138', '1.0905'] lr = 0.000001
2026-05-17 12:52:36,402 - base - INFO - [Epoch 1/300][Batch 9241/9303] BatchTime = 0.652 (s) DataTime = 0.002 (s) Losses = ['0.6838', '1.0014'] lr = 0.000001
2026-05-17 12:52:49,466 - base - INFO - [Epoch 1/300][Batch 9261/9303] BatchTime = 0.651 (s) DataTime = 0.002 (s) Losses = ['0.5519', '1.1664'] lr = 0.000001
2026-05-17 12:53:02,528 - base - INFO - [Epoch 1/300][Batch 9281/9303] BatchTime = 0.648 (s) DataTime = 0.002 (s) Losses = ['0.5799', '1.4705'] lr = 0.000001
2026-05-17 12:53:15,551 - base - INFO - [Epoch 1/300][Batch 9301/9303] BatchTime = 0.648 (s) DataTime = 0.001 (s) Losses = ['0.6425', '1.2290'] lr = 0.000001
2026-05-17 12:53:16,875 - base - INFO - [Training] EPOCH: 1 EpochTime = 6062.439 (s) Losses = ['0.5945', '1.1459'] lr = 0.000011
2026-05-17 12:53:17,137 - base - INFO - Save checkpoint at ./experiments/base/pretrain/pcpmae_minigpt3d/ckpt-last.pth
2026-05-17 12:53:17,976 - base - INFO - [Epoch 2/300][Batch 1/9303] BatchTime = 0.838 (s) DataTime = 0.193 (s) Losses = ['0.6503', '1.1747'] lr = 0.000011
2026-05-17 12:53:30,975 - base - INFO - [Epoch 2/300][Batch 21/9303] BatchTime = 0.652 (s) DataTime = 0.002 (s) Losses = ['0.6213', '0.8776'] lr = 0.000011
2026-05-17 12:53:43,983 - base - INFO - [Epoch 2/300][Batch 41/9303] BatchTime = 0.650 (s) DataTime = 0.001 (s) Losses = ['0.6554', '1.1546'] lr = 0.000011
2026-05-17 12:53:56,992 - base - INFO - [Epoch 2/300][Batch 61/9303] BatchTime = 0.647 (s) DataTime = 0.002 (s) Losses = ['0.6083', '1.3144'] lr = 0.000011
2026-05-17 12:54:10,018 - base - INFO - [Epoch 2/300][Batch 81/9303] BatchTime = 0.648 (s) DataTime = 0.002 (s) Losses = ['0.6008', '1.2193'] lr = 0.000011
2026-05-17 12:54:23,018 - base - INFO - [Epoch 2/300][Batch 101/9303] BatchTime = 0.646 (s) DataTime = 0.001 (s) Losses = ['0.5911', '1.0085'] lr = 0.000011
2026-05-17 12:54:36,060 - base - INFO - [Epoch 2/300][Batch 121/9303] BatchTime = 0.647 (s) DataTime = 0.002 (s) Losses = ['0.5362', '1.1235'] lr = 0.000011
2026-05-17 12:54:49,062 - base - INFO - [Epoch 2/300][Batch 141/9303] BatchTime = 0.653 (s) DataTime = 0.001 (s) Losses = ['0.6403', '1.1472'] lr = 0.000011
2026-05-17 12:55:02,159 - base - INFO - [Epoch 2/300][Batch 161/9303] BatchTime = 0.705 (s) DataTime = 0.002 (s) Losses = ['0.6024', '0.8493'] lr = 0.000011
2026-05-17 12:55:15,180 - base - INFO - [Epoch 2/300][Batch 181/9303] BatchTime = 0.649 (s) DataTime = 0.002 (s) Losses = ['0.5169', '0.9762'] lr = 0.000011
2026-05-17 12:55:28,195 - base - INFO - [Epoch 2/300][Batch 201/9303] BatchTime = 0.648 (s) DataTime = 0.002 (s) Losses = ['0.6375', '1.3490'] lr = 0.000011
2026-05-17 12:55:41,210 - base - INFO - [Epoch 2/300][Batch 221/9303] BatchTime = 0.649 (s) DataTime = 0.001 (s) Losses = ['0.6686', '1.3759'] lr = 0.000011
2026-05-17 12:55:54,236 - base - INFO - [Epoch 2/300][Batch 241/9303] BatchTime = 0.651 (s) DataTime = 0.002 (s) Losses = ['0.5342', '1.1565'] lr = 0.000011
2026-05-17 12:56:07,249 - base - INFO - [Epoch 2/300][Batch 261/9303] BatchTime = 0.657 (s) DataTime = 0.001 (s) Losses = ['0.4723', '0.9463'] lr = 0.000011
2026-05-17 12:56:20,278 - base - INFO - [Epoch 2/300][Batch 281/9303] BatchTime = 0.647 (s) DataTime = 0.002 (s) Losses = ['0.5322', '1.4091'] lr = 0.000011
2026-05-17 12:56:33,339 - base - INFO - [Epoch 2/300][Batch 301/9303] BatchTime = 0.650 (s) DataTime = 0.001 (s) Losses = ['0.5668', '1.0228'] lr = 0.000011
2026-05-17 12:56:46,348 - base - INFO - [Epoch 2/300][Batch 321/9303] BatchTime = 0.648 (s) DataTime = 0.001 (s) Losses = ['0.6010', '1.0192'] lr = 0.000011
2026-05-17 12:56:59,383 - base - INFO - [Epoch 2/300][Batch 341/9303] BatchTime = 0.649 (s) DataTime = 0.002 (s) Losses = ['0.6792', '1.2597'] lr = 0.000011
2026-05-17 12:57:12,392 - base - INFO - [Epoch 2/300][Batch 361/9303] BatchTime = 0.654 (s) DataTime = 0.002 (s) Losses = ['0.5227', '1.1528'] lr = 0.000011
2026-05-17 12:57:25,397 - base - INFO - [Epoch 2/300][Batch 381/9303] BatchTime = 0.651 (s) DataTime = 0.002 (s) Losses = ['0.5761', '1.1876'] lr = 0.000011
2026-05-17 12:57:38,404 - base - INFO - [Epoch 2/300][Batch 401/9303] BatchTime = 0.654 (s) DataTime = 0.001 (s) Losses = ['0.5186', '1.2933'] lr = 0.000011
2026-05-17 12:57:51,462 - base - INFO - [Epoch 2/300][Batch 421/9303] BatchTime = 0.650 (s) DataTime = 0.002 (s) Losses = ['0.5911', '1.3568'] lr = 0.000011
2026-05-17 12:58:04,498 - base - INFO - [Epoch 2/300][Batch 441/9303] BatchTime = 0.649 (s) DataTime = 0.001 (s) Losses = ['0.5444', '0.8773'] lr = 0.000011
2026-05-17 12:58:17,513 - base - INFO - [Epoch 2/300][Batch 461/9303] BatchTime = 0.663 (s) DataTime = 0.002 (s) Losses = ['0.6373', '1.0048'] lr = 0.000011
2026-05-17 12:58:30,504 - base - INFO - [Epoch 2/300][Batch 481/9303] BatchTime = 0.651 (s) DataTime = 0.002 (s) Losses = ['0.6385', '1.2337'] lr = 0.000011
2026-05-17 12:58:43,525 - base - INFO - [Epoch 2/300][Batch 501/9303] BatchTime = 0.673 (s) DataTime = 0.002 (s) Losses = ['0.6835', '1.0547'] lr = 0.000011
2026-05-17 12:58:56,571 - base - INFO - [Epoch 2/300][Batch 521/9303] BatchTime = 0.646 (s) DataTime = 0.001 (s) Losses = ['0.5290', '1.4155'] lr = 0.000011
2026-05-17 12:59:09,640 - base - INFO - [Epoch 2/300][Batch 541/9303] BatchTime = 0.648 (s) DataTime = 0.002 (s) Losses = ['0.6123', '1.3684'] lr = 0.000011
2026-05-17 12:59:22,665 - base - INFO - [Epoch 2/300][Batch 561/9303] BatchTime = 0.654 (s) DataTime = 0.001 (s) Losses = ['0.5879', '1.0611'] lr = 0.000011
2026-05-17 12:59:35,683 - base - INFO - [Epoch 2/300][Batch 581/9303] BatchTime = 0.648 (s) DataTime = 0.002 (s) Losses = ['0.5929', '0.9226'] lr = 0.000011
2026-05-17 12:59:48,691 - base - INFO - [Epoch 2/300][Batch 601/9303] BatchTime = 0.647 (s) DataTime = 0.001 (s) Losses = ['0.5646', '1.0460'] lr = 0.000011
2026-05-17 13:00:01,695 - base - INFO - [Epoch 2/300][Batch 621/9303] BatchTime = 0.647 (s) DataTime = 0.002 (s) Losses = ['0.5872', '1.4247'] lr = 0.000011
2026-05-17 13:00:14,706 - base - INFO - [Epoch 2/300][Batch 641/9303] BatchTime = 0.655 (s) DataTime = 0.002 (s) Losses = ['0.5131', '1.1820'] lr = 0.000011
2026-05-17 13:00:27,713 - base - INFO - [Epoch 2/300][Batch 661/9303] BatchTime = 0.650 (s) DataTime = 0.002 (s) Losses = ['0.6396', '1.0688'] lr = 0.000011
2026-05-17 13:00:40,804 - base - INFO - [Epoch 2/300][Batch 681/9303] BatchTime = 0.654 (s) DataTime = 0.002 (s) Losses = ['0.5614', '0.9768'] lr = 0.000011
2026-05-17 13:00:53,809 - base - INFO - [Epoch 2/300][Batch 701/9303] BatchTime = 0.651 (s) DataTime = 0.002 (s) Losses = ['0.6784', '1.4261'] lr = 0.000011
2026-05-17 13:01:06,820 - base - INFO - [Epoch 2/300][Batch 721/9303] BatchTime = 0.647 (s) DataTime = 0.001 (s) Losses = ['0.5408', '0.9753'] lr = 0.000011
2026-05-17 13:01:19,842 - base - INFO - [Epoch 2/300][Batch 741/9303] BatchTime = 0.654 (s) DataTime = 0.002 (s) Losses = ['0.5980', '1.4506'] lr = 0.000011
2026-05-17 13:01:32,870 - base - INFO - [Epoch 2/300][Batch 761/9303] BatchTime = 0.649 (s) DataTime = 0.001 (s) Losses = ['0.6890', '1.2452'] lr = 0.000011
2026-05-17 13:01:45,919 - base - INFO - [Epoch 2/300][Batch 781/9303] BatchTime = 0.650 (s) DataTime = 0.001 (s) Losses = ['0.5856', '0.8660'] lr = 0.000011
2026-05-17 13:01:58,961 - base - INFO - [Epoch 2/300][Batch 801/9303] BatchTime = 0.650 (s) DataTime = 0.001 (s) Losses = ['0.5378', '1.1314'] lr = 0.000011
2026-05-17 13:02:11,999 - base - INFO - [Epoch 2/300][Batch 821/9303] BatchTime = 0.657 (s) DataTime = 0.002 (s) Losses = ['0.5867', '1.2783'] lr = 0.000011
2026-05-17 13:02:25,023 - base - INFO - [Epoch 2/300][Batch 841/9303] BatchTime = 0.648 (s) DataTime = 0.001 (s) Losses = ['0.6268', '0.9572'] lr = 0.000011
2026-05-17 13:02:38,029 - base - INFO - [Epoch 2/300][Batch 861/9303] BatchTime = 0.648 (s) DataTime = 0.002 (s) Losses = ['0.5495', '0.8835'] lr = 0.000011
2026-05-17 13:02:51,084 - base - INFO - [Epoch 2/300][Batch 881/9303] BatchTime = 0.649 (s) DataTime = 0.002 (s) Losses = ['0.6413', '1.4518'] lr = 0.000011
2026-05-17 13:03:04,114 - base - INFO - [Epoch 2/300][Batch 901/9303] BatchTime = 0.652 (s) DataTime = 0.002 (s) Losses = ['0.5885', '1.1733'] lr = 0.000011
2026-05-17 13:03:17,139 - base - INFO - [Epoch 2/300][Batch 921/9303] BatchTime = 0.656 (s) DataTime = 0.002 (s) Losses = ['0.6301', '1.2190'] lr = 0.000011
2026-05-17 13:03:30,145 - base - INFO - [Epoch 2/300][Batch 941/9303] BatchTime = 0.650 (s) DataTime = 0.002 (s) Losses = ['0.6397', '1.0295'] lr = 0.000011
2026-05-17 13:03:43,166 - base - INFO - [Epoch 2/300][Batch 961/9303] BatchTime = 0.647 (s) DataTime = 0.002 (s) Losses = ['0.6299', '1.1413'] lr = 0.000011
2026-05-17 13:03:56,185 - base - INFO - [Epoch 2/300][Batch 981/9303] BatchTime = 0.647 (s) DataTime = 0.002 (s) Losses = ['0.6005', '0.9119'] lr = 0.000011
2026-05-17 13:04:09,234 - base - INFO - [Epoch 2/300][Batch 1001/9303] BatchTime = 0.651 (s) DataTime = 0.001 (s) Losses = ['0.6336', '1.2234'] lr = 0.000011
2026-05-17 13:04:22,298 - base - INFO - [Epoch 2/300][Batch 1021/9303] BatchTime = 0.657 (s) DataTime = 0.002 (s) Losses = ['0.6055', '1.0322'] lr = 0.000011
2026-05-17 13:04:35,331 - base - INFO - [Epoch 2/300][Batch 1041/9303] BatchTime = 0.647 (s) DataTime = 0.001 (s) Losses = ['0.6717', '1.1732'] lr = 0.000011
2026-05-17 13:04:48,354 - base - INFO - [Epoch 2/300][Batch 1061/9303] BatchTime = 0.651 (s) DataTime = 0.001 (s) Losses = ['0.6435', '1.4416'] lr = 0.000011
2026-05-17 13:05:01,380 - base - INFO - [Epoch 2/300][Batch 1081/9303] BatchTime = 0.654 (s) DataTime = 0.001 (s) Losses = ['0.5880', '1.1684'] lr = 0.000011
2026-05-17 13:05:14,415 - base - INFO - [Epoch 2/300][Batch 1101/9303] BatchTime = 0.650 (s) DataTime = 0.001 (s) Losses = ['0.5947', '1.0362'] lr = 0.000011
2026-05-17 13:05:27,451 - base - INFO - [Epoch 2/300][Batch 1121/9303] BatchTime = 0.655 (s) DataTime = 0.001 (s) Losses = ['0.6188', '1.2210'] lr = 0.000011
2026-05-17 13:05:40,459 - base - INFO - [Epoch 2/300][Batch 1141/9303] BatchTime = 0.650 (s) DataTime = 0.002 (s) Losses = ['0.5282', '1.0027'] lr = 0.000011
2026-05-17 13:05:53,503 - base - INFO - [Epoch 2/300][Batch 1161/9303] BatchTime = 0.653 (s) DataTime = 0.002 (s) Losses = ['0.5422', '0.9057'] lr = 0.000011
2026-05-17 13:06:06,506 - base - INFO - [Epoch 2/300][Batch 1181/9303] BatchTime = 0.647 (s) DataTime = 0.002 (s) Losses = ['0.5560', '0.9034'] lr = 0.000011
2026-05-17 13:06:19,527 - base - INFO - [Epoch 2/300][Batch 1201/9303] BatchTime = 0.648 (s) DataTime = 0.001 (s) Losses = ['0.6165', '1.1462'] lr = 0.000011
2026-05-17 13:06:32,540 - base - INFO - [Epoch 2/300][Batch 1221/9303] BatchTime = 0.646 (s) DataTime = 0.002 (s) Losses = ['0.6431', '1.3263'] lr = 0.000011
2026-05-17 13:06:45,602 - base - INFO - [Epoch 2/300][Batch 1241/9303] BatchTime = 0.656 (s) DataTime = 0.001 (s) Losses = ['0.5774', '1.2931'] lr = 0.000011
2026-05-17 13:06:58,628 - base - INFO - [Epoch 2/300][Batch 1261/9303] BatchTime = 0.647 (s) DataTime = 0.001 (s) Losses = ['0.6188', '1.5455'] lr = 0.000011
2026-05-17 13:07:11,642 - base - INFO - [Epoch 2/300][Batch 1281/9303] BatchTime = 0.646 (s) DataTime = 0.001 (s) Losses = ['0.6101', '1.1046'] lr = 0.000011
2026-05-17 13:07:24,665 - base - INFO - [Epoch 2/300][Batch 1301/9303] BatchTime = 0.658 (s) DataTime = 0.002 (s) Losses = ['0.5613', '1.1766'] lr = 0.000011
2026-05-17 13:07:37,731 - base - INFO - [Epoch 2/300][Batch 1321/9303] BatchTime = 0.651 (s) DataTime = 0.002 (s) Losses = ['0.5762', '1.0673'] lr = 0.000011
2026-05-17 13:07:50,786 - base - INFO - [Epoch 2/300][Batch 1341/9303] BatchTime = 0.650 (s) DataTime = 0.001 (s) Losses = ['0.6151', '1.0211'] lr = 0.000011
2026-05-17 13:08:03,831 - base - INFO - [Epoch 2/300][Batch 1361/9303] BatchTime = 0.649 (s) DataTime = 0.002 (s) Losses = ['0.6031', '1.3423'] lr = 0.000011
2026-05-17 13:08:16,861 - base - INFO - [Epoch 2/300][Batch 1381/9303] BatchTime = 0.650 (s) DataTime = 0.001 (s) Losses = ['0.6879', '1.4005'] lr = 0.000011
2026-05-17 13:08:29,870 - base - INFO - [Epoch 2/300][Batch 1401/9303] BatchTime = 0.647 (s) DataTime = 0.001 (s) Losses = ['0.6285', '1.1831'] lr = 0.000011
2026-05-17 13:08:42,887 - base - INFO - [Epoch 2/300][Batch 1421/9303] BatchTime = 0.648 (s) DataTime = 0.001 (s) Losses = ['0.6313', '1.2502'] lr = 0.000011
2026-05-17 13:08:55,898 - base - INFO - [Epoch 2/300][Batch 1441/9303] BatchTime = 0.646 (s) DataTime = 0.001 (s) Losses = ['0.5480', '1.3600'] lr = 0.000011
2026-05-17 13:09:08,934 - base - INFO - [Epoch 2/300][Batch 1461/9303] BatchTime = 0.650 (s) DataTime = 0.002 (s) Losses = ['0.5474', '0.9686'] lr = 0.000011
2026-05-17 13:09:21,941 - base - INFO - [Epoch 2/300][Batch 1481/9303] BatchTime = 0.654 (s) DataTime = 0.001 (s) Losses = ['0.6377', '0.9544'] lr = 0.000011
2026-05-17 13:09:35,022 - base - INFO - [Epoch 2/300][Batch 1501/9303] BatchTime = 0.647 (s) DataTime = 0.002 (s) Losses = ['0.5736', '0.9419'] lr = 0.000011
2026-05-17 13:09:48,056 - base - INFO - [Epoch 2/300][Batch 1521/9303] BatchTime = 0.649 (s) DataTime = 0.002 (s) Losses = ['0.5452', '1.0281'] lr = 0.000011
2026-05-17 13:10:01,077 - base - INFO - [Epoch 2/300][Batch 1541/9303] BatchTime = 0.652 (s) DataTime = 0.002 (s) Losses = ['0.5326', '0.9014'] lr = 0.000011
2026-05-17 13:10:14,109 - base - INFO - [Epoch 2/300][Batch 1561/9303] BatchTime = 0.656 (s) DataTime = 0.002 (s) Losses = ['0.5358', '1.1418'] lr = 0.000011
2026-05-17 13:10:27,199 - base - INFO - [Epoch 2/300][Batch 1581/9303] BatchTime = 0.651 (s) DataTime = 0.001 (s) Losses = ['0.5959', '1.4328'] lr = 0.000011
2026-05-17 13:10:40,219 - base - INFO - [Epoch 2/300][Batch 1601/9303] BatchTime = 0.653 (s) DataTime = 0.002 (s) Losses = ['0.6128', '1.1679'] lr = 0.000011
2026-05-17 13:10:53,259 - base - INFO - [Epoch 2/300][Batch 1621/9303] BatchTime = 0.656 (s) DataTime = 0.002 (s) Losses = ['0.7308', '1.3968'] lr = 0.000011
2026-05-17 13:11:06,278 - base - INFO - [Epoch 2/300][Batch 1641/9303] BatchTime = 0.646 (s) DataTime = 0.001 (s) Losses = ['0.5669', '1.1849'] lr = 0.000011
2026-05-17 13:11:19,339 - base - INFO - [Epoch 2/300][Batch 1661/9303] BatchTime = 0.654 (s) DataTime = 0.002 (s) Losses = ['0.5784', '1.1295'] lr = 0.000011
2026-05-17 13:11:32,356 - base - INFO - [Epoch 2/300][Batch 1681/9303] BatchTime = 0.645 (s) DataTime = 0.001 (s) Losses = ['0.5817', '1.2037'] lr = 0.000011
2026-05-17 13:11:45,420 - base - INFO - [Epoch 2/300][Batch 1701/9303] BatchTime = 0.652 (s) DataTime = 0.002 (s) Losses = ['0.6593', '1.2343'] lr = 0.000011
2026-05-17 13:11:58,452 - base - INFO - [Epoch 2/300][Batch 1721/9303] BatchTime = 0.650 (s) DataTime = 0.001 (s) Losses = ['0.6221', '1.4050'] lr = 0.000011
2026-05-17 13:12:11,446 - base - INFO - [Epoch 2/300][Batch 1741/9303] BatchTime = 0.647 (s) DataTime = 0.002 (s) Losses = ['0.5777', '1.3607'] lr = 0.000011
2026-05-17 13:12:24,507 - base - INFO - [Epoch 2/300][Batch 1761/9303] BatchTime = 0.648 (s) DataTime = 0.001 (s) Losses = ['0.5855', '1.0381'] lr = 0.000011
2026-05-17 13:12:37,539 - base - INFO - [Epoch 2/300][Batch 1781/9303] BatchTime = 0.653 (s) DataTime = 0.001 (s) Losses = ['0.5813', '0.8199'] lr = 0.000011
2026-05-17 13:12:50,555 - base - INFO - [Epoch 2/300][Batch 1801/9303] BatchTime = 0.647 (s) DataTime = 0.001 (s) Losses = ['0.5227', '1.2068'] lr = 0.000011
2026-05-17 13:13:03,599 - base - INFO - [Epoch 2/300][Batch 1821/9303] BatchTime = 0.650 (s) DataTime = 0.001 (s) Losses = ['0.6027', '1.1044'] lr = 0.000011
2026-05-17 13:13:16,651 - base - INFO - [Epoch 2/300][Batch 1841/9303] BatchTime = 0.659 (s) DataTime = 0.001 (s) Losses = ['0.5531', '0.9845'] lr = 0.000011
2026-05-17 13:13:29,696 - base - INFO - [Epoch 2/300][Batch 1861/9303] BatchTime = 0.652 (s) DataTime = 0.001 (s) Losses = ['0.5636', '1.2507'] lr = 0.000011
2026-05-17 13:13:42,716 - base - INFO - [Epoch 2/300][Batch 1881/9303] BatchTime = 0.646 (s) DataTime = 0.001 (s) Losses = ['0.5927', '0.7436'] lr = 0.000011
2026-05-17 13:13:55,717 - base - INFO - [Epoch 2/300][Batch 1901/9303] BatchTime = 0.648 (s) DataTime = 0.002 (s) Losses = ['0.6099', '1.2561'] lr = 0.000011
2026-05-17 13:14:08,721 - base - INFO - [Epoch 2/300][Batch 1921/9303] BatchTime = 0.648 (s) DataTime = 0.001 (s) Losses = ['0.7231', '1.1723'] lr = 0.000011
2026-05-17 13:14:21,806 - base - INFO - [Epoch 2/300][Batch 1941/9303] BatchTime = 0.651 (s) DataTime = 0.001 (s) Losses = ['0.5274', '1.1120'] lr = 0.000011
2026-05-17 13:14:34,825 - base - INFO - [Epoch 2/300][Batch 1961/9303] BatchTime = 0.652 (s) DataTime = 0.001 (s) Losses = ['0.6709', '1.1248'] lr = 0.000011
2026-05-17 13:14:47,841 - base - INFO - [Epoch 2/300][Batch 1981/9303] BatchTime = 0.649 (s) DataTime = 0.002 (s) Losses = ['0.5294', '1.3702'] lr = 0.000011
2026-05-17 13:15:00,890 - base - INFO - [Epoch 2/300][Batch 2001/9303] BatchTime = 0.657 (s) DataTime = 0.002 (s) Losses = ['0.5112', '1.0153'] lr = 0.000011
2026-05-17 13:15:13,961 - base - INFO - [Epoch 2/300][Batch 2021/9303] BatchTime = 0.657 (s) DataTime = 0.001 (s) Losses = ['0.5737', '0.9380'] lr = 0.000011
2026-05-17 13:15:26,998 - base - INFO - [Epoch 2/300][Batch 2041/9303] BatchTime = 0.648 (s) DataTime = 0.002 (s) Losses = ['0.6314', '1.2232'] lr = 0.000011
2026-05-17 13:15:40,035 - base - INFO - [Epoch 2/300][Batch 2061/9303] BatchTime = 0.652 (s) DataTime = 0.002 (s) Losses = ['0.5518', '1.1608'] lr = 0.000011
2026-05-17 13:15:53,046 - base - INFO - [Epoch 2/300][Batch 2081/9303] BatchTime = 0.649 (s) DataTime = 0.002 (s) Losses = ['0.6337', '0.7841'] lr = 0.000011
2026-05-17 13:16:06,071 - base - INFO - [Epoch 2/300][Batch 2101/9303] BatchTime = 0.650 (s) DataTime = 0.001 (s) Losses = ['0.6767', '1.3617'] lr = 0.000011
2026-05-17 13:16:19,108 - base - INFO - [Epoch 2/300][Batch 2121/9303] BatchTime = 0.647 (s) DataTime = 0.001 (s) Losses = ['0.6284', '0.9490'] lr = 0.000011
2026-05-17 13:16:32,123 - base - INFO - [Epoch 2/300][Batch 2141/9303] BatchTime = 0.648 (s) DataTime = 0.002 (s) Losses = ['0.5837', '1.1722'] lr = 0.000011
2026-05-17 13:16:45,120 - base - INFO - [Epoch 2/300][Batch 2161/9303] BatchTime = 0.648 (s) DataTime = 0.001 (s) Losses = ['0.5747', '1.0787'] lr = 0.000011
2026-05-17 13:16:58,124 - base - INFO - [Epoch 2/300][Batch 2181/9303] BatchTime = 0.648 (s) DataTime = 0.002 (s) Losses = ['0.5199', '0.8356'] lr = 0.000011
2026-05-17 13:17:11,187 - base - INFO - [Epoch 2/300][Batch 2201/9303] BatchTime = 0.649 (s) DataTime = 0.001 (s) Losses = ['0.5265', '1.2359'] lr = 0.000011
2026-05-17 13:17:24,195 - base - INFO - [Epoch 2/300][Batch 2221/9303] BatchTime = 0.652 (s) DataTime = 0.001 (s) Losses = ['0.5820', '0.9632'] lr = 0.000011
2026-05-17 13:17:37,275 - base - INFO - [Epoch 2/300][Batch 2241/9303] BatchTime = 0.648 (s) DataTime = 0.002 (s) Losses = ['0.5298', '1.2795'] lr = 0.000011
2026-05-17 13:17:50,289 - base - INFO - [Epoch 2/300][Batch 2261/9303] BatchTime = 0.650 (s) DataTime = 0.001 (s) Losses = ['0.5788', '0.9517'] lr = 0.000011
2026-05-17 13:18:03,320 - base - INFO - [Epoch 2/300][Batch 2281/9303] BatchTime = 0.648 (s) DataTime = 0.001 (s) Losses = ['0.6172', '1.2685'] lr = 0.000011
2026-05-17 13:18:16,383 - base - INFO - [Epoch 2/300][Batch 2301/9303] BatchTime = 0.652 (s) DataTime = 0.002 (s) Losses = ['0.6090', '1.0929'] lr = 0.000011
2026-05-17 13:18:29,403 - base - INFO - [Epoch 2/300][Batch 2321/9303] BatchTime = 0.650 (s) DataTime = 0.001 (s) Losses = ['0.5584', '1.2456'] lr = 0.000011
2026-05-17 13:18:42,431 - base - INFO - [Epoch 2/300][Batch 2341/9303] BatchTime = 0.653 (s) DataTime = 0.002 (s) Losses = ['0.6065', '0.9221'] lr = 0.000011
2026-05-17 13:18:55,442 - base - INFO - [Epoch 2/300][Batch 2361/9303] BatchTime = 0.649 (s) DataTime = 0.001 (s) Losses = ['0.6237', '1.0218'] lr = 0.000011
2026-05-17 13:19:08,488 - base - INFO - [Epoch 2/300][Batch 2381/9303] BatchTime = 0.661 (s) DataTime = 0.002 (s) Losses = ['0.5585', '1.1312'] lr = 0.000011
2026-05-17 13:19:21,536 - base - INFO - [Epoch 2/300][Batch 2401/9303] BatchTime = 0.649 (s) DataTime = 0.001 (s) Losses = ['0.6302', '1.0227'] lr = 0.000011
2026-05-17 13:19:34,547 - base - INFO - [Epoch 2/300][Batch 2421/9303] BatchTime = 0.653 (s) DataTime = 0.002 (s) Losses = ['0.5659', '0.8217'] lr = 0.000011
2026-05-17 13:19:47,579 - base - INFO - [Epoch 2/300][Batch 2441/9303] BatchTime = 0.646 (s) DataTime = 0.001 (s) Losses = ['0.5709', '1.0312'] lr = 0.000011
2026-05-17 13:20:00,592 - base - INFO - [Epoch 2/300][Batch 2461/9303] BatchTime = 0.648 (s) DataTime = 0.002 (s) Losses = ['0.5989', '1.1807'] lr = 0.000011
2026-05-17 13:20:13,628 - base - INFO - [Epoch 2/300][Batch 2481/9303] BatchTime = 0.651 (s) DataTime = 0.001 (s) Losses = ['0.5998', '1.0408'] lr = 0.000011
2026-05-17 13:20:26,656 - base - INFO - [Epoch 2/300][Batch 2501/9303] BatchTime = 0.648 (s) DataTime = 0.002 (s) Losses = ['0.6718', '1.1883'] lr = 0.000011
2026-05-17 13:20:39,695 - base - INFO - [Epoch 2/300][Batch 2521/9303] BatchTime = 0.649 (s) DataTime = 0.002 (s) Losses = ['0.5719', '0.9853'] lr = 0.000011
2026-05-17 13:20:52,692 - base - INFO - [Epoch 2/300][Batch 2541/9303] BatchTime = 0.647 (s) DataTime = 0.002 (s) Losses = ['0.6241', '1.2885'] lr = 0.000011
2026-05-17 13:21:05,703 - base - INFO - [Epoch 2/300][Batch 2561/9303] BatchTime = 0.648 (s) DataTime = 0.002 (s) Losses = ['0.6038', '1.1921'] lr = 0.000011
2026-05-17 13:21:18,743 - base - INFO - [Epoch 2/300][Batch 2581/9303] BatchTime = 0.659 (s) DataTime = 0.001 (s) Losses = ['0.7314', '1.3071'] lr = 0.000011
2026-05-17 13:21:31,819 - base - INFO - [Epoch 2/300][Batch 2601/9303] BatchTime = 0.647 (s) DataTime = 0.002 (s) Losses = ['0.6066', '0.9218'] lr = 0.000011
2026-05-17 13:21:44,827 - base - INFO - [Epoch 2/300][Batch 2621/9303] BatchTime = 0.648 (s) DataTime = 0.002 (s) Losses = ['0.5736', '1.0473'] lr = 0.000011
2026-05-17 13:21:57,869 - base - INFO - [Epoch 2/300][Batch 2641/9303] BatchTime = 0.661 (s) DataTime = 0.001 (s) Losses = ['0.5772', '0.8359'] lr = 0.000011
2026-05-17 13:22:10,908 - base - INFO - [Epoch 2/300][Batch 2661/9303] BatchTime = 0.652 (s) DataTime = 0.002 (s) Losses = ['0.6044', '1.0555'] lr = 0.000011
2026-05-17 13:22:23,939 - base - INFO - [Epoch 2/300][Batch 2681/9303] BatchTime = 0.647 (s) DataTime = 0.002 (s) Losses = ['0.6002', '1.5247'] lr = 0.000011
2026-05-17 13:22:37,028 - base - INFO - [Epoch 2/300][Batch 2701/9303] BatchTime = 0.652 (s) DataTime = 0.002 (s) Losses = ['0.6071', '1.1418'] lr = 0.000011
2026-05-17 13:22:50,097 - base - INFO - [Epoch 2/300][Batch 2721/9303] BatchTime = 0.649 (s) DataTime = 0.002 (s) Losses = ['0.5843', '1.1124'] lr = 0.000011
2026-05-17 13:23:03,131 - base - INFO - [Epoch 2/300][Batch 2741/9303] BatchTime = 0.649 (s) DataTime = 0.002 (s) Losses = ['0.6198', '1.1975'] lr = 0.000011
2026-05-17 13:23:16,141 - base - INFO - [Epoch 2/300][Batch 2761/9303] BatchTime = 0.650 (s) DataTime = 0.001 (s) Losses = ['0.5633', '1.1625'] lr = 0.000011
2026-05-17 13:23:29,168 - base - INFO - [Epoch 2/300][Batch 2781/9303] BatchTime = 0.646 (s) DataTime = 0.002 (s) Losses = ['0.5935', '1.0418'] lr = 0.000011
2026-05-17 13:23:42,202 - base - INFO - [Epoch 2/300][Batch 2801/9303] BatchTime = 0.648 (s) DataTime = 0.002 (s) Losses = ['0.5146', '0.9616'] lr = 0.000011
2026-05-17 13:23:55,267 - base - INFO - [Epoch 2/300][Batch 2821/9303] BatchTime = 0.650 (s) DataTime = 0.002 (s) Losses = ['0.5778', '1.2650'] lr = 0.000011
2026-05-17 13:24:08,306 - base - INFO - [Epoch 2/300][Batch 2841/9303] BatchTime = 0.648 (s) DataTime = 0.002 (s) Losses = ['0.5441', '1.0858'] lr = 0.000011
2026-05-17 13:24:21,316 - base - INFO - [Epoch 2/300][Batch 2861/9303] BatchTime = 0.649 (s) DataTime = 0.001 (s) Losses = ['0.6106', '0.9805'] lr = 0.000011
2026-05-17 13:24:34,419 - base - INFO - [Epoch 2/300][Batch 2881/9303] BatchTime = 0.668 (s) DataTime = 0.002 (s) Losses = ['0.5450', '1.1448'] lr = 0.000011
2026-05-17 13:24:47,431 - base - INFO - [Epoch 2/300][Batch 2901/9303] BatchTime = 0.650 (s) DataTime = 0.002 (s) Losses = ['0.6444', '1.2672'] lr = 0.000011
2026-05-17 13:25:00,447 - base - INFO - [Epoch 2/300][Batch 2921/9303] BatchTime = 0.646 (s) DataTime = 0.001 (s) Losses = ['0.6158', '1.0031'] lr = 0.000011
2026-05-17 13:25:13,518 - base - INFO - [Epoch 2/300][Batch 2941/9303] BatchTime = 0.649 (s) DataTime = 0.002 (s) Losses = ['0.5422', '0.9686'] lr = 0.000011
2026-05-17 13:25:26,537 - base - INFO - [Epoch 2/300][Batch 2961/9303] BatchTime = 0.645 (s) DataTime = 0.002 (s) Losses = ['0.6599', '1.3760'] lr = 0.000011
2026-05-17 13:25:39,551 - base - INFO - [Epoch 2/300][Batch 2981/9303] BatchTime = 0.649 (s) DataTime = 0.002 (s) Losses = ['0.6370', '0.9565'] lr = 0.000011
2026-05-17 13:25:52,580 - base - INFO - [Epoch 2/300][Batch 3001/9303] BatchTime = 0.647 (s) DataTime = 0.001 (s) Losses = ['0.5791', '1.0349'] lr = 0.000011
2026-05-17 13:26:05,603 - base - INFO - [Epoch 2/300][Batch 3021/9303] BatchTime = 0.649 (s) DataTime = 0.002 (s) Losses = ['0.6097', '1.3217'] lr = 0.000011
2026-05-17 13:26:18,647 - base - INFO - [Epoch 2/300][Batch 3041/9303] BatchTime = 0.648 (s) DataTime = 0.002 (s) Losses = ['0.6506', '1.2096'] lr = 0.000011
2026-05-17 13:26:31,657 - base - INFO - [Epoch 2/300][Batch 3061/9303] BatchTime = 0.653 (s) DataTime = 0.001 (s) Losses = ['0.6576', '1.1687'] lr = 0.000011
2026-05-17 13:26:44,691 - base - INFO - [Epoch 2/300][Batch 3081/9303] BatchTime = 0.650 (s) DataTime = 0.001 (s) Losses = ['0.6292', '0.9247'] lr = 0.000011
2026-05-17 13:26:57,715 - base - INFO - [Epoch 2/300][Batch 3101/9303] BatchTime = 0.658 (s) DataTime = 0.002 (s) Losses = ['0.5964', '1.1023'] lr = 0.000011
2026-05-17 13:27:10,738 - base - INFO - [Epoch 2/300][Batch 3121/9303] BatchTime = 0.654 (s) DataTime = 0.002 (s) Losses = ['0.6001', '1.1736'] lr = 0.000011
2026-05-17 13:27:23,787 - base - INFO - [Epoch 2/300][Batch 3141/9303] BatchTime = 0.649 (s) DataTime = 0.001 (s) Losses = ['0.5379', '1.1043'] lr = 0.000011
2026-05-17 13:27:36,801 - base - INFO - [Epoch 2/300][Batch 3161/9303] BatchTime = 0.649 (s) DataTime = 0.002 (s) Losses = ['0.6033', '1.1652'] lr = 0.000011
2026-05-17 13:27:49,861 - base - INFO - [Epoch 2/300][Batch 3181/9303] BatchTime = 0.652 (s) DataTime = 0.002 (s) Losses = ['0.6092', '1.5505'] lr = 0.000011
2026-05-17 13:28:02,866 - base - INFO - [Epoch 2/300][Batch 3201/9303] BatchTime = 0.650 (s) DataTime = 0.002 (s) Losses = ['0.5826', '1.2751'] lr = 0.000011
2026-05-17 13:28:15,884 - base - INFO - [Epoch 2/300][Batch 3221/9303] BatchTime = 0.648 (s) DataTime = 0.002 (s) Losses = ['0.5755', '1.0389'] lr = 0.000011
2026-05-17 13:28:28,910 - base - INFO - [Epoch 2/300][Batch 3241/9303] BatchTime = 0.648 (s) DataTime = 0.001 (s) Losses = ['0.5776', '0.9834'] lr = 0.000011
2026-05-17 13:28:41,924 - base - INFO - [Epoch 2/300][Batch 3261/9303] BatchTime = 0.655 (s) DataTime = 0.002 (s) Losses = ['0.6013', '1.1554'] lr = 0.000011
2026-05-17 13:28:54,951 - base - INFO - [Epoch 2/300][Batch 3281/9303] BatchTime = 0.646 (s) DataTime = 0.001 (s) Losses = ['0.5287', '0.9385'] lr = 0.000011
2026-05-17 13:29:07,970 - base - INFO - [Epoch 2/300][Batch 3301/9303] BatchTime = 0.649 (s) DataTime = 0.002 (s) Losses = ['0.5712', '1.0830'] lr = 0.000011
2026-05-17 13:29:21,049 - base - INFO - [Epoch 2/300][Batch 3321/9303] BatchTime = 0.652 (s) DataTime = 0.001 (s) Losses = ['0.5317', '1.5318'] lr = 0.000011
2026-05-17 13:29:34,066 - base - INFO - [Epoch 2/300][Batch 3341/9303] BatchTime = 0.648 (s) DataTime = 0.002 (s) Losses = ['0.5569', '1.0824'] lr = 0.000011
2026-05-17 13:29:47,125 - base - INFO - [Epoch 2/300][Batch 3361/9303] BatchTime = 0.648 (s) DataTime = 0.002 (s) Losses = ['0.5909', '1.2257'] lr = 0.000011
2026-05-17 13:30:00,140 - base - INFO - [Epoch 2/300][Batch 3381/9303] BatchTime = 0.646 (s) DataTime = 0.002 (s) Losses = ['0.6938', '1.0789'] lr = 0.000011
2026-05-17 13:30:13,170 - base - INFO - [Epoch 2/300][Batch 3401/9303] BatchTime = 0.647 (s) DataTime = 0.002 (s) Losses = ['0.5934', '1.2029'] lr = 0.000011
2026-05-17 13:30:26,252 - base - INFO - [Epoch 2/300][Batch 3421/9303] BatchTime = 0.649 (s) DataTime = 0.002 (s) Losses = ['0.5950', '1.0797'] lr = 0.000011
2026-05-17 13:30:39,248 - base - INFO - [Epoch 2/300][Batch 3441/9303] BatchTime = 0.646 (s) DataTime = 0.002 (s) Losses = ['0.6815', '1.2681'] lr = 0.000011
2026-05-17 13:30:52,263 - base - INFO - [Epoch 2/300][Batch 3461/9303] BatchTime = 0.652 (s) DataTime = 0.002 (s) Losses = ['0.5764', '1.0584'] lr = 0.000011
2026-05-17 13:31:05,288 - base - INFO - [Epoch 2/300][Batch 3481/9303] BatchTime = 0.650 (s) DataTime = 0.002 (s) Losses = ['0.6058', '1.3550'] lr = 0.000011
2026-05-17 13:31:18,299 - base - INFO - [Epoch 2/300][Batch 3501/9303] BatchTime = 0.648 (s) DataTime = 0.002 (s) Losses = ['0.5777', '1.2740'] lr = 0.000011
2026-05-17 13:31:31,398 - base - INFO - [Epoch 2/300][Batch 3521/9303] BatchTime = 0.648 (s) DataTime = 0.002 (s) Losses = ['0.6194', '1.0690'] lr = 0.000011
2026-05-17 13:31:44,468 - base - INFO - [Epoch 2/300][Batch 3541/9303] BatchTime = 0.651 (s) DataTime = 0.002 (s) Losses = ['0.5883', '1.0417'] lr = 0.000011
2026-05-17 13:31:57,523 - base - INFO - [Epoch 2/300][Batch 3561/9303] BatchTime = 0.645 (s) DataTime = 0.001 (s) Losses = ['0.5541', '1.1551'] lr = 0.000011
2026-05-17 13:32:10,587 - base - INFO - [Epoch 2/300][Batch 3581/9303] BatchTime = 0.648 (s) DataTime = 0.002 (s) Losses = ['0.5165', '1.0026'] lr = 0.000011
2026-05-17 13:32:23,619 - base - INFO - [Epoch 2/300][Batch 3601/9303] BatchTime = 0.647 (s) DataTime = 0.001 (s) Losses = ['0.5925', '1.2668'] lr = 0.000011
2026-05-17 13:32:36,673 - base - INFO - [Epoch 2/300][Batch 3621/9303] BatchTime = 0.652 (s) DataTime = 0.002 (s) Losses = ['0.5987', '0.9797'] lr = 0.000011
2026-05-17 13:32:49,708 - base - INFO - [Epoch 2/300][Batch 3641/9303] BatchTime = 0.681 (s) DataTime = 0.002 (s) Losses = ['0.5169', '0.9409'] lr = 0.000011
2026-05-17 13:33:02,718 - base - INFO - [Epoch 2/300][Batch 3661/9303] BatchTime = 0.649 (s) DataTime = 0.002 (s) Losses = ['0.6080', '1.0215'] lr = 0.000011
2026-05-17 13:33:15,783 - base - INFO - [Epoch 2/300][Batch 3681/9303] BatchTime = 0.655 (s) DataTime = 0.001 (s) Losses = ['0.6025', '0.8783'] lr = 0.000011
2026-05-17 13:33:28,827 - base - INFO - [Epoch 2/300][Batch 3701/9303] BatchTime = 0.675 (s) DataTime = 0.002 (s) Losses = ['0.6528', '1.1447'] lr = 0.000011
2026-05-17 13:33:41,864 - base - INFO - [Epoch 2/300][Batch 3721/9303] BatchTime = 0.647 (s) DataTime = 0.001 (s) Losses = ['0.6485', '0.9179'] lr = 0.000011
2026-05-17 13:33:54,903 - base - INFO - [Epoch 2/300][Batch 3741/9303] BatchTime = 0.651 (s) DataTime = 0.002 (s) Losses = ['0.6084', '1.1038'] lr = 0.000011
2026-05-17 13:34:07,931 - base - INFO - [Epoch 2/300][Batch 3761/9303] BatchTime = 0.662 (s) DataTime = 0.001 (s) Losses = ['0.5376', '1.1797'] lr = 0.000011
2026-05-17 13:34:20,974 - base - INFO - [Epoch 2/300][Batch 3781/9303] BatchTime = 0.648 (s) DataTime = 0.002 (s) Losses = ['0.5810', '1.1126'] lr = 0.000011
2026-05-17 13:34:34,023 - base - INFO - [Epoch 2/300][Batch 3801/9303] BatchTime = 0.652 (s) DataTime = 0.001 (s) Losses = ['0.5848', '1.0211'] lr = 0.000011
2026-05-17 13:34:47,055 - base - INFO - [Epoch 2/300][Batch 3821/9303] BatchTime = 0.656 (s) DataTime = 0.002 (s) Losses = ['0.4946', '1.0384'] lr = 0.000011
2026-05-17 13:35:00,121 - base - INFO - [Epoch 2/300][Batch 3841/9303] BatchTime = 0.646 (s) DataTime = 0.001 (s) Losses = ['0.6795', '1.7053'] lr = 0.000011
2026-05-17 13:35:13,148 - base - INFO - [Epoch 2/300][Batch 3861/9303] BatchTime = 0.651 (s) DataTime = 0.002 (s) Losses = ['0.5912', '1.4947'] lr = 0.000011
2026-05-17 13:35:26,221 - base - INFO - [Epoch 2/300][Batch 3881/9303] BatchTime = 0.658 (s) DataTime = 0.001 (s) Losses = ['0.5620', '1.1164'] lr = 0.000011
2026-05-17 13:35:39,256 - base - INFO - [Epoch 2/300][Batch 3901/9303] BatchTime = 0.648 (s) DataTime = 0.001 (s) Losses = ['0.6721', '1.4866'] lr = 0.000011
2026-05-17 13:35:52,280 - base - INFO - [Epoch 2/300][Batch 3921/9303] BatchTime = 0.651 (s) DataTime = 0.002 (s) Losses = ['0.6671', '1.2613'] lr = 0.000011
2026-05-17 13:36:05,304 - base - INFO - [Epoch 2/300][Batch 3941/9303] BatchTime = 0.649 (s) DataTime = 0.001 (s) Losses = ['0.5921', '0.9706'] lr = 0.000011
2026-05-17 13:36:18,350 - base - INFO - [Epoch 2/300][Batch 3961/9303] BatchTime = 0.648 (s) DataTime = 0.001 (s) Losses = ['0.6698', '0.8097'] lr = 0.000011
2026-05-17 13:36:31,418 - base - INFO - [Epoch 2/300][Batch 3981/9303] BatchTime = 0.649 (s) DataTime = 0.002 (s) Losses = ['0.5579', '1.0601'] lr = 0.000011
2026-05-17 13:36:44,455 - base - INFO - [Epoch 2/300][Batch 4001/9303] BatchTime = 0.658 (s) DataTime = 0.002 (s) Losses = ['0.6148', '1.4043'] lr = 0.000011
2026-05-17 13:36:57,511 - base - INFO - [Epoch 2/300][Batch 4021/9303] BatchTime = 0.648 (s) DataTime = 0.002 (s) Losses = ['0.6326', '1.1528'] lr = 0.000011
2026-05-17 13:37:10,524 - base - INFO - [Epoch 2/300][Batch 4041/9303] BatchTime = 0.649 (s) DataTime = 0.002 (s) Losses = ['0.6103', '1.8436'] lr = 0.000011
2026-05-17 13:37:23,532 - base - INFO - [Epoch 2/300][Batch 4061/9303] BatchTime = 0.652 (s) DataTime = 0.002 (s) Losses = ['0.6458', '1.0272'] lr = 0.000011
2026-05-17 13:37:36,555 - base - INFO - [Epoch 2/300][Batch 4081/9303] BatchTime = 0.648 (s) DataTime = 0.001 (s) Losses = ['0.5641', '1.0964'] lr = 0.000011
2026-05-17 13:37:49,569 - base - INFO - [Epoch 2/300][Batch 4101/9303] BatchTime = 0.655 (s) DataTime = 0.001 (s) Losses = ['0.4945', '0.9390'] lr = 0.000011
2026-05-17 13:38:02,581 - base - INFO - [Epoch 2/300][Batch 4121/9303] BatchTime = 0.648 (s) DataTime = 0.002 (s) Losses = ['0.5687', '1.0339'] lr = 0.000011
2026-05-17 13:38:15,607 - base - INFO - [Epoch 2/300][Batch 4141/9303] BatchTime = 0.651 (s) DataTime = 0.002 (s) Losses = ['0.5695', '0.8996'] lr = 0.000011
2026-05-17 13:38:28,655 - base - INFO - [Epoch 2/300][Batch 4161/9303] BatchTime = 0.673 (s) DataTime = 0.001 (s) Losses = ['0.5183', '0.8817'] lr = 0.000011
2026-05-17 13:38:41,673 - base - INFO - [Epoch 2/300][Batch 4181/9303] BatchTime = 0.648 (s) DataTime = 0.002 (s) Losses = ['0.6804', '1.1609'] lr = 0.000011
2026-05-17 13:38:54,688 - base - INFO - [Epoch 2/300][Batch 4201/9303] BatchTime = 0.648 (s) DataTime = 0.001 (s) Losses = ['0.6043', '1.0247'] lr = 0.000011
2026-05-17 13:39:07,694 - base - INFO - [Epoch 2/300][Batch 4221/9303] BatchTime = 0.647 (s) DataTime = 0.001 (s) Losses = ['0.5028', '0.8632'] lr = 0.000011
2026-05-17 13:39:20,743 - base - INFO - [Epoch 2/300][Batch 4241/9303] BatchTime = 0.650 (s) DataTime = 0.002 (s) Losses = ['0.6163', '1.1424'] lr = 0.000011
2026-05-17 13:39:33,767 - base - INFO - [Epoch 2/300][Batch 4261/9303] BatchTime = 0.651 (s) DataTime = 0.001 (s) Losses = ['0.5443', '0.9347'] lr = 0.000011
2026-05-17 13:39:46,847 - base - INFO - [Epoch 2/300][Batch 4281/9303] BatchTime = 0.655 (s) DataTime = 0.002 (s) Losses = ['0.5584', '1.2024'] lr = 0.000011
2026-05-17 13:39:59,890 - base - INFO - [Epoch 2/300][Batch 4301/9303] BatchTime = 0.649 (s) DataTime = 0.002 (s) Losses = ['0.5735', '0.9728'] lr = 0.000011
2026-05-17 13:40:12,909 - base - INFO - [Epoch 2/300][Batch 4321/9303] BatchTime = 0.647 (s) DataTime = 0.002 (s) Losses = ['0.6110', '1.0886'] lr = 0.000011
2026-05-17 13:40:25,952 - base - INFO - [Epoch 2/300][Batch 4341/9303] BatchTime = 0.648 (s) DataTime = 0.002 (s) Losses = ['0.5847', '1.3181'] lr = 0.000011
2026-05-17 13:40:38,961 - base - INFO - [Epoch 2/300][Batch 4361/9303] BatchTime = 0.649 (s) DataTime = 0.001 (s) Losses = ['0.5429', '1.1763'] lr = 0.000011
2026-05-17 13:40:51,967 - base - INFO - [Epoch 2/300][Batch 4381/9303] BatchTime = 0.649 (s) DataTime = 0.001 (s) Losses = ['0.5487', '0.9983'] lr = 0.000011
2026-05-17 13:41:05,006 - base - INFO - [Epoch 2/300][Batch 4401/9303] BatchTime = 0.649 (s) DataTime = 0.001 (s) Losses = ['0.5315', '0.7603'] lr = 0.000011
2026-05-17 13:41:18,022 - base - INFO - [Epoch 2/300][Batch 4421/9303] BatchTime = 0.648 (s) DataTime = 0.002 (s) Losses = ['0.6573', '1.3407'] lr = 0.000011
2026-05-17 13:41:31,079 - base - INFO - [Epoch 2/300][Batch 4441/9303] BatchTime = 0.647 (s) DataTime = 0.001 (s) Losses = ['0.5876', '1.3247'] lr = 0.000011
2026-05-17 13:41:44,107 - base - INFO - [Epoch 2/300][Batch 4461/9303] BatchTime = 0.652 (s) DataTime = 0.002 (s) Losses = ['0.5991', '1.0634'] lr = 0.000011
2026-05-17 13:41:57,164 - base - INFO - [Epoch 2/300][Batch 4481/9303] BatchTime = 0.654 (s) DataTime = 0.002 (s) Losses = ['0.6052', '1.2324'] lr = 0.000011
2026-05-17 13:42:10,199 - base - INFO - [Epoch 2/300][Batch 4501/9303] BatchTime = 0.649 (s) DataTime = 0.002 (s) Losses = ['0.5552', '0.9879'] lr = 0.000011
2026-05-17 13:42:23,229 - base - INFO - [Epoch 2/300][Batch 4521/9303] BatchTime = 0.649 (s) DataTime = 0.001 (s) Losses = ['0.6926', '1.3661'] lr = 0.000011
2026-05-17 13:42:36,316 - base - INFO - [Epoch 2/300][Batch 4541/9303] BatchTime = 0.649 (s) DataTime = 0.002 (s) Losses = ['0.5558', '1.2191'] lr = 0.000011
2026-05-17 13:42:49,354 - base - INFO - [Epoch 2/300][Batch 4561/9303] BatchTime = 0.652 (s) DataTime = 0.002 (s) Losses = ['0.5937', '1.1810'] lr = 0.000011
2026-05-17 13:43:02,372 - base - INFO - [Epoch 2/300][Batch 4581/9303] BatchTime = 0.649 (s) DataTime = 0.001 (s) Losses = ['0.4880', '1.1635'] lr = 0.000011
2026-05-17 13:43:15,414 - base - INFO - [Epoch 2/300][Batch 4601/9303] BatchTime = 0.648 (s) DataTime = 0.002 (s) Losses = ['0.7102', '1.1849'] lr = 0.000011
2026-05-17 13:43:28,420 - base - INFO - [Epoch 2/300][Batch 4621/9303] BatchTime = 0.648 (s) DataTime = 0.001 (s) Losses = ['0.5963', '1.3610'] lr = 0.000011
2026-05-17 13:43:41,460 - base - INFO - [Epoch 2/300][Batch 4641/9303] BatchTime = 0.649 (s) DataTime = 0.002 (s) Losses = ['0.5676', '1.1829'] lr = 0.000011
2026-05-17 13:43:54,481 - base - INFO - [Epoch 2/300][Batch 4661/9303] BatchTime = 0.649 (s) DataTime = 0.001 (s) Losses = ['0.5573', '1.0372'] lr = 0.000011
2026-05-17 13:44:07,506 - base - INFO - [Epoch 2/300][Batch 4681/9303] BatchTime = 0.649 (s) DataTime = 0.001 (s) Losses = ['0.5597', '0.8023'] lr = 0.000011
2026-05-17 13:44:20,546 - base - INFO - [Epoch 2/300][Batch 4701/9303] BatchTime = 0.656 (s) DataTime = 0.002 (s) Losses = ['0.5333', '0.8749'] lr = 0.000011
2026-05-17 13:44:33,563 - base - INFO - [Epoch 2/300][Batch 4721/9303] BatchTime = 0.648 (s) DataTime = 0.002 (s) Losses = ['0.5577', '1.2899'] lr = 0.000011
2026-05-17 13:44:46,632 - base - INFO - [Epoch 2/300][Batch 4741/9303] BatchTime = 0.649 (s) DataTime = 0.001 (s) Losses = ['0.6339', '1.4675'] lr = 0.000011
2026-05-17 13:44:59,719 - base - INFO - [Epoch 2/300][Batch 4761/9303] BatchTime = 0.649 (s) DataTime = 0.001 (s) Losses = ['0.5964', '0.8041'] lr = 0.000011
2026-05-17 13:45:12,726 - base - INFO - [Epoch 2/300][Batch 4781/9303] BatchTime = 0.656 (s) DataTime = 0.001 (s) Losses = ['0.6358', '1.1008'] lr = 0.000011
2026-05-17 13:45:25,738 - base - INFO - [Epoch 2/300][Batch 4801/9303] BatchTime = 0.648 (s) DataTime = 0.001 (s) Losses = ['0.6403', '1.2247'] lr = 0.000011
2026-05-17 13:45:38,805 - base - INFO - [Epoch 2/300][Batch 4821/9303] BatchTime = 0.650 (s) DataTime = 0.002 (s) Losses = ['0.5281', '1.3162'] lr = 0.000011
2026-05-17 13:45:51,830 - base - INFO - [Epoch 2/300][Batch 4841/9303] BatchTime = 0.651 (s) DataTime = 0.001 (s) Losses = ['0.5991', '1.4354'] lr = 0.000011
2026-05-17 13:46:04,901 - base - INFO - [Epoch 2/300][Batch 4861/9303] BatchTime = 0.650 (s) DataTime = 0.002 (s) Losses = ['0.6078', '0.9542'] lr = 0.000011
2026-05-17 13:46:17,934 - base - INFO - [Epoch 2/300][Batch 4881/9303] BatchTime = 0.651 (s) DataTime = 0.001 (s) Losses = ['0.5756', '1.0103'] lr = 0.000011
2026-05-17 13:46:30,975 - base - INFO - [Epoch 2/300][Batch 4901/9303] BatchTime = 0.646 (s) DataTime = 0.001 (s) Losses = ['0.5912', '1.0079'] lr = 0.000011
2026-05-17 13:46:44,007 - base - INFO - [Epoch 2/300][Batch 4921/9303] BatchTime = 0.647 (s) DataTime = 0.001 (s) Losses = ['0.6134', '1.0683'] lr = 0.000011
2026-05-17 13:46:57,060 - base - INFO - [Epoch 2/300][Batch 4941/9303] BatchTime = 0.652 (s) DataTime = 0.002 (s) Losses = ['0.5831', '1.0914'] lr = 0.000011
2026-05-17 13:47:10,119 - base - INFO - [Epoch 2/300][Batch 4961/9303] BatchTime = 0.658 (s) DataTime = 0.001 (s) Losses = ['0.6921', '1.4471'] lr = 0.000011
2026-05-17 13:47:23,122 - base - INFO - [Epoch 2/300][Batch 4981/9303] BatchTime = 0.647 (s) DataTime = 0.002 (s) Losses = ['0.6274', '0.9499'] lr = 0.000011
2026-05-17 13:47:36,181 - base - INFO - [Epoch 2/300][Batch 5001/9303] BatchTime = 0.650 (s) DataTime = 0.001 (s) Losses = ['0.6124', '1.1694'] lr = 0.000011
2026-05-17 13:47:49,191 - base - INFO - [Epoch 2/300][Batch 5021/9303] BatchTime = 0.649 (s) DataTime = 0.002 (s) Losses = ['0.6016', '1.5462'] lr = 0.000011
2026-05-17 13:48:02,212 - base - INFO - [Epoch 2/300][Batch 5041/9303] BatchTime = 0.649 (s) DataTime = 0.001 (s) Losses = ['0.5471', '0.9702'] lr = 0.000011
2026-05-17 13:48:15,236 - base - INFO - [Epoch 2/300][Batch 5061/9303] BatchTime = 0.650 (s) DataTime = 0.001 (s) Losses = ['0.6706', '1.0478'] lr = 0.000011
2026-05-17 13:48:28,265 - base - INFO - [Epoch 2/300][Batch 5081/9303] BatchTime = 0.648 (s) DataTime = 0.001 (s) Losses = ['0.5196', '1.0738'] lr = 0.000011
2026-05-17 13:48:41,304 - base - INFO - [Epoch 2/300][Batch 5101/9303] BatchTime = 0.654 (s) DataTime = 0.001 (s) Losses = ['0.5740', '1.4374'] lr = 0.000011
2026-05-17 13:48:54,369 - base - INFO - [Epoch 2/300][Batch 5121/9303] BatchTime = 0.651 (s) DataTime = 0.002 (s) Losses = ['0.5454', '1.0926'] lr = 0.000011
2026-05-17 13:49:07,401 - base - INFO - [Epoch 2/300][Batch 5141/9303] BatchTime = 0.652 (s) DataTime = 0.001 (s) Losses = ['0.6071', '0.9403'] lr = 0.000011
2026-05-17 13:49:20,448 - base - INFO - [Epoch 2/300][Batch 5161/9303] BatchTime = 0.647 (s) DataTime = 0.001 (s) Losses = ['0.5367', '0.8236'] lr = 0.000011
2026-05-17 13:49:33,475 - base - INFO - [Epoch 2/300][Batch 5181/9303] BatchTime = 0.655 (s) DataTime = 0.002 (s) Losses = ['0.6699', '1.4543'] lr = 0.000011
2026-05-17 13:49:46,506 - base - INFO - [Epoch 2/300][Batch 5201/9303] BatchTime = 0.650 (s) DataTime = 0.001 (s) Losses = ['0.5835', '1.0612'] lr = 0.000011
2026-05-17 13:49:59,536 - base - INFO - [Epoch 2/300][Batch 5221/9303] BatchTime = 0.652 (s) DataTime = 0.002 (s) Losses = ['0.5912', '1.4254'] lr = 0.000011
2026-05-17 13:50:12,554 - base - INFO - [Epoch 2/300][Batch 5241/9303] BatchTime = 0.649 (s) DataTime = 0.001 (s) Losses = ['0.6666', '1.5164'] lr = 0.000011
2026-05-17 13:50:25,601 - base - INFO - [Epoch 2/300][Batch 5261/9303] BatchTime = 0.647 (s) DataTime = 0.001 (s) Losses = ['0.6062', '1.2205'] lr = 0.000011
2026-05-17 13:50:38,617 - base - INFO - [Epoch 2/300][Batch 5281/9303] BatchTime = 0.656 (s) DataTime = 0.001 (s) Losses = ['0.6337', '1.1489'] lr = 0.000011
2026-05-17 13:50:51,623 - base - INFO - [Epoch 2/300][Batch 5301/9303] BatchTime = 0.651 (s) DataTime = 0.002 (s) Losses = ['0.5997', '0.7670'] lr = 0.000011
2026-05-17 13:51:04,655 - base - INFO - [Epoch 2/300][Batch 5321/9303] BatchTime = 0.649 (s) DataTime = 0.002 (s) Losses = ['0.5771', '0.9365'] lr = 0.000011
2026-05-17 13:51:17,673 - base - INFO - [Epoch 2/300][Batch 5341/9303] BatchTime = 0.650 (s) DataTime = 0.001 (s) Losses = ['0.5499', '1.0656'] lr = 0.000011
2026-05-17 13:51:30,700 - base - INFO - [Epoch 2/300][Batch 5361/9303] BatchTime = 0.648 (s) DataTime = 0.001 (s) Losses = ['0.5629', '1.2619'] lr = 0.000011
2026-05-17 13:51:43,731 - base - INFO - [Epoch 2/300][Batch 5381/9303] BatchTime = 0.650 (s) DataTime = 0.002 (s) Losses = ['0.6472', '1.1006'] lr = 0.000011
2026-05-17 13:51:56,802 - base - INFO - [Epoch 2/300][Batch 5401/9303] BatchTime = 0.649 (s) DataTime = 0.002 (s) Losses = ['0.5688', '1.0976'] lr = 0.000011
2026-05-17 13:52:09,860 - base - INFO - [Epoch 2/300][Batch 5421/9303] BatchTime = 0.650 (s) DataTime = 0.002 (s) Losses = ['0.5184', '1.0311'] lr = 0.000011
2026-05-17 13:52:22,883 - base - INFO - [Epoch 2/300][Batch 5441/9303] BatchTime = 0.650 (s) DataTime = 0.001 (s) Losses = ['0.5766', '1.1852'] lr = 0.000011
2026-05-17 13:52:35,901 - base - INFO - [Epoch 2/300][Batch 5461/9303] BatchTime = 0.647 (s) DataTime = 0.001 (s) Losses = ['0.5946', '0.9586'] lr = 0.000011
2026-05-17 13:52:48,936 - base - INFO - [Epoch 2/300][Batch 5481/9303] BatchTime = 0.649 (s) DataTime = 0.001 (s) Losses = ['0.5482', '0.8526'] lr = 0.000011
2026-05-17 13:53:01,973 - base - INFO - [Epoch 2/300][Batch 5501/9303] BatchTime = 0.649 (s) DataTime = 0.002 (s) Losses = ['0.5557', '1.3424'] lr = 0.000011
2026-05-17 13:53:15,004 - base - INFO - [Epoch 2/300][Batch 5521/9303] BatchTime = 0.649 (s) DataTime = 0.002 (s) Losses = ['0.4842', '0.7458'] lr = 0.000011
2026-05-17 13:53:28,041 - base - INFO - [Epoch 2/300][Batch 5541/9303] BatchTime = 0.652 (s) DataTime = 0.002 (s) Losses = ['0.6397', '1.1946'] lr = 0.000011
2026-05-17 13:53:41,109 - base - INFO - [Epoch 2/300][Batch 5561/9303] BatchTime = 0.656 (s) DataTime = 0.001 (s) Losses = ['0.5765', '1.5627'] lr = 0.000011
2026-05-17 13:53:54,134 - base - INFO - [Epoch 2/300][Batch 5581/9303] BatchTime = 0.647 (s) DataTime = 0.001 (s) Losses = ['0.5290', '1.1883'] lr = 0.000011
2026-05-17 13:54:07,146 - base - INFO - [Epoch 2/300][Batch 5601/9303] BatchTime = 0.652 (s) DataTime = 0.002 (s) Losses = ['0.6299', '1.2541'] lr = 0.000011
2026-05-17 13:54:20,232 - base - INFO - [Epoch 2/300][Batch 5621/9303] BatchTime = 0.654 (s) DataTime = 0.002 (s) Losses = ['0.6572', '1.4134'] lr = 0.000011
2026-05-17 13:54:33,244 - base - INFO - [Epoch 2/300][Batch 5641/9303] BatchTime = 0.649 (s) DataTime = 0.001 (s) Losses = ['0.5622', '1.1376'] lr = 0.000011
2026-05-17 13:54:46,289 - base - INFO - [Epoch 2/300][Batch 5661/9303] BatchTime = 0.652 (s) DataTime = 0.002 (s) Losses = ['0.5898', '0.8862'] lr = 0.000011
2026-05-17 13:54:59,327 - base - INFO - [Epoch 2/300][Batch 5681/9303] BatchTime = 0.656 (s) DataTime = 0.001 (s) Losses = ['0.6136', '1.5285'] lr = 0.000011
2026-05-17 13:55:12,361 - base - INFO - [Epoch 2/300][Batch 5701/9303] BatchTime = 0.651 (s) DataTime = 0.002 (s) Losses = ['0.5563', '1.1910'] lr = 0.000011
2026-05-17 13:55:25,402 - base - INFO - [Epoch 2/300][Batch 5721/9303] BatchTime = 0.648 (s) DataTime = 0.002 (s) Losses = ['0.5896', '1.0191'] lr = 0.000011
2026-05-17 13:55:38,486 - base - INFO - [Epoch 2/300][Batch 5741/9303] BatchTime = 0.653 (s) DataTime = 0.002 (s) Losses = ['0.6299', '1.0544'] lr = 0.000011
2026-05-17 13:55:51,539 - base - INFO - [Epoch 2/300][Batch 5761/9303] BatchTime = 0.653 (s) DataTime = 0.001 (s) Losses = ['0.5969', '0.9602'] lr = 0.000011
2026-05-17 13:56:04,568 - base - INFO - [Epoch 2/300][Batch 5781/9303] BatchTime = 0.651 (s) DataTime = 0.002 (s) Losses = ['0.5363', '1.3216'] lr = 0.000011
2026-05-17 13:56:17,603 - base - INFO - [Epoch 2/300][Batch 5801/9303] BatchTime = 0.652 (s) DataTime = 0.001 (s) Losses = ['0.6341', '1.0818'] lr = 0.000011
2026-05-17 13:56:30,625 - base - INFO - [Epoch 2/300][Batch 5821/9303] BatchTime = 0.647 (s) DataTime = 0.002 (s) Losses = ['0.5591', '0.8881'] lr = 0.000011
2026-05-17 13:56:43,648 - base - INFO - [Epoch 2/300][Batch 5841/9303] BatchTime = 0.647 (s) DataTime = 0.001 (s) Losses = ['0.6492', '1.1965'] lr = 0.000011
2026-05-17 13:56:56,712 - base - INFO - [Epoch 2/300][Batch 5861/9303] BatchTime = 0.652 (s) DataTime = 0.002 (s) Losses = ['0.5749', '1.3481'] lr = 0.000011
2026-05-17 13:57:09,743 - base - INFO - [Epoch 2/300][Batch 5881/9303] BatchTime = 0.652 (s) DataTime = 0.001 (s) Losses = ['0.5590', '0.8572'] lr = 0.000011
2026-05-17 13:57:22,807 - base - INFO - [Epoch 2/300][Batch 5901/9303] BatchTime = 0.649 (s) DataTime = 0.001 (s) Losses = ['0.5517', '1.2412'] lr = 0.000011
2026-05-17 13:57:35,835 - base - INFO - [Epoch 2/300][Batch 5921/9303] BatchTime = 0.653 (s) DataTime = 0.001 (s) Losses = ['0.5749', '0.9404'] lr = 0.000011
2026-05-17 13:57:48,855 - base - INFO - [Epoch 2/300][Batch 5941/9303] BatchTime = 0.649 (s) DataTime = 0.001 (s) Losses = ['0.6465', '1.1087'] lr = 0.000011
2026-05-17 13:58:01,918 - base - INFO - [Epoch 2/300][Batch 5961/9303] BatchTime = 0.649 (s) DataTime = 0.001 (s) Losses = ['0.6225', '1.1877'] lr = 0.000011
2026-05-17 13:58:14,942 - base - INFO - [Epoch 2/300][Batch 5981/9303] BatchTime = 0.653 (s) DataTime = 0.002 (s) Losses = ['0.5443', '1.1741'] lr = 0.000011
2026-05-17 13:58:27,996 - base - INFO - [Epoch 2/300][Batch 6001/9303] BatchTime = 0.647 (s) DataTime = 0.001 (s) Losses = ['0.5049', '0.9032'] lr = 0.000011
2026-05-17 13:58:41,023 - base - INFO - [Epoch 2/300][Batch 6021/9303] BatchTime = 0.648 (s) DataTime = 0.002 (s) Losses = ['0.5975', '1.3257'] lr = 0.000011
2026-05-17 13:58:54,164 - base - INFO - [Epoch 2/300][Batch 6041/9303] BatchTime = 0.656 (s) DataTime = 0.001 (s) Losses = ['0.5712', '1.1323'] lr = 0.000011
2026-05-17 13:59:07,194 - base - INFO - [Epoch 2/300][Batch 6061/9303] BatchTime = 0.650 (s) DataTime = 0.001 (s) Losses = ['0.5492', '1.1895'] lr = 0.000011
2026-05-17 13:59:20,232 - base - INFO - [Epoch 2/300][Batch 6081/9303] BatchTime = 0.649 (s) DataTime = 0.002 (s) Losses = ['0.5992', '0.8395'] lr = 0.000011
2026-05-17 13:59:33,276 - base - INFO - [Epoch 2/300][Batch 6101/9303] BatchTime = 0.650 (s) DataTime = 0.002 (s) Losses = ['0.6357', '1.1703'] lr = 0.000011
2026-05-17 13:59:46,314 - base - INFO - [Epoch 2/300][Batch 6121/9303] BatchTime = 0.649 (s) DataTime = 0.002 (s) Losses = ['0.6837', '1.3204'] lr = 0.000011
2026-05-17 13:59:59,416 - base - INFO - [Epoch 2/300][Batch 6141/9303] BatchTime = 0.650 (s) DataTime = 0.001 (s) Losses = ['0.6267', '1.2905'] lr = 0.000011
2026-05-17 14:00:12,492 - base - INFO - [Epoch 2/300][Batch 6161/9303] BatchTime = 0.665 (s) DataTime = 0.002 (s) Losses = ['0.5908', '1.2080'] lr = 0.000011
2026-05-17 14:00:25,513 - base - INFO - [Epoch 2/300][Batch 6181/9303] BatchTime = 0.650 (s) DataTime = 0.001 (s) Losses = ['0.5954', '1.2290'] lr = 0.000011
2026-05-17 14:00:38,553 - base - INFO - [Epoch 2/300][Batch 6201/9303] BatchTime = 0.647 (s) DataTime = 0.001 (s) Losses = ['0.6244', '0.9213'] lr = 0.000011
2026-05-17 14:00:51,589 - base - INFO - [Epoch 2/300][Batch 6221/9303] BatchTime = 0.661 (s) DataTime = 0.001 (s) Losses = ['0.6132', '1.1305'] lr = 0.000011
2026-05-17 14:01:04,602 - base - INFO - [Epoch 2/300][Batch 6241/9303] BatchTime = 0.651 (s) DataTime = 0.001 (s) Losses = ['0.5567', '0.7734'] lr = 0.000011
2026-05-17 14:01:17,638 - base - INFO - [Epoch 2/300][Batch 6261/9303] BatchTime = 0.654 (s) DataTime = 0.001 (s) Losses = ['0.5951', '1.3056'] lr = 0.000011
2026-05-17 14:01:30,685 - base - INFO - [Epoch 2/300][Batch 6281/9303] BatchTime = 0.661 (s) DataTime = 0.001 (s) Losses = ['0.6220', '1.1680'] lr = 0.000011
2026-05-17 14:01:43,700 - base - INFO - [Epoch 2/300][Batch 6301/9303] BatchTime = 0.649 (s) DataTime = 0.001 (s) Losses = ['0.6081', '0.9859'] lr = 0.000011
2026-05-17 14:01:56,714 - base - INFO - [Epoch 2/300][Batch 6321/9303] BatchTime = 0.648 (s) DataTime = 0.001 (s) Losses = ['0.6369', '0.9828'] lr = 0.000011
2026-05-17 14:02:09,808 - base - INFO - [Epoch 2/300][Batch 6341/9303] BatchTime = 0.656 (s) DataTime = 0.001 (s) Losses = ['0.6158', '1.2462'] lr = 0.000011
2026-05-17 14:02:22,857 - base - INFO - [Epoch 2/300][Batch 6361/9303] BatchTime = 0.647 (s) DataTime = 0.001 (s) Losses = ['0.6093', '0.9104'] lr = 0.000011
2026-05-17 14:02:35,867 - base - INFO - [Epoch 2/300][Batch 6381/9303] BatchTime = 0.652 (s) DataTime = 0.001 (s) Losses = ['0.6434', '1.4201'] lr = 0.000011
2026-05-17 14:02:48,908 - base - INFO - [Epoch 2/300][Batch 6401/9303] BatchTime = 0.647 (s) DataTime = 0.001 (s) Losses = ['0.5685', '1.3120'] lr = 0.000011
2026-05-17 14:03:01,943 - base - INFO - [Epoch 2/300][Batch 6421/9303] BatchTime = 0.648 (s) DataTime = 0.002 (s) Losses = ['0.6550', '1.0214'] lr = 0.000011
2026-05-17 14:03:15,012 - base - INFO - [Epoch 2/300][Batch 6441/9303] BatchTime = 0.649 (s) DataTime = 0.002 (s) Losses = ['0.5767', '0.6826'] lr = 0.000011
2026-05-17 14:03:28,069 - base - INFO - [Epoch 2/300][Batch 6461/9303] BatchTime = 0.649 (s) DataTime = 0.002 (s) Losses = ['0.6466', '0.9389'] lr = 0.000011
2026-05-17 14:03:41,113 - base - INFO - [Epoch 2/300][Batch 6481/9303] BatchTime = 0.654 (s) DataTime = 0.001 (s) Losses = ['0.5486', '1.0972'] lr = 0.000011
2026-05-17 14:03:54,137 - base - INFO - [Epoch 2/300][Batch 6501/9303] BatchTime = 0.649 (s) DataTime = 0.001 (s) Losses = ['0.5240', '1.3830'] lr = 0.000011
2026-05-17 14:04:07,178 - base - INFO - [Epoch 2/300][Batch 6521/9303] BatchTime = 0.648 (s) DataTime = 0.001 (s) Losses = ['0.5586', '0.9453'] lr = 0.000011
2026-05-17 14:04:20,199 - base - INFO - [Epoch 2/300][Batch 6541/9303] BatchTime = 0.649 (s) DataTime = 0.002 (s) Losses = ['0.5716', '1.1284'] lr = 0.000011
2026-05-17 14:04:33,278 - base - INFO - [Epoch 2/300][Batch 6561/9303] BatchTime = 0.648 (s) DataTime = 0.001 (s) Losses = ['0.6038', '1.1522'] lr = 0.000011
2026-05-17 14:04:46,310 - base - INFO - [Epoch 2/300][Batch 6581/9303] BatchTime = 0.649 (s) DataTime = 0.002 (s) Losses = ['0.6493', '0.9137'] lr = 0.000011
2026-05-17 14:04:59,342 - base - INFO - [Epoch 2/300][Batch 6601/9303] BatchTime = 0.651 (s) DataTime = 0.002 (s) Losses = ['0.6041', '1.2146'] lr = 0.000011
2026-05-17 14:05:12,362 - base - INFO - [Epoch 2/300][Batch 6621/9303] BatchTime = 0.649 (s) DataTime = 0.002 (s) Losses = ['0.6593', '1.1139'] lr = 0.000011
2026-05-17 14:05:25,434 - base - INFO - [Epoch 2/300][Batch 6641/9303] BatchTime = 0.652 (s) DataTime = 0.001 (s) Losses = ['0.6457', '1.4286'] lr = 0.000011
2026-05-17 14:05:38,461 - base - INFO - [Epoch 2/300][Batch 6661/9303] BatchTime = 0.654 (s) DataTime = 0.002 (s) Losses = ['0.5404', '1.2851'] lr = 0.000011
2026-05-17 14:05:51,480 - base - INFO - [Epoch 2/300][Batch 6681/9303] BatchTime = 0.649 (s) DataTime = 0.001 (s) Losses = ['0.5861', '1.0361'] lr = 0.000011
2026-05-17 14:06:04,529 - base - INFO - [Epoch 2/300][Batch 6701/9303] BatchTime = 0.650 (s) DataTime = 0.002 (s) Losses = ['0.5782', '1.2191'] lr = 0.000011
2026-05-17 14:06:17,574 - base - INFO - [Epoch 2/300][Batch 6721/9303] BatchTime = 0.662 (s) DataTime = 0.001 (s) Losses = ['0.5967', '1.3154'] lr = 0.000011
2026-05-17 14:06:30,625 - base - INFO - [Epoch 2/300][Batch 6741/9303] BatchTime = 0.648 (s) DataTime = 0.002 (s) Losses = ['0.5784', '1.1598'] lr = 0.000011
2026-05-17 14:06:43,669 - base - INFO - [Epoch 2/300][Batch 6761/9303] BatchTime = 0.651 (s) DataTime = 0.001 (s) Losses = ['0.6274', '1.1462'] lr = 0.000011
2026-05-17 14:06:56,696 - base - INFO - [Epoch 2/300][Batch 6781/9303] BatchTime = 0.651 (s) DataTime = 0.002 (s) Losses = ['0.5718', '1.0879'] lr = 0.000011
2026-05-17 14:07:09,764 - base - INFO - [Epoch 2/300][Batch 6801/9303] BatchTime = 0.650 (s) DataTime = 0.002 (s) Losses = ['0.5617', '1.0147'] lr = 0.000011
2026-05-17 14:07:22,773 - base - INFO - [Epoch 2/300][Batch 6821/9303] BatchTime = 0.657 (s) DataTime = 0.002 (s) Losses = ['0.6587', '1.2335'] lr = 0.000011
2026-05-17 14:07:35,826 - base - INFO - [Epoch 2/300][Batch 6841/9303] BatchTime = 0.645 (s) DataTime = 0.001 (s) Losses = ['0.5633', '1.3335'] lr = 0.000011
2026-05-17 14:07:48,868 - base - INFO - [Epoch 2/300][Batch 6861/9303] BatchTime = 0.650 (s) DataTime = 0.001 (s) Losses = ['0.5087', '1.3093'] lr = 0.000011
2026-05-17 14:08:01,898 - base - INFO - [Epoch 2/300][Batch 6881/9303] BatchTime = 0.656 (s) DataTime = 0.002 (s) Losses = ['0.6303', '1.1120'] lr = 0.000011
2026-05-17 14:08:14,937 - base - INFO - [Epoch 2/300][Batch 6901/9303] BatchTime = 0.661 (s) DataTime = 0.002 (s) Losses = ['0.5069', '1.0538'] lr = 0.000011
2026-05-17 14:08:27,981 - base - INFO - [Epoch 2/300][Batch 6921/9303] BatchTime = 0.647 (s) DataTime = 0.001 (s) Losses = ['0.5138', '1.1137'] lr = 0.000011
2026-05-17 14:08:41,052 - base - INFO - [Epoch 2/300][Batch 6941/9303] BatchTime = 0.649 (s) DataTime = 0.001 (s) Losses = ['0.6288', '1.0616'] lr = 0.000011
2026-05-17 14:08:54,078 - base - INFO - [Epoch 2/300][Batch 6961/9303] BatchTime = 0.649 (s) DataTime = 0.001 (s) Losses = ['0.5470', '1.1230'] lr = 0.000011
2026-05-17 14:09:07,128 - base - INFO - [Epoch 2/300][Batch 6981/9303] BatchTime = 0.652 (s) DataTime = 0.002 (s) Losses = ['0.6680', '1.5141'] lr = 0.000011
2026-05-17 14:09:20,201 - base - INFO - [Epoch 2/300][Batch 7001/9303] BatchTime = 0.648 (s) DataTime = 0.002 (s) Losses = ['0.6071', '0.9970'] lr = 0.000011
2026-05-17 14:09:33,252 - base - INFO - [Epoch 2/300][Batch 7021/9303] BatchTime = 0.652 (s) DataTime = 0.002 (s) Losses = ['0.6181', '1.1840'] lr = 0.000011
2026-05-17 14:09:46,285 - base - INFO - [Epoch 2/300][Batch 7041/9303] BatchTime = 0.646 (s) DataTime = 0.001 (s) Losses = ['0.5923', '0.9078'] lr = 0.000011
2026-05-17 14:09:59,328 - base - INFO - [Epoch 2/300][Batch 7061/9303] BatchTime = 0.652 (s) DataTime = 0.001 (s) Losses = ['0.6576', '1.4223'] lr = 0.000011
2026-05-17 14:10:12,331 - base - INFO - [Epoch 2/300][Batch 7081/9303] BatchTime = 0.655 (s) DataTime = 0.002 (s) Losses = ['0.6465', '1.1927'] lr = 0.000011
2026-05-17 14:10:25,371 - base - INFO - [Epoch 2/300][Batch 7101/9303] BatchTime = 0.649 (s) DataTime = 0.001 (s) Losses = ['0.5372', '0.8335'] lr = 0.000011
2026-05-17 14:10:38,416 - base - INFO - [Epoch 2/300][Batch 7121/9303] BatchTime = 0.648 (s) DataTime = 0.001 (s) Losses = ['0.5250', '0.8731'] lr = 0.000011
2026-05-17 14:10:51,448 - base - INFO - [Epoch 2/300][Batch 7141/9303] BatchTime = 0.656 (s) DataTime = 0.001 (s) Losses = ['0.6131', '0.9657'] lr = 0.000011
2026-05-17 14:11:04,514 - base - INFO - [Epoch 2/300][Batch 7161/9303] BatchTime = 0.655 (s) DataTime = 0.001 (s) Losses = ['0.6038', '1.0658'] lr = 0.000011
2026-05-17 14:11:17,560 - base - INFO - [Epoch 2/300][Batch 7181/9303] BatchTime = 0.650 (s) DataTime = 0.002 (s) Losses = ['0.5677', '0.7129'] lr = 0.000011
2026-05-17 14:11:30,566 - base - INFO - [Epoch 2/300][Batch 7201/9303] BatchTime = 0.646 (s) DataTime = 0.001 (s) Losses = ['0.5934', '1.6049'] lr = 0.000011
2026-05-17 14:11:43,655 - base - INFO - [Epoch 2/300][Batch 7221/9303] BatchTime = 0.700 (s) DataTime = 0.002 (s) Losses = ['0.5979', '0.9665'] lr = 0.000011
2026-05-17 14:11:56,683 - base - INFO - [Epoch 2/300][Batch 7241/9303] BatchTime = 0.649 (s) DataTime = 0.002 (s) Losses = ['0.5580', '0.8772'] lr = 0.000011
2026-05-17 14:12:09,698 - base - INFO - [Epoch 2/300][Batch 7261/9303] BatchTime = 0.650 (s) DataTime = 0.002 (s) Losses = ['0.5877', '0.8008'] lr = 0.000011
2026-05-17 14:12:22,740 - base - INFO - [Epoch 2/300][Batch 7281/9303] BatchTime = 0.651 (s) DataTime = 0.002 (s) Losses = ['0.6164', '1.3833'] lr = 0.000011
2026-05-17 14:12:35,819 - base - INFO - [Epoch 2/300][Batch 7301/9303] BatchTime = 0.650 (s) DataTime = 0.002 (s) Losses = ['0.5125', '0.9318'] lr = 0.000011
2026-05-17 14:12:48,836 - base - INFO - [Epoch 2/300][Batch 7321/9303] BatchTime = 0.653 (s) DataTime = 0.001 (s) Losses = ['0.5600', '1.3449'] lr = 0.000011
2026-05-17 14:13:01,871 - base - INFO - [Epoch 2/300][Batch 7341/9303] BatchTime = 0.654 (s) DataTime = 0.001 (s) Losses = ['0.5205', '0.9995'] lr = 0.000011
2026-05-17 14:13:14,926 - base - INFO - [Epoch 2/300][Batch 7361/9303] BatchTime = 0.648 (s) DataTime = 0.001 (s) Losses = ['0.6332', '0.8545'] lr = 0.000011
2026-05-17 14:13:27,961 - base - INFO - [Epoch 2/300][Batch 7381/9303] BatchTime = 0.652 (s) DataTime = 0.002 (s) Losses = ['0.6132', '1.1129'] lr = 0.000011
2026-05-17 14:13:40,973 - base - INFO - [Epoch 2/300][Batch 7401/9303] BatchTime = 0.649 (s) DataTime = 0.002 (s) Losses = ['0.6806', '1.2421'] lr = 0.000011
2026-05-17 14:13:53,999 - base - INFO - [Epoch 2/300][Batch 7421/9303] BatchTime = 0.648 (s) DataTime = 0.001 (s) Losses = ['0.6008', '1.5547'] lr = 0.000011
2026-05-17 14:14:07,037 - base - INFO - [Epoch 2/300][Batch 7441/9303] BatchTime = 0.658 (s) DataTime = 0.001 (s) Losses = ['0.5285', '1.4787'] lr = 0.000011
2026-05-17 14:14:20,051 - base - INFO - [Epoch 2/300][Batch 7461/9303] BatchTime = 0.658 (s) DataTime = 0.002 (s) Losses = ['0.6746', '1.3558'] lr = 0.000011
2026-05-17 14:14:33,127 - base - INFO - [Epoch 2/300][Batch 7481/9303] BatchTime = 0.649 (s) DataTime = 0.001 (s) Losses = ['0.5621', '1.4645'] lr = 0.000011
2026-05-17 14:14:46,151 - base - INFO - [Epoch 2/300][Batch 7501/9303] BatchTime = 0.654 (s) DataTime = 0.002 (s) Losses = ['0.6782', '1.3304'] lr = 0.000011
2026-05-17 14:14:59,177 - base - INFO - [Epoch 2/300][Batch 7521/9303] BatchTime = 0.647 (s) DataTime = 0.001 (s) Losses = ['0.5668', '1.1216'] lr = 0.000011
2026-05-17 14:15:12,223 - base - INFO - [Epoch 2/300][Batch 7541/9303] BatchTime = 0.649 (s) DataTime = 0.002 (s) Losses = ['0.5206', '1.5228'] lr = 0.000011
2026-05-17 14:15:25,260 - base - INFO - [Epoch 2/300][Batch 7561/9303] BatchTime = 0.653 (s) DataTime = 0.001 (s) Losses = ['0.6127', '1.1013'] lr = 0.000011
2026-05-17 14:15:38,307 - base - INFO - [Epoch 2/300][Batch 7581/9303] BatchTime = 0.650 (s) DataTime = 0.001 (s) Losses = ['0.6030', '1.1067'] lr = 0.000011
2026-05-17 14:15:51,332 - base - INFO - [Epoch 2/300][Batch 7601/9303] BatchTime = 0.651 (s) DataTime = 0.001 (s) Losses = ['0.5471', '0.7333'] lr = 0.000011
2026-05-17 14:16:04,346 - base - INFO - [Epoch 2/300][Batch 7621/9303] BatchTime = 0.647 (s) DataTime = 0.002 (s) Losses = ['0.6251', '1.0420'] lr = 0.000011
2026-05-17 14:16:17,392 - base - INFO - [Epoch 2/300][Batch 7641/9303] BatchTime = 0.649 (s) DataTime = 0.001 (s) Losses = ['0.5757', '0.8330'] lr = 0.000011
2026-05-17 14:16:30,418 - base - INFO - [Epoch 2/300][Batch 7661/9303] BatchTime = 0.652 (s) DataTime = 0.001 (s) Losses = ['0.5313', '1.0774'] lr = 0.000011
2026-05-17 14:16:43,485 - base - INFO - [Epoch 2/300][Batch 7681/9303] BatchTime = 0.695 (s) DataTime = 0.001 (s) Losses = ['0.6968', '1.1609'] lr = 0.000011
2026-05-17 14:16:56,579 - base - INFO - [Epoch 2/300][Batch 7701/9303] BatchTime = 0.648 (s) DataTime = 0.001 (s) Losses = ['0.6162', '1.1197'] lr = 0.000011
2026-05-17 14:17:09,626 - base - INFO - [Epoch 2/300][Batch 7721/9303] BatchTime = 0.649 (s) DataTime = 0.001 (s) Losses = ['0.4914', '0.7715'] lr = 0.000011
2026-05-17 14:17:22,675 - base - INFO - [Epoch 2/300][Batch 7741/9303] BatchTime = 0.653 (s) DataTime = 0.002 (s) Losses = ['0.6084', '1.2937'] lr = 0.000011
2026-05-17 14:17:35,694 - base - INFO - [Epoch 2/300][Batch 7761/9303] BatchTime = 0.647 (s) DataTime = 0.002 (s) Losses = ['0.6015', '1.1949'] lr = 0.000011
2026-05-17 14:17:48,727 - base - INFO - [Epoch 2/300][Batch 7781/9303] BatchTime = 0.648 (s) DataTime = 0.001 (s) Losses = ['0.5997', '0.8257'] lr = 0.000011
2026-05-17 14:18:01,768 - base - INFO - [Epoch 2/300][Batch 7801/9303] BatchTime = 0.651 (s) DataTime = 0.001 (s) Losses = ['0.6345', '0.8867'] lr = 0.000011
2026-05-17 14:18:14,784 - base - INFO - [Epoch 2/300][Batch 7821/9303] BatchTime = 0.655 (s) DataTime = 0.001 (s) Losses = ['0.6451', '1.0325'] lr = 0.000011
2026-05-17 14:18:27,821 - base - INFO - [Epoch 2/300][Batch 7841/9303] BatchTime = 0.647 (s) DataTime = 0.001 (s) Losses = ['0.5330', '1.0459'] lr = 0.000011
2026-05-17 14:18:40,868 - base - INFO - [Epoch 2/300][Batch 7861/9303] BatchTime = 0.650 (s) DataTime = 0.002 (s) Losses = ['0.5917', '0.8399'] lr = 0.000011
2026-05-17 14:18:53,891 - base - INFO - [Epoch 2/300][Batch 7881/9303] BatchTime = 0.646 (s) DataTime = 0.001 (s) Losses = ['0.5920', '0.9926'] lr = 0.000011
2026-05-17 14:19:06,916 - base - INFO - [Epoch 2/300][Batch 7901/9303] BatchTime = 0.651 (s) DataTime = 0.002 (s) Losses = ['0.6189', '1.1245'] lr = 0.000011
2026-05-17 14:19:19,945 - base - INFO - [Epoch 2/300][Batch 7921/9303] BatchTime = 0.650 (s) DataTime = 0.001 (s) Losses = ['0.5910', '1.0036'] lr = 0.000011
2026-05-17 14:19:32,968 - base - INFO - [Epoch 2/300][Batch 7941/9303] BatchTime = 0.648 (s) DataTime = 0.002 (s) Losses = ['0.5597', '0.9243'] lr = 0.000011
2026-05-17 14:19:46,050 - base - INFO - [Epoch 2/300][Batch 7961/9303] BatchTime = 0.652 (s) DataTime = 0.001 (s) Losses = ['0.5535', '0.9784'] lr = 0.000011
2026-05-17 14:19:59,067 - base - INFO - [Epoch 2/300][Batch 7981/9303] BatchTime = 0.652 (s) DataTime = 0.002 (s) Losses = ['0.6169', '1.2230'] lr = 0.000011
2026-05-17 14:20:12,110 - base - INFO - [Epoch 2/300][Batch 8001/9303] BatchTime = 0.649 (s) DataTime = 0.002 (s) Losses = ['0.5738', '1.3906'] lr = 0.000011
2026-05-17 14:20:25,156 - base - INFO - [Epoch 2/300][Batch 8021/9303] BatchTime = 0.650 (s) DataTime = 0.002 (s) Losses = ['0.6246', '1.2423'] lr = 0.000011
2026-05-17 14:20:38,213 - base - INFO - [Epoch 2/300][Batch 8041/9303] BatchTime = 0.655 (s) DataTime = 0.001 (s) Losses = ['0.6084', '0.8127'] lr = 0.000011
2026-05-17 14:20:51,230 - base - INFO - [Epoch 2/300][Batch 8061/9303] BatchTime = 0.649 (s) DataTime = 0.002 (s) Losses = ['0.6498', '1.8526'] lr = 0.000011
2026-05-17 14:21:04,310 - base - INFO - [Epoch 2/300][Batch 8081/9303] BatchTime = 0.647 (s) DataTime = 0.001 (s) Losses = ['0.6112', '1.4572'] lr = 0.000011
2026-05-17 14:21:17,344 - base - INFO - [Epoch 2/300][Batch 8101/9303] BatchTime = 0.649 (s) DataTime = 0.002 (s) Losses = ['0.5580', '0.6748'] lr = 0.000011
2026-05-17 14:21:30,401 - base - INFO - [Epoch 2/300][Batch 8121/9303] BatchTime = 0.655 (s) DataTime = 0.002 (s) Losses = ['0.6202', '1.1656'] lr = 0.000011
2026-05-17 14:21:43,416 - base - INFO - [Epoch 2/300][Batch 8141/9303] BatchTime = 0.649 (s) DataTime = 0.001 (s) Losses = ['0.5482', '0.9283'] lr = 0.000011
2026-05-17 14:21:56,458 - base - INFO - [Epoch 2/300][Batch 8161/9303] BatchTime = 0.647 (s) DataTime = 0.001 (s) Losses = ['0.5313', '0.8360'] lr = 0.000011
2026-05-17 14:22:09,484 - base - INFO - [Epoch 2/300][Batch 8181/9303] BatchTime = 0.653 (s) DataTime = 0.002 (s) Losses = ['0.6817', '1.4474'] lr = 0.000011
2026-05-17 14:22:22,497 - base - INFO - [Epoch 2/300][Batch 8201/9303] BatchTime = 0.650 (s) DataTime = 0.001 (s) Losses = ['0.6552', '0.9875'] lr = 0.000011
2026-05-17 14:22:35,502 - base - INFO - [Epoch 2/300][Batch 8221/9303] BatchTime = 0.652 (s) DataTime = 0.001 (s) Losses = ['0.4898', '0.6146'] lr = 0.000011
2026-05-17 14:22:48,571 - base - INFO - [Epoch 2/300][Batch 8241/9303] BatchTime = 0.647 (s) DataTime = 0.001 (s) Losses = ['0.6494', '1.0741'] lr = 0.000011
2026-05-17 14:23:01,599 - base - INFO - [Epoch 2/300][Batch 8261/9303] BatchTime = 0.653 (s) DataTime = 0.002 (s) Losses = ['0.5710', '0.9906'] lr = 0.000011
2026-05-17 14:23:14,615 - base - INFO - [Epoch 2/300][Batch 8281/9303] BatchTime = 0.650 (s) DataTime = 0.002 (s) Losses = ['0.5605', '1.3147'] lr = 0.000011
2026-05-17 14:23:27,640 - base - INFO - [Epoch 2/300][Batch 8301/9303] BatchTime = 0.650 (s) DataTime = 0.002 (s) Losses = ['0.5223', '1.2532'] lr = 0.000011
2026-05-17 14:23:40,655 - base - INFO - [Epoch 2/300][Batch 8321/9303] BatchTime = 0.647 (s) DataTime = 0.001 (s) Losses = ['0.6298', '0.9642'] lr = 0.000011
2026-05-17 14:23:53,685 - base - INFO - [Epoch 2/300][Batch 8341/9303] BatchTime = 0.651 (s) DataTime = 0.002 (s) Losses = ['0.6154', '1.1198'] lr = 0.000011
2026-05-17 14:24:06,719 - base - INFO - [Epoch 2/300][Batch 8361/9303] BatchTime = 0.654 (s) DataTime = 0.001 (s) Losses = ['0.5978', '1.0558'] lr = 0.000011
2026-05-17 14:24:19,829 - base - INFO - [Epoch 2/300][Batch 8381/9303] BatchTime = 0.648 (s) DataTime = 0.001 (s) Losses = ['0.6467', '0.9020'] lr = 0.000011
2026-05-17 14:24:32,841 - base - INFO - [Epoch 2/300][Batch 8401/9303] BatchTime = 0.647 (s) DataTime = 0.001 (s) Losses = ['0.6701', '1.5897'] lr = 0.000011
2026-05-17 14:24:45,870 - base - INFO - [Epoch 2/300][Batch 8421/9303] BatchTime = 0.649 (s) DataTime = 0.001 (s) Losses = ['0.6160', '0.8524'] lr = 0.000011
2026-05-17 14:24:58,940 - base - INFO - [Epoch 2/300][Batch 8441/9303] BatchTime = 0.653 (s) DataTime = 0.001 (s) Losses = ['0.5938', '1.0405'] lr = 0.000011
2026-05-17 14:25:11,976 - base - INFO - [Epoch 2/300][Batch 8461/9303] BatchTime = 0.660 (s) DataTime = 0.002 (s) Losses = ['0.6165', '1.2960'] lr = 0.000011
2026-05-17 14:25:25,019 - base - INFO - [Epoch 2/300][Batch 8481/9303] BatchTime = 0.647 (s) DataTime = 0.001 (s) Losses = ['0.6412', '0.8789'] lr = 0.000011
2026-05-17 14:25:38,059 - base - INFO - [Epoch 2/300][Batch 8501/9303] BatchTime = 0.649 (s) DataTime = 0.001 (s) Losses = ['0.5934', '1.2857'] lr = 0.000011
2026-05-17 14:25:51,076 - base - INFO - [Epoch 2/300][Batch 8521/9303] BatchTime = 0.649 (s) DataTime = 0.002 (s) Losses = ['0.5282', '0.9037'] lr = 0.000011
2026-05-17 14:26:04,112 - base - INFO - [Epoch 2/300][Batch 8541/9303] BatchTime = 0.648 (s) DataTime = 0.001 (s) Losses = ['0.6477', '1.3575'] lr = 0.000011
2026-05-17 14:26:17,160 - base - INFO - [Epoch 2/300][Batch 8561/9303] BatchTime = 0.650 (s) DataTime = 0.001 (s) Losses = ['0.6077', '1.2937'] lr = 0.000011
2026-05-17 14:26:30,189 - base - INFO - [Epoch 2/300][Batch 8581/9303] BatchTime = 0.649 (s) DataTime = 0.001 (s) Losses = ['0.5648', '1.1409'] lr = 0.000011
2026-05-17 14:26:43,230 - base - INFO - [Epoch 2/300][Batch 8601/9303] BatchTime = 0.648 (s) DataTime = 0.002 (s) Losses = ['0.6140', '0.9846'] lr = 0.000011
2026-05-17 14:26:56,264 - base - INFO - [Epoch 2/300][Batch 8621/9303] BatchTime = 0.654 (s) DataTime = 0.001 (s) Losses = ['0.6195', '1.2950'] lr = 0.000011
2026-05-17 14:27:09,317 - base - INFO - [Epoch 2/300][Batch 8641/9303] BatchTime = 0.654 (s) DataTime = 0.001 (s) Losses = ['0.5555', '1.3672'] lr = 0.000011
2026-05-17 14:27:22,348 - base - INFO - [Epoch 2/300][Batch 8661/9303] BatchTime = 0.650 (s) DataTime = 0.002 (s) Losses = ['0.5890', '0.8839'] lr = 0.000011
2026-05-17 14:27:35,368 - base - INFO - [Epoch 2/300][Batch 8681/9303] BatchTime = 0.651 (s) DataTime = 0.002 (s) Losses = ['0.6482', '1.3781'] lr = 0.000011
2026-05-17 14:27:48,405 - base - INFO - [Epoch 2/300][Batch 8701/9303] BatchTime = 0.650 (s) DataTime = 0.002 (s) Losses = ['0.6001', '0.9902'] lr = 0.000011
2026-05-17 14:28:01,440 - base - INFO - [Epoch 2/300][Batch 8721/9303] BatchTime = 0.648 (s) DataTime = 0.001 (s) Losses = ['0.4962', '1.0617'] lr = 0.000011
2026-05-17 14:28:14,495 - base - INFO - [Epoch 2/300][Batch 8741/9303] BatchTime = 0.650 (s) DataTime = 0.001 (s) Losses = ['0.4765', '0.7311'] lr = 0.000011
2026-05-17 14:28:27,518 - base - INFO - [Epoch 2/300][Batch 8761/9303] BatchTime = 0.647 (s) DataTime = 0.001 (s) Losses = ['0.6906', '1.6425'] lr = 0.000011
2026-05-17 14:28:40,555 - base - INFO - [Epoch 2/300][Batch 8781/9303] BatchTime = 0.651 (s) DataTime = 0.002 (s) Losses = ['0.5925', '1.3268'] lr = 0.000011
2026-05-17 14:28:53,571 - base - INFO - [Epoch 2/300][Batch 8801/9303] BatchTime = 0.648 (s) DataTime = 0.001 (s) Losses = ['0.6494', '1.2771'] lr = 0.000011
2026-05-17 14:29:06,645 - base - INFO - [Epoch 2/300][Batch 8821/9303] BatchTime = 0.648 (s) DataTime = 0.002 (s) Losses = ['0.6463', '1.1028'] lr = 0.000011
2026-05-17 14:29:19,694 - base - INFO - [Epoch 2/300][Batch 8841/9303] BatchTime = 0.649 (s) DataTime = 0.001 (s) Losses = ['0.6177', '1.5891'] lr = 0.000011
2026-05-17 14:29:32,722 - base - INFO - [Epoch 2/300][Batch 8861/9303] BatchTime = 0.651 (s) DataTime = 0.002 (s) Losses = ['0.5472', '1.0367'] lr = 0.000011
2026-05-17 14:29:45,745 - base - INFO - [Epoch 2/300][Batch 8881/9303] BatchTime = 0.647 (s) DataTime = 0.001 (s) Losses = ['0.5374', '0.7522'] lr = 0.000011
2026-05-17 14:29:58,779 - base - INFO - [Epoch 2/300][Batch 8901/9303] BatchTime = 0.649 (s) DataTime = 0.001 (s) Losses = ['0.6032', '1.0855'] lr = 0.000011
2026-05-17 14:30:11,810 - base - INFO - [Epoch 2/300][Batch 8921/9303] BatchTime = 0.651 (s) DataTime = 0.001 (s) Losses = ['0.6607', '1.3349'] lr = 0.000011
2026-05-17 14:30:24,862 - base - INFO - [Epoch 2/300][Batch 8941/9303] BatchTime = 0.650 (s) DataTime = 0.002 (s) Losses = ['0.6408', '1.2903'] lr = 0.000011
2026-05-17 14:30:37,952 - base - INFO - [Epoch 2/300][Batch 8961/9303] BatchTime = 0.648 (s) DataTime = 0.001 (s) Losses = ['0.4894', '0.9660'] lr = 0.000011
2026-05-17 14:30:51,036 - base - INFO - [Epoch 2/300][Batch 8981/9303] BatchTime = 0.650 (s) DataTime = 0.001 (s) Losses = ['0.5557', '0.9628'] lr = 0.000011
2026-05-17 14:31:04,056 - base - INFO - [Epoch 2/300][Batch 9001/9303] BatchTime = 0.647 (s) DataTime = 0.001 (s) Losses = ['0.5425', '1.0120'] lr = 0.000011
2026-05-17 14:31:17,109 - base - INFO - [Epoch 2/300][Batch 9021/9303] BatchTime = 0.650 (s) DataTime = 0.001 (s) Losses = ['0.5893', '0.8451'] lr = 0.000011
2026-05-17 14:31:30,151 - base - INFO - [Epoch 2/300][Batch 9041/9303] BatchTime = 0.652 (s) DataTime = 0.002 (s) Losses = ['0.5542', '1.2812'] lr = 0.000011
2026-05-17 14:31:43,203 - base - INFO - [Epoch 2/300][Batch 9061/9303] BatchTime = 0.658 (s) DataTime = 0.002 (s) Losses = ['0.6219', '1.0730'] lr = 0.000011
2026-05-17 14:31:56,228 - base - INFO - [Epoch 2/300][Batch 9081/9303] BatchTime = 0.649 (s) DataTime = 0.002 (s) Losses = ['0.5534', '1.1109'] lr = 0.000011
2026-05-17 14:32:09,285 - base - INFO - [Epoch 2/300][Batch 9101/9303] BatchTime = 0.647 (s) DataTime = 0.001 (s) Losses = ['0.6158', '1.3037'] lr = 0.000011
2026-05-17 14:32:22,347 - base - INFO - [Epoch 2/300][Batch 9121/9303] BatchTime = 0.651 (s) DataTime = 0.001 (s) Losses = ['0.5886', '1.2289'] lr = 0.000011
2026-05-17 14:32:35,374 - base - INFO - [Epoch 2/300][Batch 9141/9303] BatchTime = 0.655 (s) DataTime = 0.002 (s) Losses = ['0.5793', '0.7134'] lr = 0.000011
2026-05-17 14:32:48,391 - base - INFO - [Epoch 2/300][Batch 9161/9303] BatchTime = 0.648 (s) DataTime = 0.002 (s) Losses = ['0.5774', '1.0921'] lr = 0.000011
2026-05-17 14:33:01,436 - base - INFO - [Epoch 2/300][Batch 9181/9303] BatchTime = 0.655 (s) DataTime = 0.001 (s) Losses = ['0.4817', '0.8788'] lr = 0.000011
2026-05-17 14:33:14,514 - base - INFO - [Epoch 2/300][Batch 9201/9303] BatchTime = 0.694 (s) DataTime = 0.001 (s) Losses = ['0.5994', '1.0152'] lr = 0.000011
2026-05-17 14:33:27,521 - base - INFO - [Epoch 2/300][Batch 9221/9303] BatchTime = 0.648 (s) DataTime = 0.002 (s) Losses = ['0.5402', '1.0486'] lr = 0.000011
2026-05-17 14:33:40,582 - base - INFO - [Epoch 2/300][Batch 9241/9303] BatchTime = 0.648 (s) DataTime = 0.001 (s) Losses = ['0.6472', '1.2653'] lr = 0.000011
2026-05-17 14:33:53,633 - base - INFO - [Epoch 2/300][Batch 9261/9303] BatchTime = 0.660 (s) DataTime = 0.002 (s) Losses = ['0.6043', '0.9920'] lr = 0.000011
2026-05-17 14:34:06,652 - base - INFO - [Epoch 2/300][Batch 9281/9303] BatchTime = 0.647 (s) DataTime = 0.002 (s) Losses = ['0.5904', '1.1907'] lr = 0.000011
2026-05-17 14:34:19,737 - base - INFO - [Epoch 2/300][Batch 9301/9303] BatchTime = 0.649 (s) DataTime = 0.001 (s) Losses = ['0.5967', '1.1971'] lr = 0.000011
2026-05-17 14:34:21,070 - base - INFO - [Training] EPOCH: 2 EpochTime = 6063.932 (s) Losses = ['0.5922', '1.1194'] lr = 0.000021
2026-05-17 14:34:21,273 - base - INFO - Save checkpoint at ./experiments/base/pretrain/pcpmae_minigpt3d/ckpt-last.pth
2026-05-17 14:34:22,119 - base - INFO - [Epoch 3/300][Batch 1/9303] BatchTime = 0.846 (s) DataTime = 0.201 (s) Losses = ['0.5402', '1.3051'] lr = 0.000021
2026-05-17 14:34:35,146 - base - INFO - [Epoch 3/300][Batch 21/9303] BatchTime = 0.648 (s) DataTime = 0.002 (s) Losses = ['0.5235', '0.6812'] lr = 0.000021
2026-05-17 14:34:48,171 - base - INFO - [Epoch 3/300][Batch 41/9303] BatchTime = 0.649 (s) DataTime = 0.001 (s) Losses = ['0.6038', '1.0573'] lr = 0.000021
2026-05-17 14:35:01,221 - base - INFO - [Epoch 3/300][Batch 61/9303] BatchTime = 0.648 (s) DataTime = 0.002 (s) Losses = ['0.5724', '1.3277'] lr = 0.000021
2026-05-17 14:35:14,258 - base - INFO - [Epoch 3/300][Batch 81/9303] BatchTime = 0.650 (s) DataTime = 0.002 (s) Losses = ['0.5715', '1.3500'] lr = 0.000021
2026-05-17 14:35:27,287 - base - INFO - [Epoch 3/300][Batch 101/9303] BatchTime = 0.652 (s) DataTime = 0.002 (s) Losses = ['0.5580', '1.5419'] lr = 0.000021
2026-05-17 14:35:40,350 - base - INFO - [Epoch 3/300][Batch 121/9303] BatchTime = 0.650 (s) DataTime = 0.001 (s) Losses = ['0.6106', '1.0986'] lr = 0.000021
2026-05-17 14:35:53,359 - base - INFO - [Epoch 3/300][Batch 141/9303] BatchTime = 0.649 (s) DataTime = 0.002 (s) Losses = ['0.5813', '1.4630'] lr = 0.000021
2026-05-17 14:36:06,445 - base - INFO - [Epoch 3/300][Batch 161/9303] BatchTime = 0.648 (s) DataTime = 0.001 (s) Losses = ['0.6428', '1.1229'] lr = 0.000021
2026-05-17 14:36:19,467 - base - INFO - [Epoch 3/300][Batch 181/9303] BatchTime = 0.654 (s) DataTime = 0.001 (s) Losses = ['0.5759', '0.9635'] lr = 0.000021
2026-05-17 14:36:32,529 - base - INFO - [Epoch 3/300][Batch 201/9303] BatchTime = 0.653 (s) DataTime = 0.001 (s) Losses = ['0.6122', '1.0648'] lr = 0.000021
2026-05-17 14:36:45,582 - base - INFO - [Epoch 3/300][Batch 221/9303] BatchTime = 0.650 (s) DataTime = 0.002 (s) Losses = ['0.6005', '1.3190'] lr = 0.000021
2026-05-17 14:36:58,588 - base - INFO - [Epoch 3/300][Batch 241/9303] BatchTime = 0.651 (s) DataTime = 0.001 (s) Losses = ['0.5860', '1.3455'] lr = 0.000021
2026-05-17 14:37:11,663 - base - INFO - [Epoch 3/300][Batch 261/9303] BatchTime = 0.648 (s) DataTime = 0.002 (s) Losses = ['0.5969', '0.8029'] lr = 0.000021
2026-05-17 14:37:24,724 - base - INFO - [Epoch 3/300][Batch 281/9303] BatchTime = 0.655 (s) DataTime = 0.001 (s) Losses = ['0.5943', '1.1395'] lr = 0.000021
2026-05-17 14:37:37,813 - base - INFO - [Epoch 3/300][Batch 301/9303] BatchTime = 0.649 (s) DataTime = 0.001 (s) Losses = ['0.5326', '1.3210'] lr = 0.000021
2026-05-17 14:37:50,844 - base - INFO - [Epoch 3/300][Batch 321/9303] BatchTime = 0.652 (s) DataTime = 0.002 (s) Losses = ['0.5575', '1.0686'] lr = 0.000021
2026-05-17 14:38:03,875 - base - INFO - [Epoch 3/300][Batch 341/9303] BatchTime = 0.656 (s) DataTime = 0.002 (s) Losses = ['0.6234', '1.1222'] lr = 0.000021
2026-05-17 14:38:16,944 - base - INFO - [Epoch 3/300][Batch 361/9303] BatchTime = 0.651 (s) DataTime = 0.001 (s) Losses = ['0.5823', '1.2275'] lr = 0.000021
2026-05-17 14:38:30,006 - base - INFO - [Epoch 3/300][Batch 381/9303] BatchTime = 0.650 (s) DataTime = 0.001 (s) Losses = ['0.6334', '1.1518'] lr = 0.000021
2026-05-17 14:38:43,039 - base - INFO - [Epoch 3/300][Batch 401/9303] BatchTime = 0.655 (s) DataTime = 0.001 (s) Losses = ['0.6011', '1.2748'] lr = 0.000021
2026-05-17 14:38:56,074 - base - INFO - [Epoch 3/300][Batch 421/9303] BatchTime = 0.651 (s) DataTime = 0.002 (s) Losses = ['0.5461', '0.9671'] lr = 0.000021
2026-05-17 14:39:09,106 - base - INFO - [Epoch 3/300][Batch 441/9303] BatchTime = 0.649 (s) DataTime = 0.001 (s) Losses = ['0.6488', '1.2352'] lr = 0.000021
2026-05-17 14:39:22,132 - base - INFO - [Epoch 3/300][Batch 461/9303] BatchTime = 0.646 (s) DataTime = 0.001 (s) Losses = ['0.5135', '0.9795'] lr = 0.000021
2026-05-17 14:39:35,154 - base - INFO - [Epoch 3/300][Batch 481/9303] BatchTime = 0.646 (s) DataTime = 0.001 (s) Losses = ['0.6559', '1.0802'] lr = 0.000021
2026-05-17 14:39:48,191 - base - INFO - [Epoch 3/300][Batch 501/9303] BatchTime = 0.651 (s) DataTime = 0.002 (s) Losses = ['0.6411', '1.2063'] lr = 0.000021
2026-05-17 14:40:01,255 - base - INFO - [Epoch 3/300][Batch 521/9303] BatchTime = 0.655 (s) DataTime = 0.001 (s) Losses = ['0.5124', '0.7425'] lr = 0.000021
2026-05-17 14:40:14,284 - base - INFO - [Epoch 3/300][Batch 541/9303] BatchTime = 0.647 (s) DataTime = 0.002 (s) Losses = ['0.5512', '1.0609'] lr = 0.000021
2026-05-17 14:40:27,366 - base - INFO - [Epoch 3/300][Batch 561/9303] BatchTime = 0.648 (s) DataTime = 0.001 (s) Losses = ['0.6054', '1.3745'] lr = 0.000021
2026-05-17 14:40:40,387 - base - INFO - [Epoch 3/300][Batch 581/9303] BatchTime = 0.652 (s) DataTime = 0.002 (s) Losses = ['0.5164', '1.1632'] lr = 0.000021
2026-05-17 14:40:53,439 - base - INFO - [Epoch 3/300][Batch 601/9303] BatchTime = 0.650 (s) DataTime = 0.002 (s) Losses = ['0.5913', '1.0869'] lr = 0.000021
2026-05-17 14:41:06,462 - base - INFO - [Epoch 3/300][Batch 621/9303] BatchTime = 0.647 (s) DataTime = 0.001 (s) Losses = ['0.5882', '1.1219'] lr = 0.000021
2026-05-17 14:41:19,535 - base - INFO - [Epoch 3/300][Batch 641/9303] BatchTime = 0.652 (s) DataTime = 0.002 (s) Losses = ['0.6021', '1.2283'] lr = 0.000021
2026-05-17 14:41:32,550 - base - INFO - [Epoch 3/300][Batch 661/9303] BatchTime = 0.650 (s) DataTime = 0.001 (s) Losses = ['0.6373', '1.3362'] lr = 0.000021
2026-05-17 14:41:45,579 - base - INFO - [Epoch 3/300][Batch 681/9303] BatchTime = 0.646 (s) DataTime = 0.001 (s) Losses = ['0.5888', '1.1044'] lr = 0.000021
2026-05-17 14:41:58,633 - base - INFO - [Epoch 3/300][Batch 701/9303] BatchTime = 0.655 (s) DataTime = 0.001 (s) Losses = ['0.6401', '1.1773'] lr = 0.000021
2026-05-17 14:42:11,678 - base - INFO - [Epoch 3/300][Batch 721/9303] BatchTime = 0.648 (s) DataTime = 0.002 (s) Losses = ['0.6570', '1.0300'] lr = 0.000021
2026-05-17 14:42:24,688 - base - INFO - [Epoch 3/300][Batch 741/9303] BatchTime = 0.653 (s) DataTime = 0.002 (s) Losses = ['0.6497', '1.1223'] lr = 0.000021
2026-05-17 14:42:37,746 - base - INFO - [Epoch 3/300][Batch 761/9303] BatchTime = 0.649 (s) DataTime = 0.002 (s) Losses = ['0.5432', '0.9329'] lr = 0.000021
2026-05-17 14:42:50,806 - base - INFO - [Epoch 3/300][Batch 781/9303] BatchTime = 0.655 (s) DataTime = 0.002 (s) Losses = ['0.5436', '1.0937'] lr = 0.000021
2026-05-17 14:43:03,834 - base - INFO - [Epoch 3/300][Batch 801/9303] BatchTime = 0.648 (s) DataTime = 0.001 (s) Losses = ['0.5993', '1.2145'] lr = 0.000021
2026-05-17 14:43:16,846 - base - INFO - [Epoch 3/300][Batch 821/9303] BatchTime = 0.653 (s) DataTime = 0.002 (s) Losses = ['0.5170', '0.8828'] lr = 0.000021
2026-05-17 14:43:29,880 - base - INFO - [Epoch 3/300][Batch 841/9303] BatchTime = 0.649 (s) DataTime = 0.001 (s) Losses = ['0.6448', '0.6971'] lr = 0.000021
2026-05-17 14:43:42,909 - base - INFO - [Epoch 3/300][Batch 861/9303] BatchTime = 0.651 (s) DataTime = 0.001 (s) Losses = ['0.6371', '1.0264'] lr = 0.000021
2026-05-17 14:43:55,929 - base - INFO - [Epoch 3/300][Batch 881/9303] BatchTime = 0.646 (s) DataTime = 0.001 (s) Losses = ['0.5227', '0.7175'] lr = 0.000021
2026-05-17 14:44:08,972 - base - INFO - [Epoch 3/300][Batch 901/9303] BatchTime = 0.647 (s) DataTime = 0.001 (s) Losses = ['0.6330', '0.9692'] lr = 0.000021
2026-05-17 14:44:22,034 - base - INFO - [Epoch 3/300][Batch 921/9303] BatchTime = 0.651 (s) DataTime = 0.001 (s) Losses = ['0.6170', '0.9220'] lr = 0.000021
2026-05-17 14:44:35,052 - base - INFO - [Epoch 3/300][Batch 941/9303] BatchTime = 0.646 (s) DataTime = 0.002 (s) Losses = ['0.5757', '1.2646'] lr = 0.000021
2026-05-17 14:44:48,063 - base - INFO - [Epoch 3/300][Batch 961/9303] BatchTime = 0.650 (s) DataTime = 0.001 (s) Losses = ['0.5240', '1.0901'] lr = 0.000021
2026-05-17 14:45:01,069 - base - INFO - [Epoch 3/300][Batch 981/9303] BatchTime = 0.655 (s) DataTime = 0.002 (s) Losses = ['0.6223', '0.7510'] lr = 0.000021
2026-05-17 14:45:14,086 - base - INFO - [Epoch 3/300][Batch 1001/9303] BatchTime = 0.647 (s) DataTime = 0.001 (s) Losses = ['0.5313', '1.0965'] lr = 0.000021
2026-05-17 14:45:27,142 - base - INFO - [Epoch 3/300][Batch 1021/9303] BatchTime = 0.652 (s) DataTime = 0.002 (s) Losses = ['0.4742', '1.1531'] lr = 0.000021
2026-05-17 14:45:40,172 - base - INFO - [Epoch 3/300][Batch 1041/9303] BatchTime = 0.653 (s) DataTime = 0.002 (s) Losses = ['0.6358', '1.0508'] lr = 0.000021
2026-05-17 14:45:53,193 - base - INFO - [Epoch 3/300][Batch 1061/9303] BatchTime = 0.649 (s) DataTime = 0.002 (s) Losses = ['0.5640', '1.1483'] lr = 0.000021
2026-05-17 14:46:06,223 - base - INFO - [Epoch 3/300][Batch 1081/9303] BatchTime = 0.654 (s) DataTime = 0.001 (s) Losses = ['0.6152', '0.9674'] lr = 0.000021
2026-05-17 14:46:19,250 - base - INFO - [Epoch 3/300][Batch 1101/9303] BatchTime = 0.655 (s) DataTime = 0.001 (s) Losses = ['0.5865', '0.9499'] lr = 0.000021
2026-05-17 14:46:32,314 - base - INFO - [Epoch 3/300][Batch 1121/9303] BatchTime = 0.649 (s) DataTime = 0.002 (s) Losses = ['0.5974', '1.0503'] lr = 0.000021
2026-05-17 14:46:45,369 - base - INFO - [Epoch 3/300][Batch 1141/9303] BatchTime = 0.649 (s) DataTime = 0.002 (s) Losses = ['0.5519', '1.1446'] lr = 0.000021
2026-05-17 14:46:58,381 - base - INFO - [Epoch 3/300][Batch 1161/9303] BatchTime = 0.648 (s) DataTime = 0.001 (s) Losses = ['0.5587', '1.2758'] lr = 0.000021
2026-05-17 14:47:11,451 - base - INFO - [Epoch 3/300][Batch 1181/9303] BatchTime = 0.655 (s) DataTime = 0.001 (s) Losses = ['0.5704', '1.2371'] lr = 0.000021
2026-05-17 14:47:24,483 - base - INFO - [Epoch 3/300][Batch 1201/9303] BatchTime = 0.649 (s) DataTime = 0.001 (s) Losses = ['0.5834', '1.2427'] lr = 0.000021
2026-05-17 14:47:37,501 - base - INFO - [Epoch 3/300][Batch 1221/9303] BatchTime = 0.651 (s) DataTime = 0.002 (s) Losses = ['0.6012', '1.3008'] lr = 0.000021
2026-05-17 14:47:50,547 - base - INFO - [Epoch 3/300][Batch 1241/9303] BatchTime = 0.648 (s) DataTime = 0.002 (s) Losses = ['0.5670', '0.9095'] lr = 0.000021
2026-05-17 14:48:03,603 - base - INFO - [Epoch 3/300][Batch 1261/9303] BatchTime = 0.648 (s) DataTime = 0.001 (s) Losses = ['0.7203', '1.2363'] lr = 0.000021
2026-05-17 14:48:16,633 - base - INFO - [Epoch 3/300][Batch 1281/9303] BatchTime = 0.670 (s) DataTime = 0.002 (s) Losses = ['0.6260', '1.0344'] lr = 0.000021
2026-05-17 14:48:29,679 - base - INFO - [Epoch 3/300][Batch 1301/9303] BatchTime = 0.647 (s) DataTime = 0.001 (s) Losses = ['0.6070', '0.8837'] lr = 0.000021
2026-05-17 14:48:42,754 - base - INFO - [Epoch 3/300][Batch 1321/9303] BatchTime = 0.648 (s) DataTime = 0.001 (s) Losses = ['0.5447', '0.9414'] lr = 0.000021
2026-05-17 14:48:55,783 - base - INFO - [Epoch 3/300][Batch 1341/9303] BatchTime = 0.656 (s) DataTime = 0.002 (s) Losses = ['0.7210', '1.0979'] lr = 0.000021
2026-05-17 14:49:08,811 - base - INFO - [Epoch 3/300][Batch 1361/9303] BatchTime = 0.649 (s) DataTime = 0.001 (s) Losses = ['0.6595', '0.9722'] lr = 0.000021
2026-05-17 14:49:21,870 - base - INFO - [Epoch 3/300][Batch 1381/9303] BatchTime = 0.651 (s) DataTime = 0.002 (s) Losses = ['0.6577', '1.0239'] lr = 0.000021
2026-05-17 14:49:34,884 - base - INFO - [Epoch 3/300][Batch 1401/9303] BatchTime = 0.652 (s) DataTime = 0.001 (s) Losses = ['0.5846', '1.0708'] lr = 0.000021
2026-05-17 14:49:47,943 - base - INFO - [Epoch 3/300][Batch 1421/9303] BatchTime = 0.649 (s) DataTime = 0.002 (s) Losses = ['0.5982', '1.4162'] lr = 0.000021
2026-05-17 14:50:00,979 - base - INFO - [Epoch 3/300][Batch 1441/9303] BatchTime = 0.650 (s) DataTime = 0.001 (s) Losses = ['0.5972', '1.2486'] lr = 0.000021
2026-05-17 14:50:14,015 - base - INFO - [Epoch 3/300][Batch 1461/9303] BatchTime = 0.648 (s) DataTime = 0.002 (s) Losses = ['0.6006', '0.9714'] lr = 0.000021
2026-05-17 14:50:27,050 - base - INFO - [Epoch 3/300][Batch 1481/9303] BatchTime = 0.649 (s) DataTime = 0.001 (s) Losses = ['0.6046', '1.2632'] lr = 0.000021
2026-05-17 14:50:40,097 - base - INFO - [Epoch 3/300][Batch 1501/9303] BatchTime = 0.651 (s) DataTime = 0.002 (s) Losses = ['0.6194', '1.1121'] lr = 0.000021
2026-05-17 14:50:53,159 - base - INFO - [Epoch 3/300][Batch 1521/9303] BatchTime = 0.654 (s) DataTime = 0.001 (s) Losses = ['0.5253', '1.0107'] lr = 0.000021
2026-05-17 14:51:06,177 - base - INFO - [Epoch 3/300][Batch 1541/9303] BatchTime = 0.650 (s) DataTime = 0.001 (s) Losses = ['0.6372', '1.3236'] lr = 0.000021
2026-05-17 14:51:19,229 - base - INFO - [Epoch 3/300][Batch 1561/9303] BatchTime = 0.651 (s) DataTime = 0.001 (s) Losses = ['0.6236', '1.3560'] lr = 0.000021
2026-05-17 14:51:32,266 - base - INFO - [Epoch 3/300][Batch 1581/9303] BatchTime = 0.657 (s) DataTime = 0.002 (s) Losses = ['0.5551', '0.8729'] lr = 0.000021
2026-05-17 14:51:45,295 - base - INFO - [Epoch 3/300][Batch 1601/9303] BatchTime = 0.654 (s) DataTime = 0.001 (s) Losses = ['0.5721', '0.8051'] lr = 0.000021
2026-05-17 14:51:58,344 - base - INFO - [Epoch 3/300][Batch 1621/9303] BatchTime = 0.649 (s) DataTime = 0.002 (s) Losses = ['0.5603', '1.0790'] lr = 0.000021
2026-05-17 14:52:11,383 - base - INFO - [Epoch 3/300][Batch 1641/9303] BatchTime = 0.648 (s) DataTime = 0.001 (s) Losses = ['0.5866', '1.3460'] lr = 0.000021
2026-05-17 14:52:24,399 - base - INFO - [Epoch 3/300][Batch 1661/9303] BatchTime = 0.649 (s) DataTime = 0.001 (s) Losses = ['0.6310', '0.8886'] lr = 0.000021
2026-05-17 14:52:37,468 - base - INFO - [Epoch 3/300][Batch 1681/9303] BatchTime = 0.650 (s) DataTime = 0.001 (s) Losses = ['0.6385', '1.2012'] lr = 0.000021
2026-05-17 14:52:50,508 - base - INFO - [Epoch 3/300][Batch 1701/9303] BatchTime = 0.655 (s) DataTime = 0.002 (s) Losses = ['0.6123', '1.2786'] lr = 0.000021
2026-05-17 14:53:03,539 - base - INFO - [Epoch 3/300][Batch 1721/9303] BatchTime = 0.649 (s) DataTime = 0.002 (s) Losses = ['0.5662', '0.9417'] lr = 0.000021
2026-05-17 14:53:16,593 - base - INFO - [Epoch 3/300][Batch 1741/9303] BatchTime = 0.649 (s) DataTime = 0.002 (s) Losses = ['0.5496', '1.0848'] lr = 0.000021
2026-05-17 14:53:29,646 - base - INFO - [Epoch 3/300][Batch 1761/9303] BatchTime = 0.660 (s) DataTime = 0.002 (s) Losses = ['0.5688', '1.2204'] lr = 0.000021
2026-05-17 14:53:42,668 - base - INFO - [Epoch 3/300][Batch 1781/9303] BatchTime = 0.654 (s) DataTime = 0.001 (s) Losses = ['0.5934', '1.3654'] lr = 0.000021
2026-05-17 14:53:55,686 - base - INFO - [Epoch 3/300][Batch 1801/9303] BatchTime = 0.648 (s) DataTime = 0.001 (s) Losses = ['0.5101', '0.8214'] lr = 0.000021
2026-05-17 14:54:08,732 - base - INFO - [Epoch 3/300][Batch 1821/9303] BatchTime = 0.651 (s) DataTime = 0.001 (s) Losses = ['0.5276', '1.0647'] lr = 0.000021
2026-05-17 14:54:21,753 - base - INFO - [Epoch 3/300][Batch 1841/9303] BatchTime = 0.647 (s) DataTime = 0.001 (s) Losses = ['0.5493', '1.2027'] lr = 0.000021
2026-05-17 14:54:34,774 - base - INFO - [Epoch 3/300][Batch 1861/9303] BatchTime = 0.650 (s) DataTime = 0.002 (s) Losses = ['0.5244', '1.0373'] lr = 0.000021
2026-05-17 14:54:47,803 - base - INFO - [Epoch 3/300][Batch 1881/9303] BatchTime = 0.650 (s) DataTime = 0.001 (s) Losses = ['0.5784', '1.1285'] lr = 0.000021
2026-05-17 14:55:00,869 - base - INFO - [Epoch 3/300][Batch 1901/9303] BatchTime = 0.648 (s) DataTime = 0.001 (s) Losses = ['0.4641', '1.0031'] lr = 0.000021
2026-05-17 14:55:13,927 - base - INFO - [Epoch 3/300][Batch 1921/9303] BatchTime = 0.652 (s) DataTime = 0.001 (s) Losses = ['0.5808', '1.0204'] lr = 0.000021
2026-05-17 14:55:26,962 - base - INFO - [Epoch 3/300][Batch 1941/9303] BatchTime = 0.651 (s) DataTime = 0.002 (s) Losses = ['0.5935', '0.7383'] lr = 0.000021
2026-05-17 14:55:39,997 - base - INFO - [Epoch 3/300][Batch 1961/9303] BatchTime = 0.647 (s) DataTime = 0.001 (s) Losses = ['0.5354', '1.0527'] lr = 0.000021
2026-05-17 14:55:53,027 - base - INFO - [Epoch 3/300][Batch 1981/9303] BatchTime = 0.650 (s) DataTime = 0.002 (s) Losses = ['0.5722', '0.9220'] lr = 0.000021
2026-05-17 14:56:06,054 - base - INFO - [Epoch 3/300][Batch 2001/9303] BatchTime = 0.645 (s) DataTime = 0.001 (s) Losses = ['0.5600', '1.2473'] lr = 0.000021
2026-05-17 14:56:19,069 - base - INFO - [Epoch 3/300][Batch 2021/9303] BatchTime = 0.650 (s) DataTime = 0.002 (s) Losses = ['0.5817', '0.9799'] lr = 0.000021
2026-05-17 14:56:32,104 - base - INFO - [Epoch 3/300][Batch 2041/9303] BatchTime = 0.656 (s) DataTime = 0.002 (s) Losses = ['0.6622', '0.9715'] lr = 0.000021
2026-05-17 14:56:45,146 - base - INFO - [Epoch 3/300][Batch 2061/9303] BatchTime = 0.649 (s) DataTime = 0.002 (s) Losses = ['0.6010', '1.1054'] lr = 0.000021
2026-05-17 14:56:58,175 - base - INFO - [Epoch 3/300][Batch 2081/9303] BatchTime = 0.649 (s) DataTime = 0.002 (s) Losses = ['0.5429', '1.1068'] lr = 0.000021
2026-05-17 14:57:11,218 - base - INFO - [Epoch 3/300][Batch 2101/9303] BatchTime = 0.658 (s) DataTime = 0.002 (s) Losses = ['0.5688', '1.3093'] lr = 0.000021
2026-05-17 14:57:24,266 - base - INFO - [Epoch 3/300][Batch 2121/9303] BatchTime = 0.649 (s) DataTime = 0.001 (s) Losses = ['0.7025', '0.9564'] lr = 0.000021
2026-05-17 14:57:37,298 - base - INFO - [Epoch 3/300][Batch 2141/9303] BatchTime = 0.650 (s) DataTime = 0.002 (s) Losses = ['0.6309', '1.4907'] lr = 0.000021
2026-05-17 14:57:50,311 - base - INFO - [Epoch 3/300][Batch 2161/9303] BatchTime = 0.645 (s) DataTime = 0.001 (s) Losses = ['0.5834', '0.8120'] lr = 0.000021
2026-05-17 14:58:03,362 - base - INFO - [Epoch 3/300][Batch 2181/9303] BatchTime = 0.651 (s) DataTime = 0.002 (s) Losses = ['0.6315', '1.5667'] lr = 0.000021
2026-05-17 14:58:16,435 - base - INFO - [Epoch 3/300][Batch 2201/9303] BatchTime = 0.648 (s) DataTime = 0.001 (s) Losses = ['0.5569', '1.3189'] lr = 0.000021
2026-05-17 14:58:29,455 - base - INFO - [Epoch 3/300][Batch 2221/9303] BatchTime = 0.653 (s) DataTime = 0.002 (s) Losses = ['0.5980', '1.1195'] lr = 0.000021
2026-05-17 14:58:42,478 - base - INFO - [Epoch 3/300][Batch 2241/9303] BatchTime = 0.650 (s) DataTime = 0.002 (s) Losses = ['0.6212', '1.2139'] lr = 0.000021
2026-05-17 14:58:55,502 - base - INFO - [Epoch 3/300][Batch 2261/9303] BatchTime = 0.648 (s) DataTime = 0.001 (s) Losses = ['0.5793', '0.8767'] lr = 0.000021
2026-05-17 14:59:08,521 - base - INFO - [Epoch 3/300][Batch 2281/9303] BatchTime = 0.647 (s) DataTime = 0.001 (s) Losses = ['0.5986', '1.1693'] lr = 0.000021
2026-05-17 14:59:21,577 - base - INFO - [Epoch 3/300][Batch 2301/9303] BatchTime = 0.648 (s) DataTime = 0.001 (s) Losses = ['0.6293', '1.2002'] lr = 0.000021
2026-05-17 14:59:34,610 - base - INFO - [Epoch 3/300][Batch 2321/9303] BatchTime = 0.656 (s) DataTime = 0.001 (s) Losses = ['0.5111', '1.0259'] lr = 0.000021
2026-05-17 14:59:47,632 - base - INFO - [Epoch 3/300][Batch 2341/9303] BatchTime = 0.665 (s) DataTime = 0.001 (s) Losses = ['0.6756', '1.1799'] lr = 0.000021
2026-05-17 15:00:00,694 - base - INFO - [Epoch 3/300][Batch 2361/9303] BatchTime = 0.648 (s) DataTime = 0.001 (s) Losses = ['0.5880', '0.8423'] lr = 0.000021
2026-05-17 15:00:13,725 - base - INFO - [Epoch 3/300][Batch 2381/9303] BatchTime = 0.650 (s) DataTime = 0.001 (s) Losses = ['0.5832', '0.9346'] lr = 0.000021
2026-05-17 15:00:26,768 - base - INFO - [Epoch 3/300][Batch 2401/9303] BatchTime = 0.647 (s) DataTime = 0.001 (s) Losses = ['0.5699', '1.0426'] lr = 0.000021
2026-05-17 15:00:39,792 - base - INFO - [Epoch 3/300][Batch 2421/9303] BatchTime = 0.648 (s) DataTime = 0.002 (s) Losses = ['0.6281', '1.1615'] lr = 0.000021
2026-05-17 15:00:52,862 - base - INFO - [Epoch 3/300][Batch 2441/9303] BatchTime = 0.650 (s) DataTime = 0.001 (s) Losses = ['0.5857', '0.6651'] lr = 0.000021
2026-05-17 15:01:05,879 - base - INFO - [Epoch 3/300][Batch 2461/9303] BatchTime = 0.645 (s) DataTime = 0.002 (s) Losses = ['0.6086', '1.0144'] lr = 0.000021
2026-05-17 15:01:18,953 - base - INFO - [Epoch 3/300][Batch 2481/9303] BatchTime = 0.647 (s) DataTime = 0.002 (s) Losses = ['0.5469', '1.0635'] lr = 0.000021
2026-05-17 15:01:31,961 - base - INFO - [Epoch 3/300][Batch 2501/9303] BatchTime = 0.650 (s) DataTime = 0.001 (s) Losses = ['0.5900', '1.1758'] lr = 0.000021
2026-05-17 15:01:45,021 - base - INFO - [Epoch 3/300][Batch 2521/9303] BatchTime = 0.646 (s) DataTime = 0.001 (s) Losses = ['0.6497', '0.9443'] lr = 0.000021
2026-05-17 15:01:58,063 - base - INFO - [Epoch 3/300][Batch 2541/9303] BatchTime = 0.651 (s) DataTime = 0.002 (s) Losses = ['0.5538', '1.1650'] lr = 0.000021
2026-05-17 15:02:11,090 - base - INFO - [Epoch 3/300][Batch 2561/9303] BatchTime = 0.650 (s) DataTime = 0.001 (s) Losses = ['0.6086', '0.9772'] lr = 0.000021
2026-05-17 15:02:24,099 - base - INFO - [Epoch 3/300][Batch 2581/9303] BatchTime = 0.653 (s) DataTime = 0.002 (s) Losses = ['0.5472', '1.1696'] lr = 0.000021
2026-05-17 15:02:37,126 - base - INFO - [Epoch 3/300][Batch 2601/9303] BatchTime = 0.650 (s) DataTime = 0.001 (s) Losses = ['0.5214', '1.1594'] lr = 0.000021
2026-05-17 15:02:50,130 - base - INFO - [Epoch 3/300][Batch 2621/9303] BatchTime = 0.646 (s) DataTime = 0.001 (s) Losses = ['0.6284', '1.4654'] lr = 0.000021
2026-05-17 15:03:03,177 - base - INFO - [Epoch 3/300][Batch 2641/9303] BatchTime = 0.657 (s) DataTime = 0.001 (s) Losses = ['0.7026', '1.4652'] lr = 0.000021
2026-05-17 15:03:16,232 - base - INFO - [Epoch 3/300][Batch 2661/9303] BatchTime = 0.651 (s) DataTime = 0.001 (s) Losses = ['0.6033', '0.8009'] lr = 0.000021
2026-05-17 15:03:29,281 - base - INFO - [Epoch 3/300][Batch 2681/9303] BatchTime = 0.652 (s) DataTime = 0.001 (s) Losses = ['0.6395', '1.2445'] lr = 0.000021
2026-05-17 15:03:42,305 - base - INFO - [Epoch 3/300][Batch 2701/9303] BatchTime = 0.649 (s) DataTime = 0.002 (s) Losses = ['0.5595', '1.1647'] lr = 0.000021
2026-05-17 15:03:55,397 - base - INFO - [Epoch 3/300][Batch 2721/9303] BatchTime = 0.656 (s) DataTime = 0.001 (s) Losses = ['0.5204', '1.0914'] lr = 0.000021
2026-05-17 15:04:08,398 - base - INFO - [Epoch 3/300][Batch 2741/9303] BatchTime = 0.650 (s) DataTime = 0.001 (s) Losses = ['0.5746', '1.0115'] lr = 0.000021
2026-05-17 15:04:21,433 - base - INFO - [Epoch 3/300][Batch 2761/9303] BatchTime = 0.650 (s) DataTime = 0.002 (s) Losses = ['0.5814', '0.9440'] lr = 0.000021
2026-05-17 15:04:34,486 - base - INFO - [Epoch 3/300][Batch 2781/9303] BatchTime = 0.648 (s) DataTime = 0.002 (s) Losses = ['0.6186', '1.0486'] lr = 0.000021
2026-05-17 15:04:47,529 - base - INFO - [Epoch 3/300][Batch 2801/9303] BatchTime = 0.653 (s) DataTime = 0.001 (s) Losses = ['0.6142', '1.3137'] lr = 0.000021
2026-05-17 15:05:00,583 - base - INFO - [Epoch 3/300][Batch 2821/9303] BatchTime = 0.649 (s) DataTime = 0.002 (s) Losses = ['0.5583', '0.8965'] lr = 0.000021
2026-05-17 15:05:13,629 - base - INFO - [Epoch 3/300][Batch 2841/9303] BatchTime = 0.649 (s) DataTime = 0.002 (s) Losses = ['0.5116', '0.8943'] lr = 0.000021
2026-05-17 15:05:26,682 - base - INFO - [Epoch 3/300][Batch 2861/9303] BatchTime = 0.650 (s) DataTime = 0.002 (s) Losses = ['0.5552', '1.3382'] lr = 0.000021
2026-05-17 15:05:39,745 - base - INFO - [Epoch 3/300][Batch 2881/9303] BatchTime = 0.649 (s) DataTime = 0.001 (s) Losses = ['0.6685', '1.1224'] lr = 0.000021
2026-05-17 15:05:52,755 - base - INFO - [Epoch 3/300][Batch 2901/9303] BatchTime = 0.648 (s) DataTime = 0.002 (s) Losses = ['0.5686', '0.9176'] lr = 0.000021
2026-05-17 15:06:05,798 - base - INFO - [Epoch 3/300][Batch 2921/9303] BatchTime = 0.651 (s) DataTime = 0.002 (s) Losses = ['0.6292', '0.8691'] lr = 0.000021
2026-05-17 15:06:18,826 - base - INFO - [Epoch 3/300][Batch 2941/9303] BatchTime = 0.646 (s) DataTime = 0.001 (s) Losses = ['0.6362', '1.2794'] lr = 0.000021
2026-05-17 15:06:31,850 - base - INFO - [Epoch 3/300][Batch 2961/9303] BatchTime = 0.647 (s) DataTime = 0.002 (s) Losses = ['0.6515', '1.3062'] lr = 0.000021
2026-05-17 15:06:44,870 - base - INFO - [Epoch 3/300][Batch 2981/9303] BatchTime = 0.655 (s) DataTime = 0.002 (s) Losses = ['0.5980', '0.9393'] lr = 0.000021
2026-05-17 15:06:57,936 - base - INFO - [Epoch 3/300][Batch 3001/9303] BatchTime = 0.649 (s) DataTime = 0.002 (s) Losses = ['0.5126', '0.8854'] lr = 0.000021
2026-05-17 15:07:11,007 - base - INFO - [Epoch 3/300][Batch 3021/9303] BatchTime = 0.649 (s) DataTime = 0.002 (s) Losses = ['0.5504', '0.8879'] lr = 0.000021
2026-05-17 15:07:24,101 - base - INFO - [Epoch 3/300][Batch 3041/9303] BatchTime = 0.659 (s) DataTime = 0.001 (s) Losses = ['0.5851', '1.1249'] lr = 0.000021
2026-05-17 15:07:37,183 - base - INFO - [Epoch 3/300][Batch 3061/9303] BatchTime = 0.647 (s) DataTime = 0.001 (s) Losses = ['0.6075', '1.1992'] lr = 0.000021
2026-05-17 15:07:50,239 - base - INFO - [Epoch 3/300][Batch 3081/9303] BatchTime = 0.650 (s) DataTime = 0.002 (s) Losses = ['0.6631', '1.2303'] lr = 0.000021
2026-05-17 15:08:03,274 - base - INFO - [Epoch 3/300][Batch 3101/9303] BatchTime = 0.645 (s) DataTime = 0.001 (s) Losses = ['0.7006', '1.3754'] lr = 0.000021
2026-05-17 15:08:16,323 - base - INFO - [Epoch 3/300][Batch 3121/9303] BatchTime = 0.646 (s) DataTime = 0.001 (s) Losses = ['0.5300', '1.3108'] lr = 0.000021
2026-05-17 15:08:29,397 - base - INFO - [Epoch 3/300][Batch 3141/9303] BatchTime = 0.649 (s) DataTime = 0.002 (s) Losses = ['0.5717', '0.9222'] lr = 0.000021
2026-05-17 15:08:42,426 - base - INFO - [Epoch 3/300][Batch 3161/9303] BatchTime = 0.658 (s) DataTime = 0.001 (s) Losses = ['0.6153', '1.2028'] lr = 0.000021
2026-05-17 15:08:55,481 - base - INFO - [Epoch 3/300][Batch 3181/9303] BatchTime = 0.670 (s) DataTime = 0.002 (s) Losses = ['0.5744', '1.2792'] lr = 0.000021
2026-05-17 15:09:08,514 - base - INFO - [Epoch 3/300][Batch 3201/9303] BatchTime = 0.648 (s) DataTime = 0.001 (s) Losses = ['0.5561', '0.9735'] lr = 0.000021
2026-05-17 15:09:21,569 - base - INFO - [Epoch 3/300][Batch 3221/9303] BatchTime = 0.653 (s) DataTime = 0.002 (s) Losses = ['0.5159', '1.0248'] lr = 0.000021
2026-05-17 15:09:34,611 - base - INFO - [Epoch 3/300][Batch 3241/9303] BatchTime = 0.646 (s) DataTime = 0.001 (s) Losses = ['0.5496', '0.7295'] lr = 0.000021
2026-05-17 15:09:47,637 - base - INFO - [Epoch 3/300][Batch 3261/9303] BatchTime = 0.650 (s) DataTime = 0.002 (s) Losses = ['0.6020', '0.7184'] lr = 0.000021
2026-05-17 15:10:00,641 - base - INFO - [Epoch 3/300][Batch 3281/9303] BatchTime = 0.646 (s) DataTime = 0.002 (s) Losses = ['0.5360', '0.9941'] lr = 0.000021
2026-05-17 15:10:13,659 - base - INFO - [Epoch 3/300][Batch 3301/9303] BatchTime = 0.648 (s) DataTime = 0.001 (s) Losses = ['0.5560', '0.8987'] lr = 0.000021
2026-05-17 15:10:26,693 - base - INFO - [Epoch 3/300][Batch 3321/9303] BatchTime = 0.652 (s) DataTime = 0.001 (s) Losses = ['0.6347', '1.0175'] lr = 0.000021
2026-05-17 15:10:39,723 - base - INFO - [Epoch 3/300][Batch 3341/9303] BatchTime = 0.652 (s) DataTime = 0.001 (s) Losses = ['0.6492', '1.3172'] lr = 0.000021
2026-05-17 15:10:52,737 - base - INFO - [Epoch 3/300][Batch 3361/9303] BatchTime = 0.653 (s) DataTime = 0.002 (s) Losses = ['0.5949', '1.1973'] lr = 0.000021
2026-05-17 15:11:05,762 - base - INFO - [Epoch 3/300][Batch 3381/9303] BatchTime = 0.649 (s) DataTime = 0.002 (s) Losses = ['0.5922', '1.2625'] lr = 0.000021
2026-05-17 15:11:18,772 - base - INFO - [Epoch 3/300][Batch 3401/9303] BatchTime = 0.648 (s) DataTime = 0.001 (s) Losses = ['0.5352', '0.9960'] lr = 0.000021
2026-05-17 15:11:31,810 - base - INFO - [Epoch 3/300][Batch 3421/9303] BatchTime = 0.649 (s) DataTime = 0.002 (s) Losses = ['0.6089', '0.9739'] lr = 0.000021
2026-05-17 15:11:44,878 - base - INFO - [Epoch 3/300][Batch 3441/9303] BatchTime = 0.646 (s) DataTime = 0.001 (s) Losses = ['0.5638', '1.0537'] lr = 0.000021
2026-05-17 15:11:57,908 - base - INFO - [Epoch 3/300][Batch 3461/9303] BatchTime = 0.656 (s) DataTime = 0.002 (s) Losses = ['0.5969', '0.9615'] lr = 0.000021
2026-05-17 15:12:11,010 - base - INFO - [Epoch 3/300][Batch 3481/9303] BatchTime = 0.654 (s) DataTime = 0.002 (s) Losses = ['0.6250', '1.5246'] lr = 0.000021
2026-05-17 15:12:24,051 - base - INFO - [Epoch 3/300][Batch 3501/9303] BatchTime = 0.649 (s) DataTime = 0.001 (s) Losses = ['0.6201', '1.0209'] lr = 0.000021
2026-05-17 15:12:37,063 - base - INFO - [Epoch 3/300][Batch 3521/9303] BatchTime = 0.651 (s) DataTime = 0.001 (s) Losses = ['0.5859', '1.3596'] lr = 0.000021
2026-05-17 15:12:50,099 - base - INFO - [Epoch 3/300][Batch 3541/9303] BatchTime = 0.648 (s) DataTime = 0.001 (s) Losses = ['0.6283', '1.0967'] lr = 0.000021
2026-05-17 15:13:03,135 - base - INFO - [Epoch 3/300][Batch 3561/9303] BatchTime = 0.650 (s) DataTime = 0.001 (s) Losses = ['0.6196', '0.7503'] lr = 0.000021
2026-05-17 15:13:16,135 - base - INFO - [Epoch 3/300][Batch 3581/9303] BatchTime = 0.648 (s) DataTime = 0.002 (s) Losses = ['0.5843', '1.0522'] lr = 0.000021
2026-05-17 15:13:29,157 - base - INFO - [Epoch 3/300][Batch 3601/9303] BatchTime = 0.651 (s) DataTime = 0.001 (s) Losses = ['0.6358', '1.1650'] lr = 0.000021
2026-05-17 15:13:42,176 - base - INFO - [Epoch 3/300][Batch 3621/9303] BatchTime = 0.647 (s) DataTime = 0.002 (s) Losses = ['0.5801', '1.1354'] lr = 0.000021
2026-05-17 15:13:55,225 - base - INFO - [Epoch 3/300][Batch 3641/9303] BatchTime = 0.649 (s) DataTime = 0.002 (s) Losses = ['0.5948', '1.2113'] lr = 0.000021
2026-05-17 15:14:08,268 - base - INFO - [Epoch 3/300][Batch 3661/9303] BatchTime = 0.661 (s) DataTime = 0.002 (s) Losses = ['0.5902', '1.2407'] lr = 0.000021
2026-05-17 15:14:21,351 - base - INFO - [Epoch 3/300][Batch 3681/9303] BatchTime = 0.691 (s) DataTime = 0.001 (s) Losses = ['0.6327', '1.0599'] lr = 0.000021
2026-05-17 15:14:34,374 - base - INFO - [Epoch 3/300][Batch 3701/9303] BatchTime = 0.649 (s) DataTime = 0.002 (s) Losses = ['0.6621', '1.3438'] lr = 0.000021
2026-05-17 15:14:47,398 - base - INFO - [Epoch 3/300][Batch 3721/9303] BatchTime = 0.651 (s) DataTime = 0.001 (s) Losses = ['0.5769', '1.1002'] lr = 0.000021
2026-05-17 15:15:00,422 - base - INFO - [Epoch 3/300][Batch 3741/9303] BatchTime = 0.647 (s) DataTime = 0.002 (s) Losses = ['0.5989', '0.8575'] lr = 0.000021
2026-05-17 15:15:13,451 - base - INFO - [Epoch 3/300][Batch 3761/9303] BatchTime = 0.649 (s) DataTime = 0.002 (s) Losses = ['0.5936', '1.0768'] lr = 0.000021
2026-05-17 15:15:26,460 - base - INFO - [Epoch 3/300][Batch 3781/9303] BatchTime = 0.647 (s) DataTime = 0.001 (s) Losses = ['0.6625', '0.9327'] lr = 0.000021
2026-05-17 15:15:39,496 - base - INFO - [Epoch 3/300][Batch 3801/9303] BatchTime = 0.647 (s) DataTime = 0.001 (s) Losses = ['0.5721', '0.9763'] lr = 0.000021
2026-05-17 15:15:52,510 - base - INFO - [Epoch 3/300][Batch 3821/9303] BatchTime = 0.657 (s) DataTime = 0.001 (s) Losses = ['0.5609', '0.8733'] lr = 0.000021
2026-05-17 15:16:05,578 - base - INFO - [Epoch 3/300][Batch 3841/9303] BatchTime = 0.645 (s) DataTime = 0.001 (s) Losses = ['0.6066', '0.8385'] lr = 0.000021
2026-05-17 15:16:18,597 - base - INFO - [Epoch 3/300][Batch 3861/9303] BatchTime = 0.651 (s) DataTime = 0.002 (s) Losses = ['0.5762', '1.0630'] lr = 0.000021
2026-05-17 15:16:31,621 - base - INFO - [Epoch 3/300][Batch 3881/9303] BatchTime = 0.656 (s) DataTime = 0.002 (s) Losses = ['0.5915', '1.1095'] lr = 0.000021
2026-05-17 15:16:44,654 - base - INFO - [Epoch 3/300][Batch 3901/9303] BatchTime = 0.649 (s) DataTime = 0.002 (s) Losses = ['0.6147', '0.9740'] lr = 0.000021
2026-05-17 15:16:57,751 - base - INFO - [Epoch 3/300][Batch 3921/9303] BatchTime = 0.650 (s) DataTime = 0.001 (s) Losses = ['0.6408', '1.2508'] lr = 0.000021
2026-05-17 15:17:10,771 - base - INFO - [Epoch 3/300][Batch 3941/9303] BatchTime = 0.648 (s) DataTime = 0.002 (s) Losses = ['0.5649', '1.1556'] lr = 0.000021
2026-05-17 15:17:23,824 - base - INFO - [Epoch 3/300][Batch 3961/9303] BatchTime = 0.652 (s) DataTime = 0.001 (s) Losses = ['0.5758', '0.8351'] lr = 0.000021
2026-05-17 15:17:36,875 - base - INFO - [Epoch 3/300][Batch 3981/9303] BatchTime = 0.651 (s) DataTime = 0.002 (s) Losses = ['0.6249', '0.6927'] lr = 0.000021
2026-05-17 15:17:49,898 - base - INFO - [Epoch 3/300][Batch 4001/9303] BatchTime = 0.649 (s) DataTime = 0.002 (s) Losses = ['0.5711', '0.8323'] lr = 0.000021
2026-05-17 15:18:02,936 - base - INFO - [Epoch 3/300][Batch 4021/9303] BatchTime = 0.648 (s) DataTime = 0.002 (s) Losses = ['0.6278', '0.9776'] lr = 0.000021
2026-05-17 15:18:15,970 - base - INFO - [Epoch 3/300][Batch 4041/9303] BatchTime = 0.647 (s) DataTime = 0.002 (s) Losses = ['0.7145', '1.0642'] lr = 0.000021
2026-05-17 15:18:28,983 - base - INFO - [Epoch 3/300][Batch 4061/9303] BatchTime = 0.651 (s) DataTime = 0.002 (s) Losses = ['0.5026', '0.9221'] lr = 0.000021
2026-05-17 15:18:42,025 - base - INFO - [Epoch 3/300][Batch 4081/9303] BatchTime = 0.647 (s) DataTime = 0.002 (s) Losses = ['0.5775', '0.9947'] lr = 0.000021
2026-05-17 15:18:55,058 - base - INFO - [Epoch 3/300][Batch 4101/9303] BatchTime = 0.649 (s) DataTime = 0.001 (s) Losses = ['0.5504', '1.3999'] lr = 0.000021
2026-05-17 15:19:08,080 - base - INFO - [Epoch 3/300][Batch 4121/9303] BatchTime = 0.649 (s) DataTime = 0.001 (s) Losses = ['0.6830', '1.4917'] lr = 0.000021
2026-05-17 15:19:21,134 - base - INFO - [Epoch 3/300][Batch 4141/9303] BatchTime = 0.650 (s) DataTime = 0.002 (s) Losses = ['0.6652', '1.2407'] lr = 0.000021
2026-05-17 15:19:34,173 - base - INFO - [Epoch 3/300][Batch 4161/9303] BatchTime = 0.647 (s) DataTime = 0.001 (s) Losses = ['0.5797', '1.3184'] lr = 0.000021
2026-05-17 15:19:47,228 - base - INFO - [Epoch 3/300][Batch 4181/9303] BatchTime = 0.656 (s) DataTime = 0.001 (s) Losses = ['0.5791', '0.9269'] lr = 0.000021
2026-05-17 15:20:00,250 - base - INFO - [Epoch 3/300][Batch 4201/9303] BatchTime = 0.648 (s) DataTime = 0.001 (s) Losses = ['0.5231', '0.9835'] lr = 0.000021
2026-05-17 15:20:13,275 - base - INFO - [Epoch 3/300][Batch 4221/9303] BatchTime = 0.654 (s) DataTime = 0.001 (s) Losses = ['0.6441', '1.1648'] lr = 0.000021
2026-05-17 15:20:26,285 - base - INFO - [Epoch 3/300][Batch 4241/9303] BatchTime = 0.651 (s) DataTime = 0.002 (s) Losses = ['0.5816', '1.1869'] lr = 0.000021
2026-05-17 15:20:39,303 - base - INFO - [Epoch 3/300][Batch 4261/9303] BatchTime = 0.650 (s) DataTime = 0.002 (s) Losses = ['0.5129', '0.9268'] lr = 0.000021
2026-05-17 15:20:52,326 - base - INFO - [Epoch 3/300][Batch 4281/9303] BatchTime = 0.645 (s) DataTime = 0.001 (s) Losses = ['0.5218', '1.2588'] lr = 0.000021
2026-05-17 15:21:05,390 - base - INFO - [Epoch 3/300][Batch 4301/9303] BatchTime = 0.661 (s) DataTime = 0.002 (s) Losses = ['0.5298', '1.2865'] lr = 0.000021
2026-05-17 15:21:18,468 - base - INFO - [Epoch 3/300][Batch 4321/9303] BatchTime = 0.648 (s) DataTime = 0.001 (s) Losses = ['0.5693', '1.3557'] lr = 0.000021
2026-05-17 15:21:31,549 - base - INFO - [Epoch 3/300][Batch 4341/9303] BatchTime = 0.648 (s) DataTime = 0.002 (s) Losses = ['0.5408', '0.7595'] lr = 0.000021
2026-05-17 15:21:44,585 - base - INFO - [Epoch 3/300][Batch 4361/9303] BatchTime = 0.648 (s) DataTime = 0.002 (s) Losses = ['0.5379', '0.9596'] lr = 0.000021
2026-05-17 15:21:57,651 - base - INFO - [Epoch 3/300][Batch 4381/9303] BatchTime = 0.652 (s) DataTime = 0.002 (s) Losses = ['0.6683', '1.2440'] lr = 0.000021
2026-05-17 15:22:10,671 - base - INFO - [Epoch 3/300][Batch 4401/9303] BatchTime = 0.647 (s) DataTime = 0.001 (s) Losses = ['0.5332', '0.7912'] lr = 0.000021
2026-05-17 15:22:23,709 - base - INFO - [Epoch 3/300][Batch 4421/9303] BatchTime = 0.653 (s) DataTime = 0.001 (s) Losses = ['0.5517', '0.9887'] lr = 0.000021
2026-05-17 15:22:36,755 - base - INFO - [Epoch 3/300][Batch 4441/9303] BatchTime = 0.646 (s) DataTime = 0.002 (s) Losses = ['0.6282', '1.2808'] lr = 0.000021
2026-05-17 15:22:49,804 - base - INFO - [Epoch 3/300][Batch 4461/9303] BatchTime = 0.650 (s) DataTime = 0.002 (s) Losses = ['0.5905', '1.1991'] lr = 0.000021
2026-05-17 15:23:02,818 - base - INFO - [Epoch 3/300][Batch 4481/9303] BatchTime = 0.655 (s) DataTime = 0.002 (s) Losses = ['0.6954', '1.2295'] lr = 0.000021
2026-05-17 15:23:15,917 - base - INFO - [Epoch 3/300][Batch 4501/9303] BatchTime = 0.659 (s) DataTime = 0.001 (s) Losses = ['0.5478', '1.0749'] lr = 0.000021
2026-05-17 15:23:28,939 - base - INFO - [Epoch 3/300][Batch 4521/9303] BatchTime = 0.647 (s) DataTime = 0.002 (s) Losses = ['0.6352', '1.5864'] lr = 0.000021
2026-05-17 15:23:41,950 - base - INFO - [Epoch 3/300][Batch 4541/9303] BatchTime = 0.653 (s) DataTime = 0.002 (s) Losses = ['0.5865', '1.0257'] lr = 0.000021
2026-05-17 15:23:55,027 - base - INFO - [Epoch 3/300][Batch 4561/9303] BatchTime = 0.659 (s) DataTime = 0.002 (s) Losses = ['0.5824', '1.2198'] lr = 0.000021
2026-05-17 15:24:08,048 - base - INFO - [Epoch 3/300][Batch 4581/9303] BatchTime = 0.655 (s) DataTime = 0.002 (s) Losses = ['0.5450', '1.1420'] lr = 0.000021
2026-05-17 15:24:21,080 - base - INFO - [Epoch 3/300][Batch 4601/9303] BatchTime = 0.649 (s) DataTime = 0.002 (s) Losses = ['0.5715', '1.2834'] lr = 0.000021
2026-05-17 15:24:34,172 - base - INFO - [Epoch 3/300][Batch 4621/9303] BatchTime = 0.647 (s) DataTime = 0.001 (s) Losses = ['0.5579', '0.9599'] lr = 0.000021
2026-05-17 15:24:47,211 - base - INFO - [Epoch 3/300][Batch 4641/9303] BatchTime = 0.652 (s) DataTime = 0.002 (s) Losses = ['0.5593', '1.0779'] lr = 0.000021
2026-05-17 15:25:00,218 - base - INFO - [Epoch 3/300][Batch 4661/9303] BatchTime = 0.648 (s) DataTime = 0.001 (s) Losses = ['0.6316', '1.0330'] lr = 0.000021
2026-05-17 15:25:13,282 - base - INFO - [Epoch 3/300][Batch 4681/9303] BatchTime = 0.661 (s) DataTime = 0.001 (s) Losses = ['0.5529', '0.9841'] lr = 0.000021
2026-05-17 15:25:26,298 - base - INFO - [Epoch 3/300][Batch 4701/9303] BatchTime = 0.649 (s) DataTime = 0.001 (s) Losses = ['0.5601', '0.9106'] lr = 0.000021
2026-05-17 15:25:39,344 - base - INFO - [Epoch 3/300][Batch 4721/9303] BatchTime = 0.648 (s) DataTime = 0.002 (s) Losses = ['0.6710', '1.2715'] lr = 0.000021
2026-05-17 15:25:52,355 - base - INFO - [Epoch 3/300][Batch 4741/9303] BatchTime = 0.649 (s) DataTime = 0.002 (s) Losses = ['0.5734', '1.3143'] lr = 0.000021
2026-05-17 15:26:05,435 - base - INFO - [Epoch 3/300][Batch 4761/9303] BatchTime = 0.672 (s) DataTime = 0.002 (s) Losses = ['0.5802', '1.1851'] lr = 0.000021
2026-05-17 15:26:18,448 - base - INFO - [Epoch 3/300][Batch 4781/9303] BatchTime = 0.648 (s) DataTime = 0.001 (s) Losses = ['0.5563', '0.8377'] lr = 0.000021
2026-05-17 15:26:31,455 - base - INFO - [Epoch 3/300][Batch 4801/9303] BatchTime = 0.651 (s) DataTime = 0.001 (s) Losses = ['0.6126', '1.2145'] lr = 0.000021
2026-05-17 15:26:44,477 - base - INFO - [Epoch 3/300][Batch 4821/9303] BatchTime = 0.649 (s) DataTime = 0.002 (s) Losses = ['0.5463', '0.9136'] lr = 0.000021
2026-05-17 15:26:57,494 - base - INFO - [Epoch 3/300][Batch 4841/9303] BatchTime = 0.647 (s) DataTime = 0.002 (s) Losses = ['0.5707', '0.9363'] lr = 0.000021
2026-05-17 15:27:10,514 - base - INFO - [Epoch 3/300][Batch 4861/9303] BatchTime = 0.650 (s) DataTime = 0.002 (s) Losses = ['0.5692', '1.0062'] lr = 0.000021
2026-05-17 15:27:23,539 - base - INFO - [Epoch 3/300][Batch 4881/9303] BatchTime = 0.654 (s) DataTime = 0.001 (s) Losses = ['0.5778', '0.9714'] lr = 0.000021
2026-05-17 15:27:36,543 - base - INFO - [Epoch 3/300][Batch 4901/9303] BatchTime = 0.648 (s) DataTime = 0.002 (s) Losses = ['0.5685', '1.1955'] lr = 0.000021
2026-05-17 15:27:49,555 - base - INFO - [Epoch 3/300][Batch 4921/9303] BatchTime = 0.653 (s) DataTime = 0.001 (s) Losses = ['0.5907', '1.1122'] lr = 0.000021
2026-05-17 15:28:02,594 - base - INFO - [Epoch 3/300][Batch 4941/9303] BatchTime = 0.676 (s) DataTime = 0.002 (s) Losses = ['0.5759', '1.2663'] lr = 0.000021
2026-05-17 15:28:15,625 - base - INFO - [Epoch 3/300][Batch 4961/9303] BatchTime = 0.647 (s) DataTime = 0.001 (s) Losses = ['0.5551', '1.2180'] lr = 0.000021
2026-05-17 15:28:28,653 - base - INFO - [Epoch 3/300][Batch 4981/9303] BatchTime = 0.663 (s) DataTime = 0.001 (s) Losses = ['0.5944', '1.1196'] lr = 0.000021
2026-05-17 15:28:41,673 - base - INFO - [Epoch 3/300][Batch 5001/9303] BatchTime = 0.649 (s) DataTime = 0.002 (s) Losses = ['0.5389', '0.9152'] lr = 0.000021
2026-05-17 15:28:54,695 - base - INFO - [Epoch 3/300][Batch 5021/9303] BatchTime = 0.653 (s) DataTime = 0.002 (s) Losses = ['0.6110', '0.6018'] lr = 0.000021
2026-05-17 15:29:07,731 - base - INFO - [Epoch 3/300][Batch 5041/9303] BatchTime = 0.646 (s) DataTime = 0.001 (s) Losses = ['0.5647', '0.8622'] lr = 0.000021
2026-05-17 15:29:20,752 - base - INFO - [Epoch 3/300][Batch 5061/9303] BatchTime = 0.649 (s) DataTime = 0.001 (s) Losses = ['0.5753', '1.2532'] lr = 0.000021
2026-05-17 15:29:33,815 - base - INFO - [Epoch 3/300][Batch 5081/9303] BatchTime = 0.652 (s) DataTime = 0.001 (s) Losses = ['0.5328', '1.0333'] lr = 0.000021
2026-05-17 15:29:46,846 - base - INFO - [Epoch 3/300][Batch 5101/9303] BatchTime = 0.649 (s) DataTime = 0.002 (s) Losses = ['0.5727', '1.1604'] lr = 0.000021
2026-05-17 15:29:59,884 - base - INFO - [Epoch 3/300][Batch 5121/9303] BatchTime = 0.648 (s) DataTime = 0.002 (s) Losses = ['0.5682', '0.8607'] lr = 0.000021
2026-05-17 15:30:12,931 - base - INFO - [Epoch 3/300][Batch 5141/9303] BatchTime = 0.652 (s) DataTime = 0.002 (s) Losses = ['0.5757', '1.0208'] lr = 0.000021
2026-05-17 15:30:25,997 - base - INFO - [Epoch 3/300][Batch 5161/9303] BatchTime = 0.650 (s) DataTime = 0.002 (s) Losses = ['0.5812', '1.1418'] lr = 0.000021
2026-05-17 15:30:39,023 - base - INFO - [Epoch 3/300][Batch 5181/9303] BatchTime = 0.649 (s) DataTime = 0.002 (s) Losses = ['0.5736', '1.0345'] lr = 0.000021
2026-05-17 15:30:52,064 - base - INFO - [Epoch 3/300][Batch 5201/9303] BatchTime = 0.648 (s) DataTime = 0.002 (s) Losses = ['0.5814', '1.3964'] lr = 0.000021
2026-05-17 15:31:05,082 - base - INFO - [Epoch 3/300][Batch 5221/9303] BatchTime = 0.654 (s) DataTime = 0.002 (s) Losses = ['0.6141', '0.7840'] lr = 0.000021
2026-05-17 15:31:18,105 - base - INFO - [Epoch 3/300][Batch 5241/9303] BatchTime = 0.647 (s) DataTime = 0.001 (s) Losses = ['0.5451', '0.9622'] lr = 0.000021
2026-05-17 15:31:31,127 - base - INFO - [Epoch 3/300][Batch 5261/9303] BatchTime = 0.661 (s) DataTime = 0.002 (s) Losses = ['0.5961', '0.9997'] lr = 0.000021
2026-05-17 15:31:44,182 - base - INFO - [Epoch 3/300][Batch 5281/9303] BatchTime = 0.649 (s) DataTime = 0.001 (s) Losses = ['0.5396', '0.9293'] lr = 0.000021
2026-05-17 15:31:57,202 - base - INFO - [Epoch 3/300][Batch 5301/9303] BatchTime = 0.649 (s) DataTime = 0.002 (s) Losses = ['0.6158', '1.1226'] lr = 0.000021
2026-05-17 15:32:10,244 - base - INFO - [Epoch 3/300][Batch 5321/9303] BatchTime = 0.654 (s) DataTime = 0.001 (s) Losses = ['0.6058', '1.1012'] lr = 0.000021
2026-05-17 15:32:23,283 - base - INFO - [Epoch 3/300][Batch 5341/9303] BatchTime = 0.650 (s) DataTime = 0.002 (s) Losses = ['0.5510', '0.9157'] lr = 0.000021
2026-05-17 15:32:36,325 - base - INFO - [Epoch 3/300][Batch 5361/9303] BatchTime = 0.648 (s) DataTime = 0.002 (s) Losses = ['0.5390', '0.7815'] lr = 0.000021
2026-05-17 15:32:49,372 - base - INFO - [Epoch 3/300][Batch 5381/9303] BatchTime = 0.660 (s) DataTime = 0.002 (s) Losses = ['0.5623', '1.4967'] lr = 0.000021
2026-05-17 15:33:02,418 - base - INFO - [Epoch 3/300][Batch 5401/9303] BatchTime = 0.665 (s) DataTime = 0.001 (s) Losses = ['0.5586', '1.0025'] lr = 0.000021
2026-05-17 15:33:15,416 - base - INFO - [Epoch 3/300][Batch 5421/9303] BatchTime = 0.650 (s) DataTime = 0.001 (s) Losses = ['0.5527', '0.8725'] lr = 0.000021
2026-05-17 15:33:28,434 - base - INFO - [Epoch 3/300][Batch 5441/9303] BatchTime = 0.645 (s) DataTime = 0.001 (s) Losses = ['0.5676', '1.4550'] lr = 0.000021
2026-05-17 15:33:41,481 - base - INFO - [Epoch 3/300][Batch 5461/9303] BatchTime = 0.647 (s) DataTime = 0.002 (s) Losses = ['0.5264', '0.8560'] lr = 0.000021
2026-05-17 15:33:54,521 - base - INFO - [Epoch 3/300][Batch 5481/9303] BatchTime = 0.647 (s) DataTime = 0.001 (s) Losses = ['0.6440', '1.0989'] lr = 0.000021
2026-05-17 15:34:07,547 - base - INFO - [Epoch 3/300][Batch 5501/9303] BatchTime = 0.648 (s) DataTime = 0.002 (s) Losses = ['0.5833', '1.1285'] lr = 0.000021
2026-05-17 15:34:20,566 - base - INFO - [Epoch 3/300][Batch 5521/9303] BatchTime = 0.647 (s) DataTime = 0.002 (s) Losses = ['0.5862', '1.0087'] lr = 0.000021
2026-05-17 15:34:33,611 - base - INFO - [Epoch 3/300][Batch 5541/9303] BatchTime = 0.650 (s) DataTime = 0.002 (s) Losses = ['0.6025', '1.0162'] lr = 0.000021
2026-05-17 15:34:46,635 - base - INFO - [Epoch 3/300][Batch 5561/9303] BatchTime = 0.648 (s) DataTime = 0.001 (s) Losses = ['0.5926', '1.1123'] lr = 0.000021
2026-05-17 15:34:59,689 - base - INFO - [Epoch 3/300][Batch 5581/9303] BatchTime = 0.650 (s) DataTime = 0.002 (s) Losses = ['0.6038', '1.1305'] lr = 0.000021
2026-05-17 15:35:12,730 - base - INFO - [Epoch 3/300][Batch 5601/9303] BatchTime = 0.649 (s) DataTime = 0.001 (s) Losses = ['0.5621', '1.1015'] lr = 0.000021
2026-05-17 15:35:25,733 - base - INFO - [Epoch 3/300][Batch 5621/9303] BatchTime = 0.650 (s) DataTime = 0.002 (s) Losses = ['0.5867', '1.1060'] lr = 0.000021
2026-05-17 15:35:38,767 - base - INFO - [Epoch 3/300][Batch 5641/9303] BatchTime = 0.649 (s) DataTime = 0.001 (s) Losses = ['0.5599', '1.0494'] lr = 0.000021
2026-05-17 15:35:51,806 - base - INFO - [Epoch 3/300][Batch 5661/9303] BatchTime = 0.653 (s) DataTime = 0.002 (s) Losses = ['0.5921', '1.0489'] lr = 0.000021
2026-05-17 15:36:04,818 - base - INFO - [Epoch 3/300][Batch 5681/9303] BatchTime = 0.647 (s) DataTime = 0.001 (s) Losses = ['0.5438', '0.8814'] lr = 0.000021
2026-05-17 15:36:17,843 - base - INFO - [Epoch 3/300][Batch 5701/9303] BatchTime = 0.649 (s) DataTime = 0.001 (s) Losses = ['0.5777', '1.0089'] lr = 0.000021
2026-05-17 15:36:30,866 - base - INFO - [Epoch 3/300][Batch 5721/9303] BatchTime = 0.655 (s) DataTime = 0.001 (s) Losses = ['0.5635', '0.9612'] lr = 0.000021
2026-05-17 15:36:43,918 - base - INFO - [Epoch 3/300][Batch 5741/9303] BatchTime = 0.649 (s) DataTime = 0.001 (s) Losses = ['0.5975', '0.8691'] lr = 0.000021
2026-05-17 15:36:56,944 - base - INFO - [Epoch 3/300][Batch 5761/9303] BatchTime = 0.647 (s) DataTime = 0.001 (s) Losses = ['0.5702', '1.0806'] lr = 0.000021
2026-05-17 15:37:09,960 - base - INFO - [Epoch 3/300][Batch 5781/9303] BatchTime = 0.650 (s) DataTime = 0.002 (s) Losses = ['0.6598', '1.3692'] lr = 0.000021
2026-05-17 15:37:22,977 - base - INFO - [Epoch 3/300][Batch 5801/9303] BatchTime = 0.657 (s) DataTime = 0.001 (s) Losses = ['0.5033', '1.2285'] lr = 0.000021
2026-05-17 15:37:35,995 - base - INFO - [Epoch 3/300][Batch 5821/9303] BatchTime = 0.650 (s) DataTime = 0.001 (s) Losses = ['0.6357', '1.4816'] lr = 0.000021
2026-05-17 15:37:49,008 - base - INFO - [Epoch 3/300][Batch 5841/9303] BatchTime = 0.651 (s) DataTime = 0.002 (s) Losses = ['0.5696', '1.1199'] lr = 0.000021
2026-05-17 15:38:02,037 - base - INFO - [Epoch 3/300][Batch 5861/9303] BatchTime = 0.652 (s) DataTime = 0.002 (s) Losses = ['0.5465', '1.1442'] lr = 0.000021
2026-05-17 15:38:15,072 - base - INFO - [Epoch 3/300][Batch 5881/9303] BatchTime = 0.646 (s) DataTime = 0.001 (s) Losses = ['0.4689', '1.3771'] lr = 0.000021
2026-05-17 15:38:28,129 - base - INFO - [Epoch 3/300][Batch 5901/9303] BatchTime = 0.650 (s) DataTime = 0.002 (s) Losses = ['0.6506', '1.4860'] lr = 0.000021
2026-05-17 15:38:41,149 - base - INFO - [Epoch 3/300][Batch 5921/9303] BatchTime = 0.650 (s) DataTime = 0.001 (s) Losses = ['0.6002', '0.9489'] lr = 0.000021
2026-05-17 15:38:54,208 - base - INFO - [Epoch 3/300][Batch 5941/9303] BatchTime = 0.647 (s) DataTime = 0.002 (s) Losses = ['0.6169', '0.9591'] lr = 0.000021
2026-05-17 15:39:07,218 - base - INFO - [Epoch 3/300][Batch 5961/9303] BatchTime = 0.653 (s) DataTime = 0.001 (s) Losses = ['0.6853', '1.2255'] lr = 0.000021
2026-05-17 15:39:20,278 - base - INFO - [Epoch 3/300][Batch 5981/9303] BatchTime = 0.658 (s) DataTime = 0.002 (s) Losses = ['0.5864', '1.1447'] lr = 0.000021
2026-05-17 15:39:33,304 - base - INFO - [Epoch 3/300][Batch 6001/9303] BatchTime = 0.648 (s) DataTime = 0.001 (s) Losses = ['0.6374', '1.0117'] lr = 0.000021
2026-05-17 15:39:46,340 - base - INFO - [Epoch 3/300][Batch 6021/9303] BatchTime = 0.663 (s) DataTime = 0.002 (s) Losses = ['0.6287', '1.2812'] lr = 0.000021
2026-05-17 15:39:59,354 - base - INFO - [Epoch 3/300][Batch 6041/9303] BatchTime = 0.650 (s) DataTime = 0.002 (s) Losses = ['0.6378', '1.4246'] lr = 0.000021
2026-05-17 15:40:12,385 - base - INFO - [Epoch 3/300][Batch 6061/9303] BatchTime = 0.651 (s) DataTime = 0.002 (s) Losses = ['0.5384', '1.2360'] lr = 0.000021
2026-05-17 15:40:25,429 - base - INFO - [Epoch 3/300][Batch 6081/9303] BatchTime = 0.649 (s) DataTime = 0.001 (s) Losses = ['0.6129', '0.9594'] lr = 0.000021
2026-05-17 15:40:38,450 - base - INFO - [Epoch 3/300][Batch 6101/9303] BatchTime = 0.648 (s) DataTime = 0.001 (s) Losses = ['0.5292', '0.7093'] lr = 0.000021
2026-05-17 15:40:51,495 - base - INFO - [Epoch 3/300][Batch 6121/9303] BatchTime = 0.648 (s) DataTime = 0.001 (s) Losses = ['0.6143', '1.0250'] lr = 0.000021
2026-05-17 15:41:04,524 - base - INFO - [Epoch 3/300][Batch 6141/9303] BatchTime = 0.647 (s) DataTime = 0.002 (s) Losses = ['0.5050', '0.9965'] lr = 0.000021
2026-05-17 15:41:17,539 - base - INFO - [Epoch 3/300][Batch 6161/9303] BatchTime = 0.648 (s) DataTime = 0.001 (s) Losses = ['0.5461', '1.3275'] lr = 0.000021
2026-05-17 15:41:30,543 - base - INFO - [Epoch 3/300][Batch 6181/9303] BatchTime = 0.646 (s) DataTime = 0.001 (s) Losses = ['0.5770', '0.8959'] lr = 0.000021
2026-05-17 15:41:43,591 - base - INFO - [Epoch 3/300][Batch 6201/9303] BatchTime = 0.647 (s) DataTime = 0.001 (s) Losses = ['0.5258', '0.8807'] lr = 0.000021
2026-05-17 15:41:56,620 - base - INFO - [Epoch 3/300][Batch 6221/9303] BatchTime = 0.647 (s) DataTime = 0.002 (s) Losses = ['0.5334', '0.9185'] lr = 0.000021
2026-05-17 15:42:09,648 - base - INFO - [Epoch 3/300][Batch 6241/9303] BatchTime = 0.651 (s) DataTime = 0.002 (s) Losses = ['0.5288', '1.0494'] lr = 0.000021
2026-05-17 15:42:22,647 - base - INFO - [Epoch 3/300][Batch 6261/9303] BatchTime = 0.652 (s) DataTime = 0.002 (s) Losses = ['0.6755', '0.8689'] lr = 0.000021
2026-05-17 15:42:35,660 - base - INFO - [Epoch 3/300][Batch 6281/9303] BatchTime = 0.647 (s) DataTime = 0.001 (s) Losses = ['0.5708', '1.2281'] lr = 0.000021
2026-05-17 15:42:48,725 - base - INFO - [Epoch 3/300][Batch 6301/9303] BatchTime = 0.648 (s) DataTime = 0.001 (s) Losses = ['0.5729', '1.4763'] lr = 0.000021
2026-05-17 15:43:01,770 - base - INFO - [Epoch 3/300][Batch 6321/9303] BatchTime = 0.650 (s) DataTime = 0.002 (s) Losses = ['0.6189', '1.1829'] lr = 0.000021
2026-05-17 15:43:14,783 - base - INFO - [Epoch 3/300][Batch 6341/9303] BatchTime = 0.647 (s) DataTime = 0.002 (s) Losses = ['0.6153', '1.3208'] lr = 0.000021
2026-05-17 15:43:27,798 - base - INFO - [Epoch 3/300][Batch 6361/9303] BatchTime = 0.649 (s) DataTime = 0.001 (s) Losses = ['0.6008', '1.4354'] lr = 0.000021
2026-05-17 15:43:40,810 - base - INFO - [Epoch 3/300][Batch 6381/9303] BatchTime = 0.651 (s) DataTime = 0.002 (s) Losses = ['0.5619', '1.1801'] lr = 0.000021
2026-05-17 15:43:53,835 - base - INFO - [Epoch 3/300][Batch 6401/9303] BatchTime = 0.647 (s) DataTime = 0.002 (s) Losses = ['0.5495', '0.9970'] lr = 0.000021
2026-05-17 15:44:06,884 - base - INFO - [Epoch 3/300][Batch 6421/9303] BatchTime = 0.651 (s) DataTime = 0.002 (s) Losses = ['0.5160', '0.9861'] lr = 0.000021
2026-05-17 15:44:19,944 - base - INFO - [Epoch 3/300][Batch 6441/9303] BatchTime = 0.647 (s) DataTime = 0.002 (s) Losses = ['0.6194', '1.1111'] lr = 0.000021
2026-05-17 15:44:33,021 - base - INFO - [Epoch 3/300][Batch 6461/9303] BatchTime = 0.647 (s) DataTime = 0.002 (s) Losses = ['0.5483', '1.3337'] lr = 0.000021
2026-05-17 15:44:46,062 - base - INFO - [Epoch 3/300][Batch 6481/9303] BatchTime = 0.648 (s) DataTime = 0.001 (s) Losses = ['0.5566', '1.1633'] lr = 0.000021
2026-05-17 15:44:59,079 - base - INFO - [Epoch 3/300][Batch 6501/9303] BatchTime = 0.651 (s) DataTime = 0.001 (s) Losses = ['0.5633', '0.9716'] lr = 0.000021
2026-05-17 15:45:12,145 - base - INFO - [Epoch 3/300][Batch 6521/9303] BatchTime = 0.691 (s) DataTime = 0.001 (s) Losses = ['0.6617', '0.8416'] lr = 0.000021
2026-05-17 15:45:25,155 - base - INFO - [Epoch 3/300][Batch 6541/9303] BatchTime = 0.649 (s) DataTime = 0.002 (s) Losses = ['0.6546', '1.1579'] lr = 0.000021
2026-05-17 15:45:38,197 - base - INFO - [Epoch 3/300][Batch 6561/9303] BatchTime = 0.650 (s) DataTime = 0.002 (s) Losses = ['0.6455', '1.1802'] lr = 0.000021
2026-05-17 15:45:51,239 - base - INFO - [Epoch 3/300][Batch 6581/9303] BatchTime = 0.651 (s) DataTime = 0.001 (s) Losses = ['0.5267', '1.0420'] lr = 0.000021
2026-05-17 15:46:04,268 - base - INFO - [Epoch 3/300][Batch 6601/9303] BatchTime = 0.647 (s) DataTime = 0.001 (s) Losses = ['0.6336', '1.3188'] lr = 0.000021
2026-05-17 15:46:17,295 - base - INFO - [Epoch 3/300][Batch 6621/9303] BatchTime = 0.649 (s) DataTime = 0.001 (s) Losses = ['0.5341', '0.9349'] lr = 0.000021
2026-05-17 15:46:30,336 - base - INFO - [Epoch 3/300][Batch 6641/9303] BatchTime = 0.647 (s) DataTime = 0.001 (s) Losses = ['0.5310', '0.7789'] lr = 0.000021
2026-05-17 15:46:43,344 - base - INFO - [Epoch 3/300][Batch 6661/9303] BatchTime = 0.653 (s) DataTime = 0.002 (s) Losses = ['0.6513', '1.1689'] lr = 0.000021
2026-05-17 15:46:56,357 - base - INFO - [Epoch 3/300][Batch 6681/9303] BatchTime = 0.653 (s) DataTime = 0.002 (s) Losses = ['0.5955', '1.3682'] lr = 0.000021
2026-05-17 15:47:09,386 - base - INFO - [Epoch 3/300][Batch 6701/9303] BatchTime = 0.650 (s) DataTime = 0.002 (s) Losses = ['0.5918', '0.9775'] lr = 0.000021
2026-05-17 15:47:22,409 - base - INFO - [Epoch 3/300][Batch 6721/9303] BatchTime = 0.646 (s) DataTime = 0.001 (s) Losses = ['0.6163', '0.8885'] lr = 0.000021
2026-05-17 15:47:35,428 - base - INFO - [Epoch 3/300][Batch 6741/9303] BatchTime = 0.648 (s) DataTime = 0.002 (s) Losses = ['0.4657', '1.1715'] lr = 0.000021
2026-05-17 15:47:48,475 - base - INFO - [Epoch 3/300][Batch 6761/9303] BatchTime = 0.650 (s) DataTime = 0.001 (s) Losses = ['0.5858', '0.9883'] lr = 0.000021
2026-05-17 15:48:01,507 - base - INFO - [Epoch 3/300][Batch 6781/9303] BatchTime = 0.646 (s) DataTime = 0.002 (s) Losses = ['0.6359', '1.2964'] lr = 0.000021
2026-05-17 15:48:14,535 - base - INFO - [Epoch 3/300][Batch 6801/9303] BatchTime = 0.646 (s) DataTime = 0.001 (s) Losses = ['0.5636', '1.0896'] lr = 0.000021
2026-05-17 15:48:27,561 - base - INFO - [Epoch 3/300][Batch 6821/9303] BatchTime = 0.658 (s) DataTime = 0.001 (s) Losses = ['0.6099', '1.1707'] lr = 0.000021
2026-05-17 15:48:40,577 - base - INFO - [Epoch 3/300][Batch 6841/9303] BatchTime = 0.646 (s) DataTime = 0.001 (s) Losses = ['0.6072', '1.1768'] lr = 0.000021
2026-05-17 15:48:53,593 - base - INFO - [Epoch 3/300][Batch 6861/9303] BatchTime = 0.650 (s) DataTime = 0.002 (s) Losses = ['0.5615', '0.8792'] lr = 0.000021
2026-05-17 15:49:06,681 - base - INFO - [Epoch 3/300][Batch 6881/9303] BatchTime = 0.655 (s) DataTime = 0.002 (s) Losses = ['0.6041', '0.9346'] lr = 0.000021
2026-05-17 15:49:19,715 - base - INFO - [Epoch 3/300][Batch 6901/9303] BatchTime = 0.650 (s) DataTime = 0.002 (s) Losses = ['0.6061', '1.4154'] lr = 0.000021
2026-05-17 15:49:32,749 - base - INFO - [Epoch 3/300][Batch 6921/9303] BatchTime = 0.648 (s) DataTime = 0.001 (s) Losses = ['0.5196', '1.1274'] lr = 0.000021
2026-05-17 15:49:45,777 - base - INFO - [Epoch 3/300][Batch 6941/9303] BatchTime = 0.651 (s) DataTime = 0.002 (s) Losses = ['0.5713', '0.9424'] lr = 0.000021
2026-05-17 15:49:58,824 - base - INFO - [Epoch 3/300][Batch 6961/9303] BatchTime = 0.648 (s) DataTime = 0.001 (s) Losses = ['0.5707', '1.3494'] lr = 0.000021
2026-05-17 15:50:11,869 - base - INFO - [Epoch 3/300][Batch 6981/9303] BatchTime = 0.649 (s) DataTime = 0.001 (s) Losses = ['0.6027', '1.0688'] lr = 0.000021
2026-05-17 15:50:24,904 - base - INFO - [Epoch 3/300][Batch 7001/9303] BatchTime = 0.648 (s) DataTime = 0.001 (s) Losses = ['0.5008', '0.9263'] lr = 0.000021
2026-05-17 15:50:37,920 - base - INFO - [Epoch 3/300][Batch 7021/9303] BatchTime = 0.649 (s) DataTime = 0.002 (s) Losses = ['0.5605', '1.1427'] lr = 0.000021
2026-05-17 15:50:51,089 - base - INFO - [Epoch 3/300][Batch 7041/9303] BatchTime = 0.654 (s) DataTime = 0.002 (s) Losses = ['0.6074', '0.8722'] lr = 0.000021
2026-05-17 15:51:04,091 - base - INFO - [Epoch 3/300][Batch 7061/9303] BatchTime = 0.651 (s) DataTime = 0.002 (s) Losses = ['0.5931', '1.1429'] lr = 0.000021
2026-05-17 15:51:17,099 - base - INFO - [Epoch 3/300][Batch 7081/9303] BatchTime = 0.646 (s) DataTime = 0.001 (s) Losses = ['0.5212', '1.0978'] lr = 0.000021
2026-05-17 15:51:30,108 - base - INFO - [Epoch 3/300][Batch 7101/9303] BatchTime = 0.649 (s) DataTime = 0.001 (s) Losses = ['0.6337', '1.3970'] lr = 0.000021
2026-05-17 15:51:43,139 - base - INFO - [Epoch 3/300][Batch 7121/9303] BatchTime = 0.650 (s) DataTime = 0.001 (s) Losses = ['0.5057', '0.6629'] lr = 0.000021
2026-05-17 15:51:56,219 - base - INFO - [Epoch 3/300][Batch 7141/9303] BatchTime = 0.682 (s) DataTime = 0.002 (s) Losses = ['0.6051', '1.3247'] lr = 0.000021
2026-05-17 15:52:09,306 - base - INFO - [Epoch 3/300][Batch 7161/9303] BatchTime = 0.651 (s) DataTime = 0.001 (s) Losses = ['0.6353', '1.2666'] lr = 0.000021
2026-05-17 15:52:22,369 - base - INFO - [Epoch 3/300][Batch 7181/9303] BatchTime = 0.648 (s) DataTime = 0.002 (s) Losses = ['0.6783', '1.2960'] lr = 0.000021
2026-05-17 15:52:35,395 - base - INFO - [Epoch 3/300][Batch 7201/9303] BatchTime = 0.655 (s) DataTime = 0.001 (s) Losses = ['0.5062', '1.1539'] lr = 0.000021
2026-05-17 15:52:48,452 - base - INFO - [Epoch 3/300][Batch 7221/9303] BatchTime = 0.646 (s) DataTime = 0.002 (s) Losses = ['0.6248', '1.2413'] lr = 0.000021
2026-05-17 15:53:01,484 - base - INFO - [Epoch 3/300][Batch 7241/9303] BatchTime = 0.647 (s) DataTime = 0.002 (s) Losses = ['0.6487', '0.9186'] lr = 0.000021
2026-05-17 15:53:14,516 - base - INFO - [Epoch 3/300][Batch 7261/9303] BatchTime = 0.649 (s) DataTime = 0.001 (s) Losses = ['0.5745', '1.0055'] lr = 0.000021
2026-05-17 15:53:27,550 - base - INFO - [Epoch 3/300][Batch 7281/9303] BatchTime = 0.648 (s) DataTime = 0.001 (s) Losses = ['0.6348', '1.0209'] lr = 0.000021
2026-05-17 15:53:40,643 - base - INFO - [Epoch 3/300][Batch 7301/9303] BatchTime = 0.648 (s) DataTime = 0.001 (s) Losses = ['0.5474', '1.2698'] lr = 0.000021
2026-05-17 15:53:53,673 - base - INFO - [Epoch 3/300][Batch 7321/9303] BatchTime = 0.650 (s) DataTime = 0.001 (s) Losses = ['0.5964', '0.9783'] lr = 0.000021
2026-05-17 15:54:06,692 - base - INFO - [Epoch 3/300][Batch 7341/9303] BatchTime = 0.648 (s) DataTime = 0.001 (s) Losses = ['0.5603', '0.7833'] lr = 0.000021
2026-05-17 15:54:19,722 - base - INFO - [Epoch 3/300][Batch 7361/9303] BatchTime = 0.647 (s) DataTime = 0.001 (s) Losses = ['0.6735', '1.4362'] lr = 0.000021
2026-05-17 15:54:32,788 - base - INFO - [Epoch 3/300][Batch 7381/9303] BatchTime = 0.648 (s) DataTime = 0.002 (s) Losses = ['0.5814', '0.8309'] lr = 0.000021
2026-05-17 15:54:45,837 - base - INFO - [Epoch 3/300][Batch 7401/9303] BatchTime = 0.647 (s) DataTime = 0.001 (s) Losses = ['0.6050', '1.2695'] lr = 0.000021
2026-05-17 15:54:58,857 - base - INFO - [Epoch 3/300][Batch 7421/9303] BatchTime = 0.651 (s) DataTime = 0.002 (s) Losses = ['0.5662', '1.0167'] lr = 0.000021
2026-05-17 15:55:11,870 - base - INFO - [Epoch 3/300][Batch 7441/9303] BatchTime = 0.652 (s) DataTime = 0.002 (s) Losses = ['0.5562', '0.8862'] lr = 0.000021
2026-05-17 15:55:24,879 - base - INFO - [Epoch 3/300][Batch 7461/9303] BatchTime = 0.648 (s) DataTime = 0.001 (s) Losses = ['0.5718', '0.9007'] lr = 0.000021
2026-05-17 15:55:37,906 - base - INFO - [Epoch 3/300][Batch 7481/9303] BatchTime = 0.649 (s) DataTime = 0.001 (s) Losses = ['0.5684', '1.0442'] lr = 0.000021
2026-05-17 15:55:50,933 - base - INFO - [Epoch 3/300][Batch 7501/9303] BatchTime = 0.651 (s) DataTime = 0.002 (s) Losses = ['0.5536', '1.1592'] lr = 0.000021
2026-05-17 15:56:03,987 - base - INFO - [Epoch 3/300][Batch 7521/9303] BatchTime = 0.649 (s) DataTime = 0.001 (s) Losses = ['0.6476', '0.9518'] lr = 0.000021
2026-05-17 15:56:17,040 - base - INFO - [Epoch 3/300][Batch 7541/9303] BatchTime = 0.649 (s) DataTime = 0.002 (s) Losses = ['0.5839', '1.3817'] lr = 0.000021
2026-05-17 15:56:30,067 - base - INFO - [Epoch 3/300][Batch 7561/9303] BatchTime = 0.659 (s) DataTime = 0.001 (s) Losses = ['0.5621', '0.9038'] lr = 0.000021
2026-05-17 15:56:43,085 - base - INFO - [Epoch 3/300][Batch 7581/9303] BatchTime = 0.648 (s) DataTime = 0.002 (s) Losses = ['0.6453', '0.8963'] lr = 0.000021
2026-05-17 15:56:56,129 - base - INFO - [Epoch 3/300][Batch 7601/9303] BatchTime = 0.650 (s) DataTime = 0.002 (s) Losses = ['0.6286', '1.0330'] lr = 0.000021
2026-05-17 15:57:09,147 - base - INFO - [Epoch 3/300][Batch 7621/9303] BatchTime = 0.649 (s) DataTime = 0.002 (s) Losses = ['0.5858', '0.8269'] lr = 0.000021
2026-05-17 15:57:22,180 - base - INFO - [Epoch 3/300][Batch 7641/9303] BatchTime = 0.646 (s) DataTime = 0.002 (s) Losses = ['0.5633', '0.9195'] lr = 0.000021
2026-05-17 15:57:35,222 - base - INFO - [Epoch 3/300][Batch 7661/9303] BatchTime = 0.650 (s) DataTime = 0.002 (s) Losses = ['0.5704', '1.3058'] lr = 0.000021
2026-05-17 15:57:48,270 - base - INFO - [Epoch 3/300][Batch 7681/9303] BatchTime = 0.677 (s) DataTime = 0.001 (s) Losses = ['0.6828', '1.5750'] lr = 0.000021
2026-05-17 15:58:01,310 - base - INFO - [Epoch 3/300][Batch 7701/9303] BatchTime = 0.647 (s) DataTime = 0.002 (s) Losses = ['0.5681', '1.3690'] lr = 0.000021
2026-05-17 15:58:14,329 - base - INFO - [Epoch 3/300][Batch 7721/9303] BatchTime = 0.650 (s) DataTime = 0.002 (s) Losses = ['0.5734', '0.7861'] lr = 0.000021
2026-05-17 15:58:27,405 - base - INFO - [Epoch 3/300][Batch 7741/9303] BatchTime = 0.695 (s) DataTime = 0.001 (s) Losses = ['0.5961', '1.2389'] lr = 0.000021
2026-05-17 15:58:40,419 - base - INFO - [Epoch 3/300][Batch 7761/9303] BatchTime = 0.646 (s) DataTime = 0.001 (s) Losses = ['0.6211', '1.4853'] lr = 0.000021
2026-05-17 15:58:53,476 - base - INFO - [Epoch 3/300][Batch 7781/9303] BatchTime = 0.650 (s) DataTime = 0.001 (s) Losses = ['0.6410', '1.0429'] lr = 0.000021
2026-05-17 15:59:06,501 - base - INFO - [Epoch 3/300][Batch 7801/9303] BatchTime = 0.647 (s) DataTime = 0.001 (s) Losses = ['0.5255', '1.1292'] lr = 0.000021
2026-05-17 15:59:19,527 - base - INFO - [Epoch 3/300][Batch 7821/9303] BatchTime = 0.650 (s) DataTime = 0.002 (s) Losses = ['0.5579', '1.2055'] lr = 0.000021
2026-05-17 15:59:32,559 - base - INFO - [Epoch 3/300][Batch 7841/9303] BatchTime = 0.651 (s) DataTime = 0.001 (s) Losses = ['0.6658', '1.2052'] lr = 0.000021
2026-05-17 15:59:45,576 - base - INFO - [Epoch 3/300][Batch 7861/9303] BatchTime = 0.649 (s) DataTime = 0.002 (s) Losses = ['0.5662', '1.2932'] lr = 0.000021
2026-05-17 15:59:58,615 - base - INFO - [Epoch 3/300][Batch 7881/9303] BatchTime = 0.654 (s) DataTime = 0.001 (s) Losses = ['0.5860', '1.0596'] lr = 0.000021
2026-05-17 16:00:11,637 - base - INFO - [Epoch 3/300][Batch 7901/9303] BatchTime = 0.647 (s) DataTime = 0.002 (s) Losses = ['0.5469', '0.6383'] lr = 0.000021
2026-05-17 16:00:24,681 - base - INFO - [Epoch 3/300][Batch 7921/9303] BatchTime = 0.648 (s) DataTime = 0.002 (s) Losses = ['0.6402', '1.4945'] lr = 0.000021
2026-05-17 16:00:37,767 - base - INFO - [Epoch 3/300][Batch 7941/9303] BatchTime = 0.648 (s) DataTime = 0.001 (s) Losses = ['0.6092', '1.2638'] lr = 0.000021
2026-05-17 16:00:50,797 - base - INFO - [Epoch 3/300][Batch 7961/9303] BatchTime = 0.647 (s) DataTime = 0.002 (s) Losses = ['0.5770', '1.0817'] lr = 0.000021
2026-05-17 16:01:03,850 - base - INFO - [Epoch 3/300][Batch 7981/9303] BatchTime = 0.648 (s) DataTime = 0.002 (s) Losses = ['0.5963', '1.0973'] lr = 0.000021
2026-05-17 16:01:16,909 - base - INFO - [Epoch 3/300][Batch 8001/9303] BatchTime = 0.647 (s) DataTime = 0.002 (s) Losses = ['0.5638', '0.9605'] lr = 0.000021
2026-05-17 16:01:29,932 - base - INFO - [Epoch 3/300][Batch 8021/9303] BatchTime = 0.651 (s) DataTime = 0.002 (s) Losses = ['0.5988', '1.1928'] lr = 0.000021
2026-05-17 16:01:42,957 - base - INFO - [Epoch 3/300][Batch 8041/9303] BatchTime = 0.650 (s) DataTime = 0.001 (s) Losses = ['0.5831', '1.0855'] lr = 0.000021
2026-05-17 16:01:55,998 - base - INFO - [Epoch 3/300][Batch 8061/9303] BatchTime = 0.648 (s) DataTime = 0.001 (s) Losses = ['0.5675', '1.0644'] lr = 0.000021
2026-05-17 16:02:09,022 - base - INFO - [Epoch 3/300][Batch 8081/9303] BatchTime = 0.659 (s) DataTime = 0.001 (s) Losses = ['0.5322', '0.7362'] lr = 0.000021
2026-05-17 16:02:22,072 - base - INFO - [Epoch 3/300][Batch 8101/9303] BatchTime = 0.657 (s) DataTime = 0.002 (s) Losses = ['0.5548', '1.0280'] lr = 0.000021
2026-05-17 16:02:35,103 - base - INFO - [Epoch 3/300][Batch 8121/9303] BatchTime = 0.647 (s) DataTime = 0.001 (s) Losses = ['0.6131', '1.1234'] lr = 0.000021
2026-05-17 16:02:48,126 - base - INFO - [Epoch 3/300][Batch 8141/9303] BatchTime = 0.659 (s) DataTime = 0.001 (s) Losses = ['0.6813', '1.2283'] lr = 0.000021
2026-05-17 16:03:01,145 - base - INFO - [Epoch 3/300][Batch 8161/9303] BatchTime = 0.650 (s) DataTime = 0.002 (s) Losses = ['0.5225', '0.8470'] lr = 0.000021
2026-05-17 16:03:14,177 - base - INFO - [Epoch 3/300][Batch 8181/9303] BatchTime = 0.652 (s) DataTime = 0.002 (s) Losses = ['0.5589', '0.8400'] lr = 0.000021
2026-05-17 16:03:27,210 - base - INFO - [Epoch 3/300][Batch 8201/9303] BatchTime = 0.647 (s) DataTime = 0.002 (s) Losses = ['0.6106', '0.8581'] lr = 0.000021
2026-05-17 16:03:40,260 - base - INFO - [Epoch 3/300][Batch 8221/9303] BatchTime = 0.646 (s) DataTime = 0.001 (s) Losses = ['0.6351', '1.2418'] lr = 0.000021
2026-05-17 16:03:53,291 - base - INFO - [Epoch 3/300][Batch 8241/9303] BatchTime = 0.649 (s) DataTime = 0.002 (s) Losses = ['0.5624', '1.9356'] lr = 0.000021
2026-05-17 16:04:06,317 - base - INFO - [Epoch 3/300][Batch 8261/9303] BatchTime = 0.661 (s) DataTime = 0.001 (s) Losses = ['0.6832', '0.9313'] lr = 0.000021
2026-05-17 16:04:19,380 - base - INFO - [Epoch 3/300][Batch 8281/9303] BatchTime = 0.647 (s) DataTime = 0.001 (s) Losses = ['0.5909', '1.3289'] lr = 0.000021
2026-05-17 16:04:32,428 - base - INFO - [Epoch 3/300][Batch 8301/9303] BatchTime = 0.652 (s) DataTime = 0.001 (s) Losses = ['0.6621', '0.9681'] lr = 0.000021
2026-05-17 16:04:45,468 - base - INFO - [Epoch 3/300][Batch 8321/9303] BatchTime = 0.646 (s) DataTime = 0.001 (s) Losses = ['0.5317', '0.9225'] lr = 0.000021
2026-05-17 16:04:58,496 - base - INFO - [Epoch 3/300][Batch 8341/9303] BatchTime = 0.654 (s) DataTime = 0.002 (s) Losses = ['0.5687', '1.1404'] lr = 0.000021
2026-05-17 16:05:11,553 - base - INFO - [Epoch 3/300][Batch 8361/9303] BatchTime = 0.652 (s) DataTime = 0.001 (s) Losses = ['0.5257', '0.9753'] lr = 0.000021
2026-05-17 16:05:24,608 - base - INFO - [Epoch 3/300][Batch 8381/9303] BatchTime = 0.649 (s) DataTime = 0.002 (s) Losses = ['0.5192', '1.2807'] lr = 0.000021
2026-05-17 16:05:37,636 - base - INFO - [Epoch 3/300][Batch 8401/9303] BatchTime = 0.649 (s) DataTime = 0.002 (s) Losses = ['0.5682', '1.2035'] lr = 0.000021
2026-05-17 16:05:50,690 - base - INFO - [Epoch 3/300][Batch 8421/9303] BatchTime = 0.651 (s) DataTime = 0.002 (s) Losses = ['0.5611', '0.9831'] lr = 0.000021
2026-05-17 16:06:03,752 - base - INFO - [Epoch 3/300][Batch 8441/9303] BatchTime = 0.653 (s) DataTime = 0.001 (s) Losses = ['0.5918', '1.0474'] lr = 0.000021
2026-05-17 16:06:16,765 - base - INFO - [Epoch 3/300][Batch 8461/9303] BatchTime = 0.650 (s) DataTime = 0.001 (s) Losses = ['0.5810', '1.0568'] lr = 0.000021
2026-05-17 16:06:29,839 - base - INFO - [Epoch 3/300][Batch 8481/9303] BatchTime = 0.649 (s) DataTime = 0.002 (s) Losses = ['0.6181', '1.0469'] lr = 0.000021
2026-05-17 16:06:42,910 - base - INFO - [Epoch 3/300][Batch 8501/9303] BatchTime = 0.649 (s) DataTime = 0.002 (s) Losses = ['0.5354', '0.8740'] lr = 0.000021
2026-05-17 16:06:55,961 - base - INFO - [Epoch 3/300][Batch 8521/9303] BatchTime = 0.658 (s) DataTime = 0.001 (s) Losses = ['0.6582', '1.1003'] lr = 0.000021
2026-05-17 16:07:09,000 - base - INFO - [Epoch 3/300][Batch 8541/9303] BatchTime = 0.661 (s) DataTime = 0.002 (s) Losses = ['0.5933', '1.0098'] lr = 0.000021
2026-05-17 16:07:22,034 - base - INFO - [Epoch 3/300][Batch 8561/9303] BatchTime = 0.647 (s) DataTime = 0.002 (s) Losses = ['0.5506', '0.8023'] lr = 0.000021
2026-05-17 16:07:35,042 - base - INFO - [Epoch 3/300][Batch 8581/9303] BatchTime = 0.648 (s) DataTime = 0.002 (s) Losses = ['0.4721', '0.9026'] lr = 0.000021
2026-05-17 16:07:48,116 - base - INFO - [Epoch 3/300][Batch 8601/9303] BatchTime = 0.651 (s) DataTime = 0.001 (s) Losses = ['0.6355', '1.0941'] lr = 0.000021
2026-05-17 16:08:01,172 - base - INFO - [Epoch 3/300][Batch 8621/9303] BatchTime = 0.647 (s) DataTime = 0.002 (s) Losses = ['0.5851', '1.1165'] lr = 0.000021
2026-05-17 16:08:14,213 - base - INFO - [Epoch 3/300][Batch 8641/9303] BatchTime = 0.650 (s) DataTime = 0.002 (s) Losses = ['0.5432', '1.5473'] lr = 0.000021
2026-05-17 16:08:27,236 - base - INFO - [Epoch 3/300][Batch 8661/9303] BatchTime = 0.649 (s) DataTime = 0.002 (s) Losses = ['0.5509', '0.9615'] lr = 0.000021
2026-05-17 16:08:40,318 - base - INFO - [Epoch 3/300][Batch 8681/9303] BatchTime = 0.649 (s) DataTime = 0.001 (s) Losses = ['0.5550', '0.9363'] lr = 0.000021
2026-05-17 16:08:53,331 - base - INFO - [Epoch 3/300][Batch 8701/9303] BatchTime = 0.652 (s) DataTime = 0.001 (s) Losses = ['0.6127', '1.1012'] lr = 0.000021
2026-05-17 16:09:06,369 - base - INFO - [Epoch 3/300][Batch 8721/9303] BatchTime = 0.650 (s) DataTime = 0.002 (s) Losses = ['0.5463', '0.8610'] lr = 0.000021
2026-05-17 16:09:19,426 - base - INFO - [Epoch 3/300][Batch 8741/9303] BatchTime = 0.649 (s) DataTime = 0.001 (s) Losses = ['0.6376', '1.0610'] lr = 0.000021
2026-05-17 16:09:32,470 - base - INFO - [Epoch 3/300][Batch 8761/9303] BatchTime = 0.649 (s) DataTime = 0.001 (s) Losses = ['0.5944', '1.2684'] lr = 0.000021
2026-05-17 16:09:45,509 - base - INFO - [Epoch 3/300][Batch 8781/9303] BatchTime = 0.650 (s) DataTime = 0.002 (s) Losses = ['0.5836', '1.1897'] lr = 0.000021
2026-05-17 16:09:58,550 - base - INFO - [Epoch 3/300][Batch 8801/9303] BatchTime = 0.659 (s) DataTime = 0.001 (s) Losses = ['0.6385', '1.2676'] lr = 0.000021
2026-05-17 16:10:11,590 - base - INFO - [Epoch 3/300][Batch 8821/9303] BatchTime = 0.653 (s) DataTime = 0.002 (s) Losses = ['0.6303', '1.0869'] lr = 0.000021
2026-05-17 16:10:24,646 - base - INFO - [Epoch 3/300][Batch 8841/9303] BatchTime = 0.651 (s) DataTime = 0.002 (s) Losses = ['0.5207', '0.8380'] lr = 0.000021
2026-05-17 16:10:37,657 - base - INFO - [Epoch 3/300][Batch 8861/9303] BatchTime = 0.647 (s) DataTime = 0.001 (s) Losses = ['0.4943', '1.2735'] lr = 0.000021
2026-05-17 16:10:50,733 - base - INFO - [Epoch 3/300][Batch 8881/9303] BatchTime = 0.647 (s) DataTime = 0.001 (s) Losses = ['0.5412', '0.8677'] lr = 0.000021
2026-05-17 16:11:03,786 - base - INFO - [Epoch 3/300][Batch 8901/9303] BatchTime = 0.656 (s) DataTime = 0.001 (s) Losses = ['0.6224', '1.3341'] lr = 0.000021
2026-05-17 16:11:16,811 - base - INFO - [Epoch 3/300][Batch 8921/9303] BatchTime = 0.654 (s) DataTime = 0.002 (s) Losses = ['0.4898', '0.7574'] lr = 0.000021
2026-05-17 16:11:29,859 - base - INFO - [Epoch 3/300][Batch 8941/9303] BatchTime = 0.647 (s) DataTime = 0.001 (s) Losses = ['0.5750', '1.2037'] lr = 0.000021
2026-05-17 16:11:42,906 - base - INFO - [Epoch 3/300][Batch 8961/9303] BatchTime = 0.648 (s) DataTime = 0.001 (s) Losses = ['0.5394', '1.2968'] lr = 0.000021
2026-05-17 16:11:55,927 - base - INFO - [Epoch 3/300][Batch 8981/9303] BatchTime = 0.649 (s) DataTime = 0.002 (s) Losses = ['0.7068', '1.1149'] lr = 0.000021
2026-05-17 16:12:09,048 - base - INFO - [Epoch 3/300][Batch 9001/9303] BatchTime = 0.649 (s) DataTime = 0.001 (s) Losses = ['0.5860', '0.9212'] lr = 0.000021
2026-05-17 16:12:22,056 - base - INFO - [Epoch 3/300][Batch 9021/9303] BatchTime = 0.651 (s) DataTime = 0.002 (s) Losses = ['0.5552', '1.0583'] lr = 0.000021
2026-05-17 16:12:35,092 - base - INFO - [Epoch 3/300][Batch 9041/9303] BatchTime = 0.649 (s) DataTime = 0.002 (s) Losses = ['0.5915', '1.2880'] lr = 0.000021
2026-05-17 16:12:48,159 - base - INFO - [Epoch 3/300][Batch 9061/9303] BatchTime = 0.650 (s) DataTime = 0.002 (s) Losses = ['0.6014', '0.8688'] lr = 0.000021
2026-05-17 16:13:01,199 - base - INFO - [Epoch 3/300][Batch 9081/9303] BatchTime = 0.647 (s) DataTime = 0.002 (s) Losses = ['0.5756', '0.9784'] lr = 0.000021
2026-05-17 16:13:14,224 - base - INFO - [Epoch 3/300][Batch 9101/9303] BatchTime = 0.650 (s) DataTime = 0.001 (s) Losses = ['0.6005', '1.3167'] lr = 0.000021
2026-05-17 16:13:27,239 - base - INFO - [Epoch 3/300][Batch 9121/9303] BatchTime = 0.647 (s) DataTime = 0.002 (s) Losses = ['0.5401', '0.8238'] lr = 0.000021
2026-05-17 16:13:40,289 - base - INFO - [Epoch 3/300][Batch 9141/9303] BatchTime = 0.651 (s) DataTime = 0.001 (s) Losses = ['0.5885', '1.1329'] lr = 0.000021
2026-05-17 16:13:53,311 - base - INFO - [Epoch 3/300][Batch 9161/9303] BatchTime = 0.655 (s) DataTime = 0.002 (s) Losses = ['0.6409', '1.4227'] lr = 0.000021
2026-05-17 16:14:06,369 - base - INFO - [Epoch 3/300][Batch 9181/9303] BatchTime = 0.647 (s) DataTime = 0.002 (s) Losses = ['0.5394', '1.1252'] lr = 0.000021
2026-05-17 16:14:19,396 - base - INFO - [Epoch 3/300][Batch 9201/9303] BatchTime = 0.649 (s) DataTime = 0.001 (s) Losses = ['0.5146', '1.2792'] lr = 0.000021
2026-05-17 16:14:32,400 - base - INFO - [Epoch 3/300][Batch 9221/9303] BatchTime = 0.648 (s) DataTime = 0.001 (s) Losses = ['0.6561', '1.2949'] lr = 0.000021
2026-05-17 16:14:45,439 - base - INFO - [Epoch 3/300][Batch 9241/9303] BatchTime = 0.649 (s) DataTime = 0.001 (s) Losses = ['0.5844', '1.1739'] lr = 0.000021
2026-05-17 16:14:58,480 - base - INFO - [Epoch 3/300][Batch 9261/9303] BatchTime = 0.654 (s) DataTime = 0.001 (s) Losses = ['0.4942', '1.3723'] lr = 0.000021
2026-05-17 16:15:11,566 - base - INFO - [Epoch 3/300][Batch 9281/9303] BatchTime = 0.650 (s) DataTime = 0.002 (s) Losses = ['0.5597', '1.1980'] lr = 0.000021
2026-05-17 16:15:24,595 - base - INFO - [Epoch 3/300][Batch 9301/9303] BatchTime = 0.649 (s) DataTime = 0.001 (s) Losses = ['0.5468', '0.7259'] lr = 0.000021
2026-05-17 16:15:25,931 - base - INFO - [Training] EPOCH: 3 EpochTime = 6064.658 (s) Losses = ['0.5892', '1.0969'] lr = 0.000031
2026-05-17 16:15:26,142 - base - INFO - Save checkpoint at ./experiments/base/pretrain/pcpmae_minigpt3d/ckpt-last.pth
2026-05-17 16:15:26,992 - base - INFO - [Epoch 4/300][Batch 1/9303] BatchTime = 0.848 (s) DataTime = 0.205 (s) Losses = ['0.5501', '0.9152'] lr = 0.000031
2026-05-17 16:15:40,060 - base - INFO - [Epoch 4/300][Batch 21/9303] BatchTime = 0.652 (s) DataTime = 0.001 (s) Losses = ['0.5788', '0.9118'] lr = 0.000031
2026-05-17 16:15:53,071 - base - INFO - [Epoch 4/300][Batch 41/9303] BatchTime = 0.650 (s) DataTime = 0.001 (s) Losses = ['0.5554', '0.9268'] lr = 0.000031
2026-05-17 16:16:06,080 - base - INFO - [Epoch 4/300][Batch 61/9303] BatchTime = 0.654 (s) DataTime = 0.002 (s) Losses = ['0.6754', '1.6148'] lr = 0.000031
2026-05-17 16:16:19,083 - base - INFO - [Epoch 4/300][Batch 81/9303] BatchTime = 0.649 (s) DataTime = 0.001 (s) Losses = ['0.5836', '0.9687'] lr = 0.000031
2026-05-17 16:16:32,116 - base - INFO - [Epoch 4/300][Batch 101/9303] BatchTime = 0.649 (s) DataTime = 0.001 (s) Losses = ['0.5446', '0.8698'] lr = 0.000031
2026-05-17 16:16:45,163 - base - INFO - [Epoch 4/300][Batch 121/9303] BatchTime = 0.647 (s) DataTime = 0.001 (s) Losses = ['0.6583', '1.1835'] lr = 0.000031
2026-05-17 16:16:58,209 - base - INFO - [Epoch 4/300][Batch 141/9303] BatchTime = 0.656 (s) DataTime = 0.002 (s) Losses = ['0.5797', '1.1293'] lr = 0.000031
2026-05-17 16:17:11,223 - base - INFO - [Epoch 4/300][Batch 161/9303] BatchTime = 0.651 (s) DataTime = 0.001 (s) Losses = ['0.5179', '0.8646'] lr = 0.000031
2026-05-17 16:17:24,243 - base - INFO - [Epoch 4/300][Batch 181/9303] BatchTime = 0.646 (s) DataTime = 0.002 (s) Losses = ['0.5559', '0.9501'] lr = 0.000031
2026-05-17 16:17:37,265 - base - INFO - [Epoch 4/300][Batch 201/9303] BatchTime = 0.646 (s) DataTime = 0.001 (s) Losses = ['0.5830', '1.0662'] lr = 0.000031
2026-05-17 16:17:50,295 - base - INFO - [Epoch 4/300][Batch 221/9303] BatchTime = 0.656 (s) DataTime = 0.001 (s) Losses = ['0.6504', '1.1541'] lr = 0.000031
2026-05-17 16:18:03,373 - base - INFO - [Epoch 4/300][Batch 241/9303] BatchTime = 0.697 (s) DataTime = 0.001 (s) Losses = ['0.6127', '1.2441'] lr = 0.000031
2026-05-17 16:18:16,401 - base - INFO - [Epoch 4/300][Batch 261/9303] BatchTime = 0.648 (s) DataTime = 0.001 (s) Losses = ['0.5751', '0.9956'] lr = 0.000031
2026-05-17 16:18:29,465 - base - INFO - [Epoch 4/300][Batch 281/9303] BatchTime = 0.652 (s) DataTime = 0.002 (s) Losses = ['0.6026', '1.1664'] lr = 0.000031
2026-05-17 16:18:42,543 - base - INFO - [Epoch 4/300][Batch 301/9303] BatchTime = 0.649 (s) DataTime = 0.002 (s) Losses = ['0.5507', '0.7787'] lr = 0.000031
2026-05-17 16:18:55,559 - base - INFO - [Epoch 4/300][Batch 321/9303] BatchTime = 0.653 (s) DataTime = 0.002 (s) Losses = ['0.5402', '0.8138'] lr = 0.000031
2026-05-17 16:19:08,568 - base - INFO - [Epoch 4/300][Batch 341/9303] BatchTime = 0.651 (s) DataTime = 0.002 (s) Losses = ['0.5719', '1.0705'] lr = 0.000031
2026-05-17 16:19:21,597 - base - INFO - [Epoch 4/300][Batch 361/9303] BatchTime = 0.647 (s) DataTime = 0.001 (s) Losses = ['0.5576', '0.8870'] lr = 0.000031
2026-05-17 16:19:34,628 - base - INFO - [Epoch 4/300][Batch 381/9303] BatchTime = 0.647 (s) DataTime = 0.001 (s) Losses = ['0.6500', '1.2930'] lr = 0.000031
2026-05-17 16:19:47,721 - base - INFO - [Epoch 4/300][Batch 401/9303] BatchTime = 0.648 (s) DataTime = 0.001 (s) Losses = ['0.6227', '0.9050'] lr = 0.000031
2026-05-17 16:20:00,722 - base - INFO - [Epoch 4/300][Batch 421/9303] BatchTime = 0.647 (s) DataTime = 0.002 (s) Losses = ['0.5641', '1.0530'] lr = 0.000031
2026-05-17 16:20:13,734 - base - INFO - [Epoch 4/300][Batch 441/9303] BatchTime = 0.647 (s) DataTime = 0.001 (s) Losses = ['0.5539', '0.8697'] lr = 0.000031
2026-05-17 16:20:26,788 - base - INFO - [Epoch 4/300][Batch 461/9303] BatchTime = 0.660 (s) DataTime = 0.002 (s) Losses = ['0.5647', '1.0203'] lr = 0.000031
2026-05-17 16:20:39,829 - base - INFO - [Epoch 4/300][Batch 481/9303] BatchTime = 0.645 (s) DataTime = 0.001 (s) Losses = ['0.5245', '0.8526'] lr = 0.000031
2026-05-17 16:20:52,839 - base - INFO - [Epoch 4/300][Batch 501/9303] BatchTime = 0.647 (s) DataTime = 0.002 (s) Losses = ['0.5938', '1.0969'] lr = 0.000031
2026-05-17 16:21:05,854 - base - INFO - [Epoch 4/300][Batch 521/9303] BatchTime = 0.646 (s) DataTime = 0.001 (s) Losses = ['0.6065', '1.1662'] lr = 0.000031
2026-05-17 16:21:18,874 - base - INFO - [Epoch 4/300][Batch 541/9303] BatchTime = 0.647 (s) DataTime = 0.002 (s) Losses = ['0.5428', '1.2942'] lr = 0.000031
2026-05-17 16:21:31,964 - base - INFO - [Epoch 4/300][Batch 561/9303] BatchTime = 0.652 (s) DataTime = 0.002 (s) Losses = ['0.5590', '1.0034'] lr = 0.000031
2026-05-17 16:21:44,986 - base - INFO - [Epoch 4/300][Batch 581/9303] BatchTime = 0.651 (s) DataTime = 0.001 (s) Losses = ['0.6341', '1.0725'] lr = 0.000031
2026-05-17 16:21:57,987 - base - INFO - [Epoch 4/300][Batch 601/9303] BatchTime = 0.646 (s) DataTime = 0.002 (s) Losses = ['0.5584', '0.9757'] lr = 0.000031
2026-05-17 16:22:10,996 - base - INFO - [Epoch 4/300][Batch 621/9303] BatchTime = 0.651 (s) DataTime = 0.002 (s) Losses = ['0.5559', '1.1596'] lr = 0.000031
2026-05-17 16:22:24,002 - base - INFO - [Epoch 4/300][Batch 641/9303] BatchTime = 0.646 (s) DataTime = 0.001 (s) Losses = ['0.4849', '0.8271'] lr = 0.000031
2026-05-17 16:22:37,005 - base - INFO - [Epoch 4/300][Batch 661/9303] BatchTime = 0.654 (s) DataTime = 0.001 (s) Losses = ['0.5838', '0.8985'] lr = 0.000031
2026-05-17 16:22:50,017 - base - INFO - [Epoch 4/300][Batch 681/9303] BatchTime = 0.646 (s) DataTime = 0.001 (s) Losses = ['0.5506', '0.9735'] lr = 0.000031
2026-05-17 16:23:03,046 - base - INFO - [Epoch 4/300][Batch 701/9303] BatchTime = 0.655 (s) DataTime = 0.002 (s) Losses = ['0.5645', '0.9011'] lr = 0.000031
2026-05-17 16:23:16,073 - base - INFO - [Epoch 4/300][Batch 721/9303] BatchTime = 0.648 (s) DataTime = 0.001 (s) Losses = ['0.4835', '0.8810'] lr = 0.000031
2026-05-17 16:23:29,098 - base - INFO - [Epoch 4/300][Batch 741/9303] BatchTime = 0.651 (s) DataTime = 0.001 (s) Losses = ['0.6491', '0.9556'] lr = 0.000031
