2026-05-28 10:54:18,889 - base_minigpt_encoder - INFO - Resume yaml from ./experiments/base_minigpt_encoder/pretrain/pcp_minigpt_encoder_objaverse/config.yaml
2026-05-28 10:54:18,892 - base_minigpt_encoder - INFO - args.config : ./experiments/base_minigpt_encoder/pretrain/pcp_minigpt_encoder_objaverse/config.yaml
2026-05-28 10:54:18,893 - base_minigpt_encoder - INFO - args.launcher : none
2026-05-28 10:54:18,893 - base_minigpt_encoder - INFO - args.local_rank : 0
2026-05-28 10:54:18,893 - base_minigpt_encoder - INFO - args.num_workers : 8
2026-05-28 10:54:18,893 - base_minigpt_encoder - INFO - args.rate : 1.0
2026-05-28 10:54:18,893 - base_minigpt_encoder - INFO - args.seed : 42
2026-05-28 10:54:18,893 - base_minigpt_encoder - INFO - args.deterministic : False
2026-05-28 10:54:18,893 - base_minigpt_encoder - INFO - args.sync_bn : False
2026-05-28 10:54:18,893 - base_minigpt_encoder - INFO - args.exp_name : pcp_minigpt_encoder_objaverse
2026-05-28 10:54:18,893 - base_minigpt_encoder - INFO - args.loss : cd1
2026-05-28 10:54:18,893 - base_minigpt_encoder - INFO - args.start_ckpts : None
2026-05-28 10:54:18,893 - base_minigpt_encoder - INFO - args.ckpts : None
2026-05-28 10:54:18,893 - base_minigpt_encoder - INFO - args.val_freq : 1
2026-05-28 10:54:18,893 - base_minigpt_encoder - INFO - args.vote : False
2026-05-28 10:54:18,893 - base_minigpt_encoder - INFO - args.resume : True
2026-05-28 10:54:18,893 - base_minigpt_encoder - INFO - args.test : False
2026-05-28 10:54:18,893 - base_minigpt_encoder - INFO - args.finetune_model : False
2026-05-28 10:54:18,893 - base_minigpt_encoder - INFO - args.scratch_model : False
2026-05-28 10:54:18,893 - base_minigpt_encoder - INFO - args.mode : None
2026-05-28 10:54:18,893 - base_minigpt_encoder - INFO - args.way : -1
2026-05-28 10:54:18,893 - base_minigpt_encoder - INFO - args.shot : -1
2026-05-28 10:54:18,893 - base_minigpt_encoder - INFO - args.fold : -1
2026-05-28 10:54:18,893 - base_minigpt_encoder - INFO - args.experiment_path : ./experiments/base_minigpt_encoder/pretrain/pcp_minigpt_encoder_objaverse
2026-05-28 10:54:18,893 - base_minigpt_encoder - INFO - args.tfboard_path : ./experiments/base_minigpt_encoder/pretrain/TFBoard/pcp_minigpt_encoder_objaverse
2026-05-28 10:54:18,893 - base_minigpt_encoder - INFO - args.log_name : base_minigpt_encoder
2026-05-28 10:54:18,893 - base_minigpt_encoder - INFO - args.use_gpu : True
2026-05-28 10:54:18,893 - base_minigpt_encoder - INFO - args.distributed : False
2026-05-28 10:54:18,893 - base_minigpt_encoder - INFO - config.optimizer = edict()
2026-05-28 10:54:18,893 - base_minigpt_encoder - INFO - config.optimizer.type : AdamW
2026-05-28 10:54:18,893 - base_minigpt_encoder - INFO - config.optimizer.kwargs = edict()
2026-05-28 10:54:18,893 - base_minigpt_encoder - INFO - config.optimizer.kwargs.lr : 1e-05
2026-05-28 10:54:18,893 - base_minigpt_encoder - INFO - config.optimizer.kwargs.weight_decay : 0.05
2026-05-28 10:54:18,893 - base_minigpt_encoder - INFO - config.scheduler = edict()
2026-05-28 10:54:18,893 - base_minigpt_encoder - INFO - config.scheduler.type : CosLR
2026-05-28 10:54:18,893 - base_minigpt_encoder - INFO - config.scheduler.kwargs = edict()
2026-05-28 10:54:18,893 - base_minigpt_encoder - INFO - config.scheduler.kwargs.epochs : 300
2026-05-28 10:54:18,893 - base_minigpt_encoder - INFO - config.scheduler.kwargs.initial_epochs : 10
2026-05-28 10:54:18,893 - base_minigpt_encoder - INFO - config.dataset = edict()
2026-05-28 10:54:18,893 - base_minigpt_encoder - INFO - config.dataset.train = edict()
2026-05-28 10:54:18,893 - base_minigpt_encoder - INFO - config.dataset.train._base_ = edict()
2026-05-28 10:54:18,893 - base_minigpt_encoder - INFO - config.dataset.train._base_.NAME : ObjaverseNPY
2026-05-28 10:54:18,893 - base_minigpt_encoder - INFO - config.dataset.train._base_.data_root : /data/workspace/MiniGPT-3D/data/objaverse_data
2026-05-28 10:54:18,893 - base_minigpt_encoder - INFO - config.dataset.train._base_.npoints : 8192
2026-05-28 10:54:18,893 - base_minigpt_encoder - INFO - config.dataset.train.others = edict()
2026-05-28 10:54:18,893 - base_minigpt_encoder - INFO - config.dataset.train.others.subset : train
2026-05-28 10:54:18,893 - base_minigpt_encoder - INFO - config.dataset.train.others.npoints : 8192
2026-05-28 10:54:18,893 - base_minigpt_encoder - INFO - config.dataset.train.others.bs : 64
2026-05-28 10:54:18,893 - base_minigpt_encoder - INFO - config.dataset.val = edict()
2026-05-28 10:54:18,893 - base_minigpt_encoder - INFO - config.dataset.val._base_ = edict()
2026-05-28 10:54:18,893 - base_minigpt_encoder - INFO - config.dataset.val._base_.NAME : ObjaverseNPY
2026-05-28 10:54:18,893 - base_minigpt_encoder - INFO - config.dataset.val._base_.data_root : /data/workspace/MiniGPT-3D/data/objaverse_data
2026-05-28 10:54:18,893 - base_minigpt_encoder - INFO - config.dataset.val._base_.npoints : 8192
2026-05-28 10:54:18,893 - base_minigpt_encoder - INFO - config.dataset.val.others = edict()
2026-05-28 10:54:18,893 - base_minigpt_encoder - INFO - config.dataset.val.others.subset : test
2026-05-28 10:54:18,893 - base_minigpt_encoder - INFO - config.dataset.val.others.npoints : 8192
2026-05-28 10:54:18,893 - base_minigpt_encoder - INFO - config.dataset.val.others.bs : 128
2026-05-28 10:54:18,893 - base_minigpt_encoder - INFO - config.dataset.test = edict()
2026-05-28 10:54:18,893 - base_minigpt_encoder - INFO - config.dataset.test._base_ = edict()
2026-05-28 10:54:18,893 - base_minigpt_encoder - INFO - config.dataset.test._base_.NAME : ObjaverseNPY
2026-05-28 10:54:18,893 - base_minigpt_encoder - INFO - config.dataset.test._base_.data_root : /data/workspace/MiniGPT-3D/data/objaverse_data
2026-05-28 10:54:18,893 - base_minigpt_encoder - INFO - config.dataset.test._base_.npoints : 8192
2026-05-28 10:54:18,893 - base_minigpt_encoder - INFO - config.dataset.test.others = edict()
2026-05-28 10:54:18,893 - base_minigpt_encoder - INFO - config.dataset.test.others.subset : test
2026-05-28 10:54:18,893 - base_minigpt_encoder - INFO - config.dataset.test.others.npoints : 8192
2026-05-28 10:54:18,893 - base_minigpt_encoder - INFO - config.dataset.test.others.bs : 64
2026-05-28 10:54:18,893 - base_minigpt_encoder - INFO - config.model = edict()
2026-05-28 10:54:18,893 - base_minigpt_encoder - INFO - config.model.NAME : PCP_MAE
2026-05-28 10:54:18,893 - base_minigpt_encoder - INFO - config.model.encoder_type : point_transformer
2026-05-28 10:54:18,893 - base_minigpt_encoder - INFO - config.model.group_size : 32
2026-05-28 10:54:18,893 - base_minigpt_encoder - INFO - config.model.num_group : 512
2026-05-28 10:54:18,893 - base_minigpt_encoder - INFO - config.model.point_dims : 6
2026-05-28 10:54:18,893 - base_minigpt_encoder - INFO - config.model.cls_dim : 40
2026-05-28 10:54:18,893 - base_minigpt_encoder - INFO - config.model.use_max_pool : False
2026-05-28 10:54:18,893 - base_minigpt_encoder - INFO - config.model.loss : cdl2
2026-05-28 10:54:18,893 - base_minigpt_encoder - INFO - config.model.pred_loss : l2
2026-05-28 10:54:18,893 - base_minigpt_encoder - INFO - config.model.ita : 0.1
2026-05-28 10:54:18,893 - base_minigpt_encoder - INFO - config.model.pred_pos_transformer_layer : 0
2026-05-28 10:54:18,893 - base_minigpt_encoder - INFO - config.model.add_detach : True
2026-05-28 10:54:18,893 - base_minigpt_encoder - INFO - config.model.transformer_config = edict()
2026-05-28 10:54:18,893 - base_minigpt_encoder - INFO - config.model.transformer_config.mask_ratio : 0.6
2026-05-28 10:54:18,893 - base_minigpt_encoder - INFO - config.model.transformer_config.mask_type : rand
2026-05-28 10:54:18,893 - base_minigpt_encoder - INFO - config.model.transformer_config.trans_dim : 384
2026-05-28 10:54:18,893 - base_minigpt_encoder - INFO - config.model.transformer_config.encoder_dims : 256
2026-05-28 10:54:18,893 - base_minigpt_encoder - INFO - config.model.transformer_config.depth : 12
2026-05-28 10:54:18,893 - base_minigpt_encoder - INFO - config.model.transformer_config.drop_path_rate : 0.1
2026-05-28 10:54:18,893 - base_minigpt_encoder - INFO - config.model.transformer_config.num_heads : 6
2026-05-28 10:54:18,893 - base_minigpt_encoder - INFO - config.model.transformer_config.decoder_depth : 4
2026-05-28 10:54:18,893 - base_minigpt_encoder - INFO - config.model.transformer_config.decoder_num_heads : 6
2026-05-28 10:54:18,893 - base_minigpt_encoder - INFO - config.npoints : 8192
2026-05-28 10:54:18,893 - base_minigpt_encoder - INFO - config.total_bs : 64
2026-05-28 10:54:18,893 - base_minigpt_encoder - INFO - config.step_per_update : 8
2026-05-28 10:54:18,893 - base_minigpt_encoder - INFO - config.max_epoch : 300
2026-05-28 10:54:18,893 - base_minigpt_encoder - INFO - Distributed training: False
2026-05-28 10:54:18,893 - base_minigpt_encoder - INFO - Set random seed to 42, deterministic: False
2026-05-28 10:54:19,166 - base_minigpt_encoder - INFO - [RESUME INFO] Loading model weights from ./experiments/base_minigpt_encoder/pretrain/pcp_minigpt_encoder_objaverse/ckpt-last.pth...
2026-05-28 10:54:19,300 - base_minigpt_encoder - INFO - [RESUME INFO] resume ckpts @ 28 epoch( best_metrics = {'acc': 0.0})
2026-05-28 10:54:19,301 - base_minigpt_encoder - INFO - Using Data parallel ...
2026-05-28 10:54:19,303 - base_minigpt_encoder - INFO - [RESUME INFO] Loading optimizer from ./experiments/base_minigpt_encoder/pretrain/pcp_minigpt_encoder_objaverse/ckpt-last.pth...
2026-05-28 10:54:23,873 - base_minigpt_encoder - INFO - [Epoch 29/300][Batch 1/9303] BatchTime = 4.443 (s) DataTime = 0.156 (s) Losses = ['0.7592', '0.0183'] lr = 0.000098
2026-05-28 10:54:35,525 - base_minigpt_encoder - INFO - [Epoch 29/300][Batch 21/9303] BatchTime = 0.571 (s) DataTime = 0.001 (s) Losses = ['0.7716', '0.0042'] lr = 0.000098
2026-05-28 10:54:47,112 - base_minigpt_encoder - INFO - [Epoch 29/300][Batch 41/9303] BatchTime = 0.575 (s) DataTime = 0.001 (s) Losses = ['0.8739', '0.0240'] lr = 0.000098
2026-05-28 10:54:58,726 - base_minigpt_encoder - INFO - [Epoch 29/300][Batch 61/9303] BatchTime = 0.579 (s) DataTime = 0.002 (s) Losses = ['0.8184', '0.0279'] lr = 0.000098
2026-05-28 10:55:10,330 - base_minigpt_encoder - INFO - [Epoch 29/300][Batch 81/9303] BatchTime = 0.581 (s) DataTime = 0.001 (s) Losses = ['0.7601', '0.0052'] lr = 0.000098
2026-05-28 10:55:21,938 - base_minigpt_encoder - INFO - [Epoch 29/300][Batch 101/9303] BatchTime = 0.579 (s) DataTime = 0.001 (s) Losses = ['0.8216', '0.0161'] lr = 0.000098
2026-05-28 10:55:33,585 - base_minigpt_encoder - INFO - [Epoch 29/300][Batch 121/9303] BatchTime = 0.577 (s) DataTime = 0.001 (s) Losses = ['0.7735', '0.0236'] lr = 0.000098
2026-05-28 10:55:45,176 - base_minigpt_encoder - INFO - [Epoch 29/300][Batch 141/9303] BatchTime = 0.577 (s) DataTime = 0.001 (s) Losses = ['0.7470', '0.0102'] lr = 0.000098
2026-05-28 10:55:56,847 - base_minigpt_encoder - INFO - [Epoch 29/300][Batch 161/9303] BatchTime = 0.574 (s) DataTime = 0.001 (s) Losses = ['0.7898', '0.0156'] lr = 0.000098
2026-05-28 10:56:08,441 - base_minigpt_encoder - INFO - [Epoch 29/300][Batch 181/9303] BatchTime = 0.582 (s) DataTime = 0.001 (s) Losses = ['0.8485', '0.0277'] lr = 0.000098
2026-05-28 10:56:20,045 - base_minigpt_encoder - INFO - [Epoch 29/300][Batch 201/9303] BatchTime = 0.577 (s) DataTime = 0.001 (s) Losses = ['0.7964', '0.0090'] lr = 0.000098
2026-05-28 10:56:31,698 - base_minigpt_encoder - INFO - [Epoch 29/300][Batch 221/9303] BatchTime = 0.581 (s) DataTime = 0.002 (s) Losses = ['0.8054', '0.0076'] lr = 0.000098
2026-05-28 10:56:43,371 - base_minigpt_encoder - INFO - [Epoch 29/300][Batch 241/9303] BatchTime = 0.581 (s) DataTime = 0.001 (s) Losses = ['0.7255', '0.0297'] lr = 0.000098
2026-05-28 10:56:55,055 - base_minigpt_encoder - INFO - [Epoch 29/300][Batch 261/9303] BatchTime = 0.584 (s) DataTime = 0.001 (s) Losses = ['0.8864', '0.0153'] lr = 0.000098
2026-05-28 10:57:06,712 - base_minigpt_encoder - INFO - [Epoch 29/300][Batch 281/9303] BatchTime = 0.582 (s) DataTime = 0.001 (s) Losses = ['0.7784', '0.0068'] lr = 0.000098
2026-05-28 10:57:18,388 - base_minigpt_encoder - INFO - [Epoch 29/300][Batch 301/9303] BatchTime = 0.575 (s) DataTime = 0.002 (s) Losses = ['0.7177', '0.0235'] lr = 0.000098
2026-05-28 10:57:30,044 - base_minigpt_encoder - INFO - [Epoch 29/300][Batch 321/9303] BatchTime = 0.576 (s) DataTime = 0.001 (s) Losses = ['0.8820', '0.0143'] lr = 0.000098
2026-05-28 10:57:41,694 - base_minigpt_encoder - INFO - [Epoch 29/300][Batch 341/9303] BatchTime = 0.582 (s) DataTime = 0.001 (s) Losses = ['0.7750', '0.0039'] lr = 0.000098
2026-05-28 10:57:53,352 - base_minigpt_encoder - INFO - [Epoch 29/300][Batch 361/9303] BatchTime = 0.582 (s) DataTime = 0.002 (s) Losses = ['0.7655', '0.0243'] lr = 0.000098
2026-05-28 10:58:04,995 - base_minigpt_encoder - INFO - [Epoch 29/300][Batch 381/9303] BatchTime = 0.579 (s) DataTime = 0.001 (s) Losses = ['0.6763', '0.0194'] lr = 0.000098
2026-05-28 10:58:16,619 - base_minigpt_encoder - INFO - [Epoch 29/300][Batch 401/9303] BatchTime = 0.576 (s) DataTime = 0.001 (s) Losses = ['0.7537', '0.0031'] lr = 0.000098
2026-05-28 10:58:28,266 - base_minigpt_encoder - INFO - [Epoch 29/300][Batch 421/9303] BatchTime = 0.589 (s) DataTime = 0.002 (s) Losses = ['0.7626', '0.0113'] lr = 0.000098
2026-05-28 10:58:39,900 - base_minigpt_encoder - INFO - [Epoch 29/300][Batch 441/9303] BatchTime = 0.575 (s) DataTime = 0.001 (s) Losses = ['0.7488', '0.0221'] lr = 0.000098
2026-05-28 10:58:51,581 - base_minigpt_encoder - INFO - [Epoch 29/300][Batch 461/9303] BatchTime = 0.579 (s) DataTime = 0.001 (s) Losses = ['0.9432', '0.0074'] lr = 0.000098
2026-05-28 10:59:03,221 - base_minigpt_encoder - INFO - [Epoch 29/300][Batch 481/9303] BatchTime = 0.589 (s) DataTime = 0.001 (s) Losses = ['0.8503', '0.0127'] lr = 0.000098
2026-05-28 10:59:14,890 - base_minigpt_encoder - INFO - [Epoch 29/300][Batch 501/9303] BatchTime = 0.590 (s) DataTime = 0.001 (s) Losses = ['0.8427', '0.0230'] lr = 0.000098
2026-05-28 10:59:26,572 - base_minigpt_encoder - INFO - [Epoch 29/300][Batch 521/9303] BatchTime = 0.580 (s) DataTime = 0.001 (s) Losses = ['0.7630', '0.0076'] lr = 0.000098
2026-05-28 10:59:38,202 - base_minigpt_encoder - INFO - [Epoch 29/300][Batch 541/9303] BatchTime = 0.579 (s) DataTime = 0.001 (s) Losses = ['0.8205', '0.0054'] lr = 0.000098
2026-05-28 10:59:49,867 - base_minigpt_encoder - INFO - [Epoch 29/300][Batch 561/9303] BatchTime = 0.575 (s) DataTime = 0.001 (s) Losses = ['0.7937', '0.0191'] lr = 0.000098
2026-05-28 11:00:01,522 - base_minigpt_encoder - INFO - [Epoch 29/300][Batch 581/9303] BatchTime = 0.579 (s) DataTime = 0.001 (s) Losses = ['0.7814', '0.0127'] lr = 0.000098
2026-05-28 11:00:13,183 - base_minigpt_encoder - INFO - [Epoch 29/300][Batch 601/9303] BatchTime = 0.579 (s) DataTime = 0.001 (s) Losses = ['0.7739', '0.0071'] lr = 0.000098
2026-05-28 11:00:24,852 - base_minigpt_encoder - INFO - [Epoch 29/300][Batch 621/9303] BatchTime = 0.583 (s) DataTime = 0.002 (s) Losses = ['0.7923', '0.0166'] lr = 0.000098
2026-05-28 11:00:36,513 - base_minigpt_encoder - INFO - [Epoch 29/300][Batch 641/9303] BatchTime = 0.581 (s) DataTime = 0.001 (s) Losses = ['0.7880', '0.0118'] lr = 0.000098
2026-05-28 11:00:48,158 - base_minigpt_encoder - INFO - [Epoch 29/300][Batch 661/9303] BatchTime = 0.587 (s) DataTime = 0.001 (s) Losses = ['0.8686', '0.0054'] lr = 0.000098
2026-05-28 11:00:59,865 - base_minigpt_encoder - INFO - [Epoch 29/300][Batch 681/9303] BatchTime = 0.579 (s) DataTime = 0.001 (s) Losses = ['0.9788', '0.0213'] lr = 0.000098
2026-05-28 11:01:11,529 - base_minigpt_encoder - INFO - [Epoch 29/300][Batch 701/9303] BatchTime = 0.581 (s) DataTime = 0.001 (s) Losses = ['0.6815', '0.0149'] lr = 0.000098
2026-05-28 11:01:23,196 - base_minigpt_encoder - INFO - [Epoch 29/300][Batch 721/9303] BatchTime = 0.583 (s) DataTime = 0.001 (s) Losses = ['0.8789', '0.0056'] lr = 0.000098
2026-05-28 11:01:34,886 - base_minigpt_encoder - INFO - [Epoch 29/300][Batch 741/9303] BatchTime = 0.579 (s) DataTime = 0.001 (s) Losses = ['0.7520', '0.0190'] lr = 0.000098
2026-05-28 11:01:46,551 - base_minigpt_encoder - INFO - [Epoch 29/300][Batch 761/9303] BatchTime = 0.579 (s) DataTime = 0.001 (s) Losses = ['0.8002', '0.0162'] lr = 0.000098
2026-05-28 11:01:58,251 - base_minigpt_encoder - INFO - [Epoch 29/300][Batch 781/9303] BatchTime = 0.579 (s) DataTime = 0.001 (s) Losses = ['0.7753', '0.0034'] lr = 0.000098
2026-05-28 11:02:09,915 - base_minigpt_encoder - INFO - [Epoch 29/300][Batch 801/9303] BatchTime = 0.577 (s) DataTime = 0.001 (s) Losses = ['0.7365', '0.0192'] lr = 0.000098
2026-05-28 11:02:21,550 - base_minigpt_encoder - INFO - [Epoch 29/300][Batch 821/9303] BatchTime = 0.590 (s) DataTime = 0.002 (s) Losses = ['0.7822', '0.0242'] lr = 0.000098
2026-05-28 11:02:33,229 - base_minigpt_encoder - INFO - [Epoch 29/300][Batch 841/9303] BatchTime = 0.588 (s) DataTime = 0.001 (s) Losses = ['0.7053', '0.0025'] lr = 0.000098
2026-05-28 11:02:44,859 - base_minigpt_encoder - INFO - [Epoch 29/300][Batch 861/9303] BatchTime = 0.582 (s) DataTime = 0.001 (s) Losses = ['0.8467', '0.0142'] lr = 0.000098
2026-05-28 11:02:56,532 - base_minigpt_encoder - INFO - [Epoch 29/300][Batch 881/9303] BatchTime = 0.577 (s) DataTime = 0.001 (s) Losses = ['0.7685', '0.0231'] lr = 0.000098
2026-05-28 11:03:08,191 - base_minigpt_encoder - INFO - [Epoch 29/300][Batch 901/9303] BatchTime = 0.581 (s) DataTime = 0.001 (s) Losses = ['0.8052', '0.0078'] lr = 0.000098
2026-05-28 11:03:19,905 - base_minigpt_encoder - INFO - [Epoch 29/300][Batch 921/9303] BatchTime = 0.588 (s) DataTime = 0.002 (s) Losses = ['0.7725', '0.0141'] lr = 0.000098
2026-05-28 11:03:31,586 - base_minigpt_encoder - INFO - [Epoch 29/300][Batch 941/9303] BatchTime = 0.601 (s) DataTime = 0.001 (s) Losses = ['0.6844', '0.0270'] lr = 0.000098
2026-05-28 11:03:43,282 - base_minigpt_encoder - INFO - [Epoch 29/300][Batch 961/9303] BatchTime = 0.590 (s) DataTime = 0.001 (s) Losses = ['0.7739', '0.0072'] lr = 0.000098
2026-05-28 11:03:54,923 - base_minigpt_encoder - INFO - [Epoch 29/300][Batch 981/9303] BatchTime = 0.580 (s) DataTime = 0.001 (s) Losses = ['0.7623', '0.0080'] lr = 0.000098
2026-05-28 11:04:06,602 - base_minigpt_encoder - INFO - [Epoch 29/300][Batch 1001/9303] BatchTime = 0.580 (s) DataTime = 0.003 (s) Losses = ['0.7890', '0.0277'] lr = 0.000098
2026-05-28 11:04:18,251 - base_minigpt_encoder - INFO - [Epoch 29/300][Batch 1021/9303] BatchTime = 0.580 (s) DataTime = 0.001 (s) Losses = ['0.8908', '0.0153'] lr = 0.000098
2026-05-28 11:04:29,924 - base_minigpt_encoder - INFO - [Epoch 29/300][Batch 1041/9303] BatchTime = 0.579 (s) DataTime = 0.001 (s) Losses = ['0.7981', '0.0083'] lr = 0.000098
2026-05-28 11:04:41,650 - base_minigpt_encoder - INFO - [Epoch 29/300][Batch 1061/9303] BatchTime = 0.604 (s) DataTime = 0.002 (s) Losses = ['0.8002', '0.0251'] lr = 0.000098
2026-05-28 11:04:53,313 - base_minigpt_encoder - INFO - [Epoch 29/300][Batch 1081/9303] BatchTime = 0.580 (s) DataTime = 0.001 (s) Losses = ['0.7780', '0.0143'] lr = 0.000098
2026-05-28 11:05:04,986 - base_minigpt_encoder - INFO - [Epoch 29/300][Batch 1101/9303] BatchTime = 0.590 (s) DataTime = 0.002 (s) Losses = ['0.7269', '0.0057'] lr = 0.000098
2026-05-28 11:05:16,631 - base_minigpt_encoder - INFO - [Epoch 29/300][Batch 1121/9303] BatchTime = 0.579 (s) DataTime = 0.002 (s) Losses = ['0.7003', '0.0272'] lr = 0.000098
2026-05-28 11:05:28,318 - base_minigpt_encoder - INFO - [Epoch 29/300][Batch 1141/9303] BatchTime = 0.582 (s) DataTime = 0.002 (s) Losses = ['0.7204', '0.0205'] lr = 0.000098
2026-05-28 11:05:39,978 - base_minigpt_encoder - INFO - [Epoch 29/300][Batch 1161/9303] BatchTime = 0.579 (s) DataTime = 0.001 (s) Losses = ['0.7896', '0.0058'] lr = 0.000098
2026-05-28 11:05:51,633 - base_minigpt_encoder - INFO - [Epoch 29/300][Batch 1181/9303] BatchTime = 0.583 (s) DataTime = 0.002 (s) Losses = ['0.6777', '0.0205'] lr = 0.000098
2026-05-28 11:06:03,326 - base_minigpt_encoder - INFO - [Epoch 29/300][Batch 1201/9303] BatchTime = 0.590 (s) DataTime = 0.001 (s) Losses = ['0.8417', '0.0220'] lr = 0.000098
2026-05-28 11:06:14,986 - base_minigpt_encoder - INFO - [Epoch 29/300][Batch 1221/9303] BatchTime = 0.584 (s) DataTime = 0.001 (s) Losses = ['0.8750', '0.0058'] lr = 0.000098
2026-05-28 11:06:26,650 - base_minigpt_encoder - INFO - [Epoch 29/300][Batch 1241/9303] BatchTime = 0.580 (s) DataTime = 0.002 (s) Losses = ['0.9169', '0.0229'] lr = 0.000098
2026-05-28 11:06:38,308 - base_minigpt_encoder - INFO - [Epoch 29/300][Batch 1261/9303] BatchTime = 0.583 (s) DataTime = 0.002 (s) Losses = ['0.6908', '0.0247'] lr = 0.000098
2026-05-28 11:06:49,979 - base_minigpt_encoder - INFO - [Epoch 29/300][Batch 1281/9303] BatchTime = 0.576 (s) DataTime = 0.001 (s) Losses = ['0.7428', '0.0055'] lr = 0.000098
2026-05-28 11:07:01,671 - base_minigpt_encoder - INFO - [Epoch 29/300][Batch 1301/9303] BatchTime = 0.578 (s) DataTime = 0.001 (s) Losses = ['0.9373', '0.0101'] lr = 0.000098
2026-05-28 11:07:13,373 - base_minigpt_encoder - INFO - [Epoch 29/300][Batch 1321/9303] BatchTime = 0.580 (s) DataTime = 0.002 (s) Losses = ['0.8489', '0.0270'] lr = 0.000098
2026-05-28 11:07:25,034 - base_minigpt_encoder - INFO - [Epoch 29/300][Batch 1341/9303] BatchTime = 0.581 (s) DataTime = 0.002 (s) Losses = ['0.7434', '0.0123'] lr = 0.000098
2026-05-28 11:07:36,756 - base_minigpt_encoder - INFO - [Epoch 29/300][Batch 1361/9303] BatchTime = 0.598 (s) DataTime = 0.001 (s) Losses = ['0.8735', '0.0122'] lr = 0.000098
2026-05-28 11:07:48,445 - base_minigpt_encoder - INFO - [Epoch 29/300][Batch 1381/9303] BatchTime = 0.582 (s) DataTime = 0.002 (s) Losses = ['0.7314', '0.0209'] lr = 0.000098
2026-05-28 11:08:00,107 - base_minigpt_encoder - INFO - [Epoch 29/300][Batch 1401/9303] BatchTime = 0.579 (s) DataTime = 0.001 (s) Losses = ['0.7557', '0.0107'] lr = 0.000098
2026-05-28 11:08:11,782 - base_minigpt_encoder - INFO - [Epoch 29/300][Batch 1421/9303] BatchTime = 0.586 (s) DataTime = 0.002 (s) Losses = ['0.8046', '0.0067'] lr = 0.000098
2026-05-28 11:08:23,501 - base_minigpt_encoder - INFO - [Epoch 29/300][Batch 1441/9303] BatchTime = 0.578 (s) DataTime = 0.001 (s) Losses = ['0.7421', '0.0209'] lr = 0.000098
2026-05-28 11:08:35,178 - base_minigpt_encoder - INFO - [Epoch 29/300][Batch 1461/9303] BatchTime = 0.579 (s) DataTime = 0.002 (s) Losses = ['0.7645', '0.0177'] lr = 0.000098
2026-05-28 11:08:46,858 - base_minigpt_encoder - INFO - [Epoch 29/300][Batch 1481/9303] BatchTime = 0.578 (s) DataTime = 0.001 (s) Losses = ['0.8536', '0.0078'] lr = 0.000098
2026-05-28 11:08:58,508 - base_minigpt_encoder - INFO - [Epoch 29/300][Batch 1501/9303] BatchTime = 0.581 (s) DataTime = 0.002 (s) Losses = ['0.7344', '0.0164'] lr = 0.000098
2026-05-28 11:09:10,187 - base_minigpt_encoder - INFO - [Epoch 29/300][Batch 1521/9303] BatchTime = 0.577 (s) DataTime = 0.001 (s) Losses = ['0.8068', '0.0142'] lr = 0.000098
2026-05-28 11:09:21,832 - base_minigpt_encoder - INFO - [Epoch 29/300][Batch 1541/9303] BatchTime = 0.583 (s) DataTime = 0.002 (s) Losses = ['0.7967', '0.0062'] lr = 0.000098
2026-05-28 11:09:33,503 - base_minigpt_encoder - INFO - [Epoch 29/300][Batch 1561/9303] BatchTime = 0.581 (s) DataTime = 0.001 (s) Losses = ['0.7348', '0.0185'] lr = 0.000098
2026-05-28 11:09:45,180 - base_minigpt_encoder - INFO - [Epoch 29/300][Batch 1581/9303] BatchTime = 0.583 (s) DataTime = 0.001 (s) Losses = ['0.9153', '0.0196'] lr = 0.000098
2026-05-28 11:09:56,864 - base_minigpt_encoder - INFO - [Epoch 29/300][Batch 1601/9303] BatchTime = 0.580 (s) DataTime = 0.001 (s) Losses = ['0.8708', '0.0052'] lr = 0.000098
2026-05-28 11:10:08,542 - base_minigpt_encoder - INFO - [Epoch 29/300][Batch 1621/9303] BatchTime = 0.582 (s) DataTime = 0.002 (s) Losses = ['0.7603', '0.0156'] lr = 0.000098
2026-05-28 11:10:20,255 - base_minigpt_encoder - INFO - [Epoch 29/300][Batch 1641/9303] BatchTime = 0.580 (s) DataTime = 0.001 (s) Losses = ['0.8043', '0.0206'] lr = 0.000098
2026-05-28 11:10:31,937 - base_minigpt_encoder - INFO - [Epoch 29/300][Batch 1661/9303] BatchTime = 0.583 (s) DataTime = 0.001 (s) Losses = ['0.7606', '0.0071'] lr = 0.000098
2026-05-28 11:10:43,618 - base_minigpt_encoder - INFO - [Epoch 29/300][Batch 1681/9303] BatchTime = 0.578 (s) DataTime = 0.001 (s) Losses = ['0.6948', '0.0177'] lr = 0.000098
2026-05-28 11:10:55,301 - base_minigpt_encoder - INFO - [Epoch 29/300][Batch 1701/9303] BatchTime = 0.578 (s) DataTime = 0.001 (s) Losses = ['0.7206', '0.0251'] lr = 0.000098
2026-05-28 11:11:06,997 - base_minigpt_encoder - INFO - [Epoch 29/300][Batch 1721/9303] BatchTime = 0.578 (s) DataTime = 0.002 (s) Losses = ['0.8098', '0.0055'] lr = 0.000098
2026-05-28 11:11:18,680 - base_minigpt_encoder - INFO - [Epoch 29/300][Batch 1741/9303] BatchTime = 0.587 (s) DataTime = 0.001 (s) Losses = ['0.7994', '0.0100'] lr = 0.000098
2026-05-28 11:11:30,458 - base_minigpt_encoder - INFO - [Epoch 29/300][Batch 1761/9303] BatchTime = 0.615 (s) DataTime = 0.001 (s) Losses = ['0.7555', '0.0262'] lr = 0.000098
2026-05-28 11:11:42,167 - base_minigpt_encoder - INFO - [Epoch 29/300][Batch 1781/9303] BatchTime = 0.582 (s) DataTime = 0.002 (s) Losses = ['0.8254', '0.0133'] lr = 0.000098
2026-05-28 11:11:53,823 - base_minigpt_encoder - INFO - [Epoch 29/300][Batch 1801/9303] BatchTime = 0.579 (s) DataTime = 0.002 (s) Losses = ['0.7699', '0.0078'] lr = 0.000098
2026-05-28 11:12:05,486 - base_minigpt_encoder - INFO - [Epoch 29/300][Batch 1821/9303] BatchTime = 0.582 (s) DataTime = 0.001 (s) Losses = ['0.7931', '0.0274'] lr = 0.000098
2026-05-28 11:12:17,171 - base_minigpt_encoder - INFO - [Epoch 29/300][Batch 1841/9303] BatchTime = 0.578 (s) DataTime = 0.002 (s) Losses = ['0.7501', '0.0138'] lr = 0.000098
2026-05-28 11:12:28,845 - base_minigpt_encoder - INFO - [Epoch 29/300][Batch 1861/9303] BatchTime = 0.584 (s) DataTime = 0.001 (s) Losses = ['0.8196', '0.0054'] lr = 0.000098
2026-05-28 11:12:40,524 - base_minigpt_encoder - INFO - [Epoch 29/300][Batch 1881/9303] BatchTime = 0.579 (s) DataTime = 0.001 (s) Losses = ['0.7735', '0.0264'] lr = 0.000098
2026-05-28 11:12:52,196 - base_minigpt_encoder - INFO - [Epoch 29/300][Batch 1901/9303] BatchTime = 0.580 (s) DataTime = 0.002 (s) Losses = ['0.8492', '0.0241'] lr = 0.000098
2026-05-28 11:13:03,849 - base_minigpt_encoder - INFO - [Epoch 29/300][Batch 1921/9303] BatchTime = 0.579 (s) DataTime = 0.001 (s) Losses = ['0.7266', '0.0053'] lr = 0.000098
2026-05-28 11:13:15,517 - base_minigpt_encoder - INFO - [Epoch 29/300][Batch 1941/9303] BatchTime = 0.582 (s) DataTime = 0.001 (s) Losses = ['0.9149', '0.0180'] lr = 0.000098
2026-05-28 11:13:27,228 - base_minigpt_encoder - INFO - [Epoch 29/300][Batch 1961/9303] BatchTime = 0.579 (s) DataTime = 0.001 (s) Losses = ['0.8242', '0.0221'] lr = 0.000098
2026-05-28 11:13:38,914 - base_minigpt_encoder - INFO - [Epoch 29/300][Batch 1981/9303] BatchTime = 0.580 (s) DataTime = 0.002 (s) Losses = ['0.7680', '0.0075'] lr = 0.000098
2026-05-28 11:13:50,571 - base_minigpt_encoder - INFO - [Epoch 29/300][Batch 2001/9303] BatchTime = 0.581 (s) DataTime = 0.002 (s) Losses = ['0.8364', '0.0199'] lr = 0.000098
2026-05-28 11:14:02,240 - base_minigpt_encoder - INFO - [Epoch 29/300][Batch 2021/9303] BatchTime = 0.581 (s) DataTime = 0.002 (s) Losses = ['0.7788', '0.0253'] lr = 0.000098
2026-05-28 11:14:13,914 - base_minigpt_encoder - INFO - [Epoch 29/300][Batch 2041/9303] BatchTime = 0.580 (s) DataTime = 0.001 (s) Losses = ['0.7859', '0.0067'] lr = 0.000098
2026-05-28 11:14:25,586 - base_minigpt_encoder - INFO - [Epoch 29/300][Batch 2061/9303] BatchTime = 0.579 (s) DataTime = 0.002 (s) Losses = ['0.8217', '0.0122'] lr = 0.000098
2026-05-28 11:14:37,263 - base_minigpt_encoder - INFO - [Epoch 29/300][Batch 2081/9303] BatchTime = 0.577 (s) DataTime = 0.001 (s) Losses = ['0.7919', '0.0250'] lr = 0.000098
2026-05-28 11:14:49,015 - base_minigpt_encoder - INFO - [Epoch 29/300][Batch 2101/9303] BatchTime = 0.577 (s) DataTime = 0.002 (s) Losses = ['0.9056', '0.0134'] lr = 0.000098
2026-05-28 11:15:00,704 - base_minigpt_encoder - INFO - [Epoch 29/300][Batch 2121/9303] BatchTime = 0.589 (s) DataTime = 0.002 (s) Losses = ['0.7428', '0.0123'] lr = 0.000098
2026-05-28 11:15:12,371 - base_minigpt_encoder - INFO - [Epoch 29/300][Batch 2141/9303] BatchTime = 0.579 (s) DataTime = 0.002 (s) Losses = ['0.7794', '0.0231'] lr = 0.000098
2026-05-28 11:15:24,044 - base_minigpt_encoder - INFO - [Epoch 29/300][Batch 2161/9303] BatchTime = 0.578 (s) DataTime = 0.002 (s) Losses = ['0.7341', '0.0122'] lr = 0.000098
2026-05-28 11:15:35,731 - base_minigpt_encoder - INFO - [Epoch 29/300][Batch 2181/9303] BatchTime = 0.584 (s) DataTime = 0.002 (s) Losses = ['0.7883', '0.0064'] lr = 0.000098
2026-05-28 11:15:47,425 - base_minigpt_encoder - INFO - [Epoch 29/300][Batch 2201/9303] BatchTime = 0.579 (s) DataTime = 0.001 (s) Losses = ['0.8860', '0.0258'] lr = 0.000098
2026-05-28 11:15:59,062 - base_minigpt_encoder - INFO - [Epoch 29/300][Batch 2221/9303] BatchTime = 0.580 (s) DataTime = 0.002 (s) Losses = ['0.7212', '0.0192'] lr = 0.000098
2026-05-28 11:16:10,809 - base_minigpt_encoder - INFO - [Epoch 29/300][Batch 2241/9303] BatchTime = 0.584 (s) DataTime = 0.002 (s) Losses = ['0.8649', '0.0072'] lr = 0.000098
2026-05-28 11:16:22,503 - base_minigpt_encoder - INFO - [Epoch 29/300][Batch 2261/9303] BatchTime = 0.582 (s) DataTime = 0.002 (s) Losses = ['0.7288', '0.0171'] lr = 0.000098
2026-05-28 11:16:34,176 - base_minigpt_encoder - INFO - [Epoch 29/300][Batch 2281/9303] BatchTime = 0.580 (s) DataTime = 0.001 (s) Losses = ['0.7076', '0.0166'] lr = 0.000098
2026-05-28 11:16:45,855 - base_minigpt_encoder - INFO - [Epoch 29/300][Batch 2301/9303] BatchTime = 0.582 (s) DataTime = 0.001 (s) Losses = ['0.7290', '0.0069'] lr = 0.000098
2026-05-28 11:16:57,520 - base_minigpt_encoder - INFO - [Epoch 29/300][Batch 2321/9303] BatchTime = 0.582 (s) DataTime = 0.001 (s) Losses = ['0.7850', '0.0169'] lr = 0.000098
2026-05-28 11:17:09,205 - base_minigpt_encoder - INFO - [Epoch 29/300][Batch 2341/9303] BatchTime = 0.580 (s) DataTime = 0.001 (s) Losses = ['0.9008', '0.0205'] lr = 0.000098
2026-05-28 11:17:20,864 - base_minigpt_encoder - INFO - [Epoch 29/300][Batch 2361/9303] BatchTime = 0.580 (s) DataTime = 0.001 (s) Losses = ['0.9600', '0.0080'] lr = 0.000098
2026-05-28 11:17:32,520 - base_minigpt_encoder - INFO - [Epoch 29/300][Batch 2381/9303] BatchTime = 0.583 (s) DataTime = 0.002 (s) Losses = ['0.8111', '0.0120'] lr = 0.000098
2026-05-28 11:17:44,191 - base_minigpt_encoder - INFO - [Epoch 29/300][Batch 2401/9303] BatchTime = 0.579 (s) DataTime = 0.001 (s) Losses = ['0.8363', '0.0209'] lr = 0.000098
2026-05-28 11:17:55,852 - base_minigpt_encoder - INFO - [Epoch 29/300][Batch 2421/9303] BatchTime = 0.582 (s) DataTime = 0.002 (s) Losses = ['0.7511', '0.0097'] lr = 0.000098
2026-05-28 11:18:07,515 - base_minigpt_encoder - INFO - [Epoch 29/300][Batch 2441/9303] BatchTime = 0.583 (s) DataTime = 0.001 (s) Losses = ['0.8459', '0.0124'] lr = 0.000098
2026-05-28 11:18:19,207 - base_minigpt_encoder - INFO - [Epoch 29/300][Batch 2461/9303] BatchTime = 0.584 (s) DataTime = 0.001 (s) Losses = ['0.7382', '0.0222'] lr = 0.000098
2026-05-28 11:18:30,851 - base_minigpt_encoder - INFO - [Epoch 29/300][Batch 2481/9303] BatchTime = 0.582 (s) DataTime = 0.001 (s) Losses = ['0.7405', '0.0078'] lr = 0.000098
2026-05-28 11:18:42,566 - base_minigpt_encoder - INFO - [Epoch 29/300][Batch 2501/9303] BatchTime = 0.601 (s) DataTime = 0.002 (s) Losses = ['0.7829', '0.0091'] lr = 0.000098
2026-05-28 11:18:54,246 - base_minigpt_encoder - INFO - [Epoch 29/300][Batch 2521/9303] BatchTime = 0.588 (s) DataTime = 0.001 (s) Losses = ['0.7514', '0.0227'] lr = 0.000098
2026-05-28 11:19:05,959 - base_minigpt_encoder - INFO - [Epoch 29/300][Batch 2541/9303] BatchTime = 0.581 (s) DataTime = 0.001 (s) Losses = ['0.7865', '0.0142'] lr = 0.000098
2026-05-28 11:19:17,640 - base_minigpt_encoder - INFO - [Epoch 29/300][Batch 2561/9303] BatchTime = 0.580 (s) DataTime = 0.002 (s) Losses = ['0.7346', '0.0070'] lr = 0.000098
2026-05-28 11:19:29,302 - base_minigpt_encoder - INFO - [Epoch 29/300][Batch 2581/9303] BatchTime = 0.581 (s) DataTime = 0.002 (s) Losses = ['0.8521', '0.0205'] lr = 0.000098
2026-05-28 11:19:40,963 - base_minigpt_encoder - INFO - [Epoch 29/300][Batch 2601/9303] BatchTime = 0.580 (s) DataTime = 0.001 (s) Losses = ['0.8152', '0.0147'] lr = 0.000098
2026-05-28 11:19:52,641 - base_minigpt_encoder - INFO - [Epoch 29/300][Batch 2621/9303] BatchTime = 0.580 (s) DataTime = 0.002 (s) Losses = ['0.7461', '0.0047'] lr = 0.000098
2026-05-28 11:20:04,288 - base_minigpt_encoder - INFO - [Epoch 29/300][Batch 2641/9303] BatchTime = 0.590 (s) DataTime = 0.001 (s) Losses = ['0.7016', '0.0229'] lr = 0.000098
2026-05-28 11:20:15,960 - base_minigpt_encoder - INFO - [Epoch 29/300][Batch 2661/9303] BatchTime = 0.585 (s) DataTime = 0.001 (s) Losses = ['0.8306', '0.0239'] lr = 0.000098
2026-05-28 11:20:27,639 - base_minigpt_encoder - INFO - [Epoch 29/300][Batch 2681/9303] BatchTime = 0.579 (s) DataTime = 0.001 (s) Losses = ['0.7738', '0.0042'] lr = 0.000098
2026-05-28 11:20:39,315 - base_minigpt_encoder - INFO - [Epoch 29/300][Batch 2701/9303] BatchTime = 0.616 (s) DataTime = 0.002 (s) Losses = ['0.8223', '0.0148'] lr = 0.000098
2026-05-28 11:20:51,029 - base_minigpt_encoder - INFO - [Epoch 29/300][Batch 2721/9303] BatchTime = 0.578 (s) DataTime = 0.001 (s) Losses = ['0.7297', '0.0258'] lr = 0.000098
2026-05-28 11:21:02,725 - base_minigpt_encoder - INFO - [Epoch 29/300][Batch 2741/9303] BatchTime = 0.583 (s) DataTime = 0.002 (s) Losses = ['0.7229', '0.0082'] lr = 0.000098
2026-05-28 11:21:14,400 - base_minigpt_encoder - INFO - [Epoch 29/300][Batch 2761/9303] BatchTime = 0.580 (s) DataTime = 0.001 (s) Losses = ['0.8338', '0.0179'] lr = 0.000098
2026-05-28 11:21:26,056 - base_minigpt_encoder - INFO - [Epoch 29/300][Batch 2781/9303] BatchTime = 0.581 (s) DataTime = 0.001 (s) Losses = ['0.8103', '0.0281'] lr = 0.000098
2026-05-28 11:21:37,729 - base_minigpt_encoder - INFO - [Epoch 29/300][Batch 2801/9303] BatchTime = 0.578 (s) DataTime = 0.001 (s) Losses = ['0.6608', '0.0084'] lr = 0.000098
2026-05-28 11:21:49,464 - base_minigpt_encoder - INFO - [Epoch 29/300][Batch 2821/9303] BatchTime = 0.581 (s) DataTime = 0.002 (s) Losses = ['0.8418', '0.0078'] lr = 0.000098
2026-05-28 11:22:01,233 - base_minigpt_encoder - INFO - [Epoch 29/300][Batch 2841/9303] BatchTime = 0.599 (s) DataTime = 0.001 (s) Losses = ['0.7558', '0.0274'] lr = 0.000098
2026-05-28 11:22:12,939 - base_minigpt_encoder - INFO - [Epoch 29/300][Batch 2861/9303] BatchTime = 0.579 (s) DataTime = 0.002 (s) Losses = ['0.6944', '0.0181'] lr = 0.000098
2026-05-28 11:22:24,604 - base_minigpt_encoder - INFO - [Epoch 29/300][Batch 2881/9303] BatchTime = 0.581 (s) DataTime = 0.001 (s) Losses = ['0.7547', '0.0106'] lr = 0.000098
2026-05-28 11:22:36,303 - base_minigpt_encoder - INFO - [Epoch 29/300][Batch 2901/9303] BatchTime = 0.578 (s) DataTime = 0.001 (s) Losses = ['0.8210', '0.0279'] lr = 0.000098
2026-05-28 11:22:47,992 - base_minigpt_encoder - INFO - [Epoch 29/300][Batch 2921/9303] BatchTime = 0.578 (s) DataTime = 0.001 (s) Losses = ['0.7545', '0.0179'] lr = 0.000098
2026-05-28 11:22:59,636 - base_minigpt_encoder - INFO - [Epoch 29/300][Batch 2941/9303] BatchTime = 0.579 (s) DataTime = 0.001 (s) Losses = ['0.8480', '0.0061'] lr = 0.000098
2026-05-28 11:23:11,342 - base_minigpt_encoder - INFO - [Epoch 29/300][Batch 2961/9303] BatchTime = 0.578 (s) DataTime = 0.001 (s) Losses = ['0.7856', '0.0292'] lr = 0.000098
2026-05-28 11:23:22,994 - base_minigpt_encoder - INFO - [Epoch 29/300][Batch 2981/9303] BatchTime = 0.581 (s) DataTime = 0.001 (s) Losses = ['0.7868', '0.0260'] lr = 0.000098
2026-05-28 11:23:34,665 - base_minigpt_encoder - INFO - [Epoch 29/300][Batch 3001/9303] BatchTime = 0.582 (s) DataTime = 0.002 (s) Losses = ['0.8886', '0.0068'] lr = 0.000098
2026-05-28 11:23:46,377 - base_minigpt_encoder - INFO - [Epoch 29/300][Batch 3021/9303] BatchTime = 0.581 (s) DataTime = 0.001 (s) Losses = ['0.8203', '0.0209'] lr = 0.000098
2026-05-28 11:23:58,044 - base_minigpt_encoder - INFO - [Epoch 29/300][Batch 3041/9303] BatchTime = 0.581 (s) DataTime = 0.001 (s) Losses = ['0.7983', '0.0266'] lr = 0.000098
2026-05-28 11:24:09,696 - base_minigpt_encoder - INFO - [Epoch 29/300][Batch 3061/9303] BatchTime = 0.586 (s) DataTime = 0.002 (s) Losses = ['0.7551', '0.0094'] lr = 0.000098
2026-05-28 11:24:21,365 - base_minigpt_encoder - INFO - [Epoch 29/300][Batch 3081/9303] BatchTime = 0.578 (s) DataTime = 0.002 (s) Losses = ['0.7594', '0.0170'] lr = 0.000098
2026-05-28 11:24:33,038 - base_minigpt_encoder - INFO - [Epoch 29/300][Batch 3101/9303] BatchTime = 0.579 (s) DataTime = 0.001 (s) Losses = ['0.7546', '0.0319'] lr = 0.000098
2026-05-28 11:24:44,708 - base_minigpt_encoder - INFO - [Epoch 29/300][Batch 3121/9303] BatchTime = 0.578 (s) DataTime = 0.001 (s) Losses = ['0.7272', '0.0090'] lr = 0.000098
2026-05-28 11:24:56,380 - base_minigpt_encoder - INFO - [Epoch 29/300][Batch 3141/9303] BatchTime = 0.581 (s) DataTime = 0.002 (s) Losses = ['0.8745', '0.0100'] lr = 0.000098
2026-05-28 11:25:08,037 - base_minigpt_encoder - INFO - [Epoch 29/300][Batch 3161/9303] BatchTime = 0.579 (s) DataTime = 0.001 (s) Losses = ['0.8702', '0.0306'] lr = 0.000098
2026-05-28 11:25:19,671 - base_minigpt_encoder - INFO - [Epoch 29/300][Batch 3181/9303] BatchTime = 0.591 (s) DataTime = 0.001 (s) Losses = ['0.7184', '0.0181'] lr = 0.000098
2026-05-28 11:25:31,361 - base_minigpt_encoder - INFO - [Epoch 29/300][Batch 3201/9303] BatchTime = 0.578 (s) DataTime = 0.001 (s) Losses = ['0.7869', '0.0071'] lr = 0.000098
2026-05-28 11:25:43,034 - base_minigpt_encoder - INFO - [Epoch 29/300][Batch 3221/9303] BatchTime = 0.580 (s) DataTime = 0.002 (s) Losses = ['0.8824', '0.0244'] lr = 0.000098
2026-05-28 11:25:54,711 - base_minigpt_encoder - INFO - [Epoch 29/300][Batch 3241/9303] BatchTime = 0.582 (s) DataTime = 0.001 (s) Losses = ['0.7556', '0.0197'] lr = 0.000098
2026-05-28 11:26:06,382 - base_minigpt_encoder - INFO - [Epoch 29/300][Batch 3261/9303] BatchTime = 0.581 (s) DataTime = 0.002 (s) Losses = ['0.7730', '0.0059'] lr = 0.000098
2026-05-28 11:26:18,057 - base_minigpt_encoder - INFO - [Epoch 29/300][Batch 3281/9303] BatchTime = 0.591 (s) DataTime = 0.001 (s) Losses = ['0.7752', '0.0212'] lr = 0.000098
2026-05-28 11:26:29,710 - base_minigpt_encoder - INFO - [Epoch 29/300][Batch 3301/9303] BatchTime = 0.579 (s) DataTime = 0.002 (s) Losses = ['0.7825', '0.0265'] lr = 0.000098
2026-05-28 11:26:41,401 - base_minigpt_encoder - INFO - [Epoch 29/300][Batch 3321/9303] BatchTime = 0.592 (s) DataTime = 0.001 (s) Losses = ['0.7848', '0.0061'] lr = 0.000098
2026-05-28 11:26:53,045 - base_minigpt_encoder - INFO - [Epoch 29/300][Batch 3341/9303] BatchTime = 0.580 (s) DataTime = 0.001 (s) Losses = ['0.8218', '0.0148'] lr = 0.000098
2026-05-28 11:27:04,743 - base_minigpt_encoder - INFO - [Epoch 29/300][Batch 3361/9303] BatchTime = 0.600 (s) DataTime = 0.002 (s) Losses = ['0.7668', '0.0262'] lr = 0.000098
2026-05-28 11:27:16,400 - base_minigpt_encoder - INFO - [Epoch 29/300][Batch 3381/9303] BatchTime = 0.598 (s) DataTime = 0.001 (s) Losses = ['0.8095', '0.0105'] lr = 0.000098
2026-05-28 11:27:28,037 - base_minigpt_encoder - INFO - [Epoch 29/300][Batch 3401/9303] BatchTime = 0.581 (s) DataTime = 0.001 (s) Losses = ['0.8579', '0.0148'] lr = 0.000098
2026-05-28 11:27:39,705 - base_minigpt_encoder - INFO - [Epoch 29/300][Batch 3421/9303] BatchTime = 0.589 (s) DataTime = 0.001 (s) Losses = ['0.7988', '0.0279'] lr = 0.000098
2026-05-28 11:27:51,383 - base_minigpt_encoder - INFO - [Epoch 29/300][Batch 3441/9303] BatchTime = 0.582 (s) DataTime = 0.001 (s) Losses = ['0.7756', '0.0102'] lr = 0.000098
2026-05-28 11:28:03,057 - base_minigpt_encoder - INFO - [Epoch 29/300][Batch 3461/9303] BatchTime = 0.579 (s) DataTime = 0.002 (s) Losses = ['0.7944', '0.0053'] lr = 0.000098
2026-05-28 11:28:14,723 - base_minigpt_encoder - INFO - [Epoch 29/300][Batch 3481/9303] BatchTime = 0.579 (s) DataTime = 0.001 (s) Losses = ['0.7883', '0.0303'] lr = 0.000098
2026-05-28 11:28:26,364 - base_minigpt_encoder - INFO - [Epoch 29/300][Batch 3501/9303] BatchTime = 0.579 (s) DataTime = 0.002 (s) Losses = ['0.7329', '0.0205'] lr = 0.000098
2026-05-28 11:28:38,010 - base_minigpt_encoder - INFO - [Epoch 29/300][Batch 3521/9303] BatchTime = 0.577 (s) DataTime = 0.001 (s) Losses = ['0.7997', '0.0064'] lr = 0.000098
2026-05-28 11:28:49,685 - base_minigpt_encoder - INFO - [Epoch 29/300][Batch 3541/9303] BatchTime = 0.582 (s) DataTime = 0.001 (s) Losses = ['0.7993', '0.0218'] lr = 0.000098
2026-05-28 11:29:01,395 - base_minigpt_encoder - INFO - [Epoch 29/300][Batch 3561/9303] BatchTime = 0.583 (s) DataTime = 0.001 (s) Losses = ['0.8304', '0.0243'] lr = 0.000098
2026-05-28 11:29:13,044 - base_minigpt_encoder - INFO - [Epoch 29/300][Batch 3581/9303] BatchTime = 0.585 (s) DataTime = 0.002 (s) Losses = ['0.8231', '0.0053'] lr = 0.000098
2026-05-28 11:29:24,717 - base_minigpt_encoder - INFO - [Epoch 29/300][Batch 3601/9303] BatchTime = 0.582 (s) DataTime = 0.001 (s) Losses = ['0.7412', '0.0203'] lr = 0.000098
2026-05-28 11:29:36,388 - base_minigpt_encoder - INFO - [Epoch 29/300][Batch 3621/9303] BatchTime = 0.581 (s) DataTime = 0.001 (s) Losses = ['0.8354', '0.0304'] lr = 0.000098
2026-05-28 11:29:48,065 - base_minigpt_encoder - INFO - [Epoch 29/300][Batch 3641/9303] BatchTime = 0.583 (s) DataTime = 0.002 (s) Losses = ['0.8737', '0.0063'] lr = 0.000098
2026-05-28 11:29:59,728 - base_minigpt_encoder - INFO - [Epoch 29/300][Batch 3661/9303] BatchTime = 0.581 (s) DataTime = 0.001 (s) Losses = ['0.7767', '0.0100'] lr = 0.000098
2026-05-28 11:30:11,410 - base_minigpt_encoder - INFO - [Epoch 29/300][Batch 3681/9303] BatchTime = 0.578 (s) DataTime = 0.001 (s) Losses = ['0.8182', '0.0321'] lr = 0.000098
2026-05-28 11:30:23,114 - base_minigpt_encoder - INFO - [Epoch 29/300][Batch 3701/9303] BatchTime = 0.592 (s) DataTime = 0.001 (s) Losses = ['0.7693', '0.0155'] lr = 0.000098
2026-05-28 11:30:34,766 - base_minigpt_encoder - INFO - [Epoch 29/300][Batch 3721/9303] BatchTime = 0.581 (s) DataTime = 0.001 (s) Losses = ['0.7956', '0.0080'] lr = 0.000098
2026-05-28 11:30:46,421 - base_minigpt_encoder - INFO - [Epoch 29/300][Batch 3741/9303] BatchTime = 0.580 (s) DataTime = 0.001 (s) Losses = ['0.7815', '0.0281'] lr = 0.000098
2026-05-28 11:30:58,088 - base_minigpt_encoder - INFO - [Epoch 29/300][Batch 3761/9303] BatchTime = 0.578 (s) DataTime = 0.001 (s) Losses = ['0.8015', '0.0166'] lr = 0.000098
2026-05-28 11:31:09,778 - base_minigpt_encoder - INFO - [Epoch 29/300][Batch 3781/9303] BatchTime = 0.580 (s) DataTime = 0.002 (s) Losses = ['0.7362', '0.0045'] lr = 0.000098
2026-05-28 11:31:21,422 - base_minigpt_encoder - INFO - [Epoch 29/300][Batch 3801/9303] BatchTime = 0.579 (s) DataTime = 0.001 (s) Losses = ['0.7590', '0.0239'] lr = 0.000098
2026-05-28 11:31:33,076 - base_minigpt_encoder - INFO - [Epoch 29/300][Batch 3821/9303] BatchTime = 0.581 (s) DataTime = 0.002 (s) Losses = ['0.8083', '0.0240'] lr = 0.000098
2026-05-28 11:31:44,745 - base_minigpt_encoder - INFO - [Epoch 29/300][Batch 3841/9303] BatchTime = 0.579 (s) DataTime = 0.001 (s) Losses = ['0.7411', '0.0049'] lr = 0.000098
2026-05-28 11:31:56,405 - base_minigpt_encoder - INFO - [Epoch 29/300][Batch 3861/9303] BatchTime = 0.580 (s) DataTime = 0.001 (s) Losses = ['0.7847', '0.0172'] lr = 0.000098
2026-05-28 11:32:08,061 - base_minigpt_encoder - INFO - [Epoch 29/300][Batch 3881/9303] BatchTime = 0.578 (s) DataTime = 0.001 (s) Losses = ['0.7449', '0.0263'] lr = 0.000098
2026-05-28 11:32:19,722 - base_minigpt_encoder - INFO - [Epoch 29/300][Batch 3901/9303] BatchTime = 0.584 (s) DataTime = 0.002 (s) Losses = ['0.8362', '0.0085'] lr = 0.000098
2026-05-28 11:32:31,395 - base_minigpt_encoder - INFO - [Epoch 29/300][Batch 3921/9303] BatchTime = 0.587 (s) DataTime = 0.001 (s) Losses = ['0.8002', '0.0176'] lr = 0.000098
2026-05-28 11:32:43,085 - base_minigpt_encoder - INFO - [Epoch 29/300][Batch 3941/9303] BatchTime = 0.579 (s) DataTime = 0.001 (s) Losses = ['0.8782', '0.0305'] lr = 0.000098
2026-05-28 11:32:54,804 - base_minigpt_encoder - INFO - [Epoch 29/300][Batch 3961/9303] BatchTime = 0.580 (s) DataTime = 0.001 (s) Losses = ['0.7229', '0.0090'] lr = 0.000098
2026-05-28 11:33:06,458 - base_minigpt_encoder - INFO - [Epoch 29/300][Batch 3981/9303] BatchTime = 0.582 (s) DataTime = 0.001 (s) Losses = ['0.7954', '0.0070'] lr = 0.000098
2026-05-28 11:33:18,105 - base_minigpt_encoder - INFO - [Epoch 29/300][Batch 4001/9303] BatchTime = 0.578 (s) DataTime = 0.002 (s) Losses = ['0.8227', '0.0307'] lr = 0.000098
2026-05-28 11:33:29,769 - base_minigpt_encoder - INFO - [Epoch 29/300][Batch 4021/9303] BatchTime = 0.580 (s) DataTime = 0.002 (s) Losses = ['0.7224', '0.0182'] lr = 0.000098
2026-05-28 11:33:41,448 - base_minigpt_encoder - INFO - [Epoch 29/300][Batch 4041/9303] BatchTime = 0.609 (s) DataTime = 0.002 (s) Losses = ['0.8287', '0.0076'] lr = 0.000098
2026-05-28 11:33:53,132 - base_minigpt_encoder - INFO - [Epoch 29/300][Batch 4061/9303] BatchTime = 0.582 (s) DataTime = 0.002 (s) Losses = ['0.8219', '0.0261'] lr = 0.000098
2026-05-28 11:34:04,803 - base_minigpt_encoder - INFO - [Epoch 29/300][Batch 4081/9303] BatchTime = 0.581 (s) DataTime = 0.001 (s) Losses = ['0.9014', '0.0195'] lr = 0.000098
2026-05-28 11:34:16,472 - base_minigpt_encoder - INFO - [Epoch 29/300][Batch 4101/9303] BatchTime = 0.580 (s) DataTime = 0.001 (s) Losses = ['0.8534', '0.0050'] lr = 0.000098
2026-05-28 11:34:28,147 - base_minigpt_encoder - INFO - [Epoch 29/300][Batch 4121/9303] BatchTime = 0.578 (s) DataTime = 0.002 (s) Losses = ['0.7893', '0.0222'] lr = 0.000098
2026-05-28 11:34:39,899 - base_minigpt_encoder - INFO - [Epoch 29/300][Batch 4141/9303] BatchTime = 0.579 (s) DataTime = 0.001 (s) Losses = ['0.7888', '0.0279'] lr = 0.000098
2026-05-28 11:34:51,596 - base_minigpt_encoder - INFO - [Epoch 29/300][Batch 4161/9303] BatchTime = 0.589 (s) DataTime = 0.001 (s) Losses = ['0.7683', '0.0044'] lr = 0.000098
2026-05-28 11:35:03,351 - base_minigpt_encoder - INFO - [Epoch 29/300][Batch 4181/9303] BatchTime = 0.592 (s) DataTime = 0.001 (s) Losses = ['0.7695', '0.0133'] lr = 0.000098
2026-05-28 11:35:15,014 - base_minigpt_encoder - INFO - [Epoch 29/300][Batch 4201/9303] BatchTime = 0.590 (s) DataTime = 0.001 (s) Losses = ['0.8089', '0.0276'] lr = 0.000098
2026-05-28 11:35:26,694 - base_minigpt_encoder - INFO - [Epoch 29/300][Batch 4221/9303] BatchTime = 0.590 (s) DataTime = 0.002 (s) Losses = ['0.8250', '0.0131'] lr = 0.000098
2026-05-28 11:35:38,403 - base_minigpt_encoder - INFO - [Epoch 29/300][Batch 4241/9303] BatchTime = 0.582 (s) DataTime = 0.001 (s) Losses = ['0.7810', '0.0107'] lr = 0.000098
2026-05-28 11:35:50,064 - base_minigpt_encoder - INFO - [Epoch 29/300][Batch 4261/9303] BatchTime = 0.582 (s) DataTime = 0.002 (s) Losses = ['0.8598', '0.0274'] lr = 0.000098
2026-05-28 11:36:01,740 - base_minigpt_encoder - INFO - [Epoch 29/300][Batch 4281/9303] BatchTime = 0.580 (s) DataTime = 0.001 (s) Losses = ['0.8027', '0.0121'] lr = 0.000098
2026-05-28 11:36:13,388 - base_minigpt_encoder - INFO - [Epoch 29/300][Batch 4301/9303] BatchTime = 0.589 (s) DataTime = 0.001 (s) Losses = ['0.9176', '0.0071'] lr = 0.000098
2026-05-28 11:36:25,048 - base_minigpt_encoder - INFO - [Epoch 29/300][Batch 4321/9303] BatchTime = 0.581 (s) DataTime = 0.002 (s) Losses = ['0.7589', '0.0239'] lr = 0.000098
2026-05-28 11:36:36,714 - base_minigpt_encoder - INFO - [Epoch 29/300][Batch 4341/9303] BatchTime = 0.589 (s) DataTime = 0.001 (s) Losses = ['0.8015', '0.0189'] lr = 0.000098
2026-05-28 11:36:48,412 - base_minigpt_encoder - INFO - [Epoch 29/300][Batch 4361/9303] BatchTime = 0.592 (s) DataTime = 0.001 (s) Losses = ['0.7357', '0.0070'] lr = 0.000098
2026-05-28 11:37:00,137 - base_minigpt_encoder - INFO - [Epoch 29/300][Batch 4381/9303] BatchTime = 0.582 (s) DataTime = 0.002 (s) Losses = ['0.7137', '0.0189'] lr = 0.000098
2026-05-28 11:37:11,904 - base_minigpt_encoder - INFO - [Epoch 29/300][Batch 4401/9303] BatchTime = 0.581 (s) DataTime = 0.002 (s) Losses = ['0.9762', '0.0178'] lr = 0.000098
2026-05-28 11:37:23,582 - base_minigpt_encoder - INFO - [Epoch 29/300][Batch 4421/9303] BatchTime = 0.584 (s) DataTime = 0.001 (s) Losses = ['0.7779', '0.0079'] lr = 0.000098
2026-05-28 11:37:35,278 - base_minigpt_encoder - INFO - [Epoch 29/300][Batch 4441/9303] BatchTime = 0.580 (s) DataTime = 0.001 (s) Losses = ['0.7971', '0.0198'] lr = 0.000098
2026-05-28 11:37:46,993 - base_minigpt_encoder - INFO - [Epoch 29/300][Batch 4461/9303] BatchTime = 0.579 (s) DataTime = 0.002 (s) Losses = ['0.7240', '0.0234'] lr = 0.000098
2026-05-28 11:37:58,641 - base_minigpt_encoder - INFO - [Epoch 29/300][Batch 4481/9303] BatchTime = 0.590 (s) DataTime = 0.002 (s) Losses = ['0.6731', '0.0067'] lr = 0.000098
2026-05-28 11:38:10,315 - base_minigpt_encoder - INFO - [Epoch 29/300][Batch 4501/9303] BatchTime = 0.590 (s) DataTime = 0.001 (s) Losses = ['0.8163', '0.0121'] lr = 0.000098
2026-05-28 11:38:21,992 - base_minigpt_encoder - INFO - [Epoch 29/300][Batch 4521/9303] BatchTime = 0.579 (s) DataTime = 0.001 (s) Losses = ['0.7853', '0.0249'] lr = 0.000098
2026-05-28 11:38:33,665 - base_minigpt_encoder - INFO - [Epoch 29/300][Batch 4541/9303] BatchTime = 0.583 (s) DataTime = 0.001 (s) Losses = ['0.7294', '0.0109'] lr = 0.000098
2026-05-28 11:38:45,365 - base_minigpt_encoder - INFO - [Epoch 29/300][Batch 4561/9303] BatchTime = 0.586 (s) DataTime = 0.001 (s) Losses = ['0.7930', '0.0131'] lr = 0.000098
2026-05-28 11:38:57,059 - base_minigpt_encoder - INFO - [Epoch 29/300][Batch 4581/9303] BatchTime = 0.582 (s) DataTime = 0.001 (s) Losses = ['0.7879', '0.0253'] lr = 0.000098
2026-05-28 11:39:08,744 - base_minigpt_encoder - INFO - [Epoch 29/300][Batch 4601/9303] BatchTime = 0.580 (s) DataTime = 0.001 (s) Losses = ['0.7483', '0.0118'] lr = 0.000098
2026-05-28 11:39:20,428 - base_minigpt_encoder - INFO - [Epoch 29/300][Batch 4621/9303] BatchTime = 0.581 (s) DataTime = 0.002 (s) Losses = ['0.8178', '0.0057'] lr = 0.000098
2026-05-28 11:39:32,135 - base_minigpt_encoder - INFO - [Epoch 29/300][Batch 4641/9303] BatchTime = 0.583 (s) DataTime = 0.001 (s) Losses = ['0.8072', '0.0250'] lr = 0.000098
2026-05-28 11:39:43,798 - base_minigpt_encoder - INFO - [Epoch 29/300][Batch 4661/9303] BatchTime = 0.573 (s) DataTime = 0.002 (s) Losses = ['0.8652', '0.0220'] lr = 0.000098
2026-05-28 11:39:55,474 - base_minigpt_encoder - INFO - [Epoch 29/300][Batch 4681/9303] BatchTime = 0.581 (s) DataTime = 0.001 (s) Losses = ['0.8412', '0.0060'] lr = 0.000098
2026-05-28 11:40:07,125 - base_minigpt_encoder - INFO - [Epoch 29/300][Batch 4701/9303] BatchTime = 0.582 (s) DataTime = 0.002 (s) Losses = ['0.6476', '0.0155'] lr = 0.000098
2026-05-28 11:40:18,771 - base_minigpt_encoder - INFO - [Epoch 29/300][Batch 4721/9303] BatchTime = 0.578 (s) DataTime = 0.001 (s) Losses = ['0.7379', '0.0208'] lr = 0.000098
2026-05-28 11:40:30,401 - base_minigpt_encoder - INFO - [Epoch 29/300][Batch 4741/9303] BatchTime = 0.583 (s) DataTime = 0.002 (s) Losses = ['0.7331', '0.0090'] lr = 0.000098
2026-05-28 11:40:42,091 - base_minigpt_encoder - INFO - [Epoch 29/300][Batch 4761/9303] BatchTime = 0.586 (s) DataTime = 0.002 (s) Losses = ['0.7740', '0.0152'] lr = 0.000098
2026-05-28 11:40:53,830 - base_minigpt_encoder - INFO - [Epoch 29/300][Batch 4781/9303] BatchTime = 0.580 (s) DataTime = 0.002 (s) Losses = ['0.8094', '0.0262'] lr = 0.000098
2026-05-28 11:41:05,536 - base_minigpt_encoder - INFO - [Epoch 29/300][Batch 4801/9303] BatchTime = 0.579 (s) DataTime = 0.001 (s) Losses = ['0.6853', '0.0085'] lr = 0.000098
2026-05-28 11:41:17,209 - base_minigpt_encoder - INFO - [Epoch 29/300][Batch 4821/9303] BatchTime = 0.581 (s) DataTime = 0.001 (s) Losses = ['0.7215', '0.0079'] lr = 0.000098
2026-05-28 11:41:28,922 - base_minigpt_encoder - INFO - [Epoch 29/300][Batch 4841/9303] BatchTime = 0.584 (s) DataTime = 0.002 (s) Losses = ['0.7311', '0.0217'] lr = 0.000098
2026-05-28 11:41:40,570 - base_minigpt_encoder - INFO - [Epoch 29/300][Batch 4861/9303] BatchTime = 0.582 (s) DataTime = 0.002 (s) Losses = ['0.7676', '0.0156'] lr = 0.000098
2026-05-28 11:41:52,274 - base_minigpt_encoder - INFO - [Epoch 29/300][Batch 4881/9303] BatchTime = 0.577 (s) DataTime = 0.001 (s) Losses = ['0.8181', '0.0088'] lr = 0.000098
2026-05-28 11:42:03,963 - base_minigpt_encoder - INFO - [Epoch 29/300][Batch 4901/9303] BatchTime = 0.582 (s) DataTime = 0.001 (s) Losses = ['0.8163', '0.0215'] lr = 0.000098
2026-05-28 11:42:15,613 - base_minigpt_encoder - INFO - [Epoch 29/300][Batch 4921/9303] BatchTime = 0.579 (s) DataTime = 0.001 (s) Losses = ['0.7818', '0.0151'] lr = 0.000098
2026-05-28 11:42:27,270 - base_minigpt_encoder - INFO - [Epoch 29/300][Batch 4941/9303] BatchTime = 0.581 (s) DataTime = 0.002 (s) Losses = ['0.8069', '0.0061'] lr = 0.000098
2026-05-28 11:42:38,963 - base_minigpt_encoder - INFO - [Epoch 29/300][Batch 4961/9303] BatchTime = 0.580 (s) DataTime = 0.002 (s) Losses = ['0.7735', '0.0230'] lr = 0.000098
2026-05-28 11:42:50,671 - base_minigpt_encoder - INFO - [Epoch 29/300][Batch 4981/9303] BatchTime = 0.583 (s) DataTime = 0.001 (s) Losses = ['0.7911', '0.0219'] lr = 0.000098
2026-05-28 11:43:02,339 - base_minigpt_encoder - INFO - [Epoch 29/300][Batch 5001/9303] BatchTime = 0.583 (s) DataTime = 0.001 (s) Losses = ['0.7963', '0.0055'] lr = 0.000098
2026-05-28 11:43:14,003 - base_minigpt_encoder - INFO - [Epoch 29/300][Batch 5021/9303] BatchTime = 0.583 (s) DataTime = 0.001 (s) Losses = ['0.8046', '0.0152'] lr = 0.000098
2026-05-28 11:43:25,710 - base_minigpt_encoder - INFO - [Epoch 29/300][Batch 5041/9303] BatchTime = 0.592 (s) DataTime = 0.001 (s) Losses = ['0.8427', '0.0264'] lr = 0.000098
2026-05-28 11:43:37,401 - base_minigpt_encoder - INFO - [Epoch 29/300][Batch 5061/9303] BatchTime = 0.602 (s) DataTime = 0.001 (s) Losses = ['0.7720', '0.0083'] lr = 0.000098
2026-05-28 11:43:49,064 - base_minigpt_encoder - INFO - [Epoch 29/300][Batch 5081/9303] BatchTime = 0.579 (s) DataTime = 0.001 (s) Losses = ['0.8552', '0.0135'] lr = 0.000098
2026-05-28 11:44:00,730 - base_minigpt_encoder - INFO - [Epoch 29/300][Batch 5101/9303] BatchTime = 0.580 (s) DataTime = 0.001 (s) Losses = ['0.8637', '0.0270'] lr = 0.000098
2026-05-28 11:44:12,424 - base_minigpt_encoder - INFO - [Epoch 29/300][Batch 5121/9303] BatchTime = 0.591 (s) DataTime = 0.001 (s) Losses = ['0.7116', '0.0114'] lr = 0.000098
2026-05-28 11:44:24,094 - base_minigpt_encoder - INFO - [Epoch 29/300][Batch 5141/9303] BatchTime = 0.588 (s) DataTime = 0.002 (s) Losses = ['0.8181', '0.0048'] lr = 0.000098
2026-05-28 11:44:35,736 - base_minigpt_encoder - INFO - [Epoch 29/300][Batch 5161/9303] BatchTime = 0.582 (s) DataTime = 0.001 (s) Losses = ['0.7520', '0.0241'] lr = 0.000098
2026-05-28 11:44:47,406 - base_minigpt_encoder - INFO - [Epoch 29/300][Batch 5181/9303] BatchTime = 0.579 (s) DataTime = 0.002 (s) Losses = ['0.8263', '0.0214'] lr = 0.000098
2026-05-28 11:44:59,099 - base_minigpt_encoder - INFO - [Epoch 29/300][Batch 5201/9303] BatchTime = 0.588 (s) DataTime = 0.002 (s) Losses = ['0.8603', '0.0061'] lr = 0.000098
2026-05-28 11:45:10,787 - base_minigpt_encoder - INFO - [Epoch 29/300][Batch 5221/9303] BatchTime = 0.582 (s) DataTime = 0.002 (s) Losses = ['0.7796', '0.0191'] lr = 0.000098
2026-05-28 11:45:22,474 - base_minigpt_encoder - INFO - [Epoch 29/300][Batch 5241/9303] BatchTime = 0.589 (s) DataTime = 0.001 (s) Losses = ['0.8292', '0.0207'] lr = 0.000098
2026-05-28 11:45:34,156 - base_minigpt_encoder - INFO - [Epoch 29/300][Batch 5261/9303] BatchTime = 0.592 (s) DataTime = 0.001 (s) Losses = ['0.7857', '0.0070'] lr = 0.000098
2026-05-28 11:45:45,820 - base_minigpt_encoder - INFO - [Epoch 29/300][Batch 5281/9303] BatchTime = 0.589 (s) DataTime = 0.001 (s) Losses = ['0.8050', '0.0171'] lr = 0.000098
2026-05-28 11:45:57,461 - base_minigpt_encoder - INFO - [Epoch 29/300][Batch 5301/9303] BatchTime = 0.579 (s) DataTime = 0.001 (s) Losses = ['0.7263', '0.0234'] lr = 0.000098
2026-05-28 11:46:09,138 - base_minigpt_encoder - INFO - [Epoch 29/300][Batch 5321/9303] BatchTime = 0.582 (s) DataTime = 0.001 (s) Losses = ['0.8183', '0.0063'] lr = 0.000098
2026-05-28 11:46:20,795 - base_minigpt_encoder - INFO - [Epoch 29/300][Batch 5341/9303] BatchTime = 0.586 (s) DataTime = 0.002 (s) Losses = ['0.8239', '0.0102'] lr = 0.000098
2026-05-28 11:46:32,448 - base_minigpt_encoder - INFO - [Epoch 29/300][Batch 5361/9303] BatchTime = 0.579 (s) DataTime = 0.001 (s) Losses = ['0.8308', '0.0230'] lr = 0.000098
2026-05-28 11:46:44,108 - base_minigpt_encoder - INFO - [Epoch 29/300][Batch 5381/9303] BatchTime = 0.579 (s) DataTime = 0.001 (s) Losses = ['0.7942', '0.0114'] lr = 0.000098
2026-05-28 11:46:55,778 - base_minigpt_encoder - INFO - [Epoch 29/300][Batch 5401/9303] BatchTime = 0.581 (s) DataTime = 0.001 (s) Losses = ['0.8581', '0.0096'] lr = 0.000098
2026-05-28 11:47:07,447 - base_minigpt_encoder - INFO - [Epoch 29/300][Batch 5421/9303] BatchTime = 0.580 (s) DataTime = 0.002 (s) Losses = ['0.8234', '0.0232'] lr = 0.000098
2026-05-28 11:47:19,125 - base_minigpt_encoder - INFO - [Epoch 29/300][Batch 5441/9303] BatchTime = 0.589 (s) DataTime = 0.001 (s) Losses = ['0.7804', '0.0124'] lr = 0.000098
2026-05-28 11:47:30,776 - base_minigpt_encoder - INFO - [Epoch 29/300][Batch 5461/9303] BatchTime = 0.584 (s) DataTime = 0.001 (s) Losses = ['0.8534', '0.0060'] lr = 0.000098
2026-05-28 11:47:42,463 - base_minigpt_encoder - INFO - [Epoch 29/300][Batch 5481/9303] BatchTime = 0.590 (s) DataTime = 0.001 (s) Losses = ['0.8319', '0.0256'] lr = 0.000098
2026-05-28 11:47:54,114 - base_minigpt_encoder - INFO - [Epoch 29/300][Batch 5501/9303] BatchTime = 0.581 (s) DataTime = 0.001 (s) Losses = ['0.7608', '0.0199'] lr = 0.000098
2026-05-28 11:48:05,786 - base_minigpt_encoder - INFO - [Epoch 29/300][Batch 5521/9303] BatchTime = 0.579 (s) DataTime = 0.001 (s) Losses = ['0.7185', '0.0046'] lr = 0.000098
2026-05-28 11:48:17,445 - base_minigpt_encoder - INFO - [Epoch 29/300][Batch 5541/9303] BatchTime = 0.583 (s) DataTime = 0.001 (s) Losses = ['0.8363', '0.0177'] lr = 0.000098
2026-05-28 11:48:29,102 - base_minigpt_encoder - INFO - [Epoch 29/300][Batch 5561/9303] BatchTime = 0.578 (s) DataTime = 0.001 (s) Losses = ['0.8598', '0.0239'] lr = 0.000098
2026-05-28 11:48:40,774 - base_minigpt_encoder - INFO - [Epoch 29/300][Batch 5581/9303] BatchTime = 0.581 (s) DataTime = 0.002 (s) Losses = ['0.7404', '0.0048'] lr = 0.000098
2026-05-28 11:48:52,456 - base_minigpt_encoder - INFO - [Epoch 29/300][Batch 5601/9303] BatchTime = 0.581 (s) DataTime = 0.002 (s) Losses = ['0.8274', '0.0201'] lr = 0.000098
2026-05-28 11:49:04,118 - base_minigpt_encoder - INFO - [Epoch 29/300][Batch 5621/9303] BatchTime = 0.581 (s) DataTime = 0.001 (s) Losses = ['0.7590', '0.0299'] lr = 0.000098
2026-05-28 11:49:15,771 - base_minigpt_encoder - INFO - [Epoch 29/300][Batch 5641/9303] BatchTime = 0.582 (s) DataTime = 0.001 (s) Losses = ['0.7549', '0.0073'] lr = 0.000098
2026-05-28 11:49:27,503 - base_minigpt_encoder - INFO - [Epoch 29/300][Batch 5661/9303] BatchTime = 0.581 (s) DataTime = 0.001 (s) Losses = ['0.7326', '0.0073'] lr = 0.000098
2026-05-28 11:49:39,177 - base_minigpt_encoder - INFO - [Epoch 29/300][Batch 5681/9303] BatchTime = 0.583 (s) DataTime = 0.001 (s) Losses = ['0.7187', '0.0332'] lr = 0.000098
2026-05-28 11:49:50,828 - base_minigpt_encoder - INFO - [Epoch 29/300][Batch 5701/9303] BatchTime = 0.581 (s) DataTime = 0.001 (s) Losses = ['0.8237', '0.0183'] lr = 0.000098
2026-05-28 11:50:02,475 - base_minigpt_encoder - INFO - [Epoch 29/300][Batch 5721/9303] BatchTime = 0.580 (s) DataTime = 0.001 (s) Losses = ['0.7288', '0.0082'] lr = 0.000098
2026-05-28 11:50:14,160 - base_minigpt_encoder - INFO - [Epoch 29/300][Batch 5741/9303] BatchTime = 0.579 (s) DataTime = 0.002 (s) Losses = ['0.8305', '0.0287'] lr = 0.000098
2026-05-28 11:50:25,803 - base_minigpt_encoder - INFO - [Epoch 29/300][Batch 5761/9303] BatchTime = 0.577 (s) DataTime = 0.001 (s) Losses = ['0.6949', '0.0176'] lr = 0.000098
2026-05-28 11:50:37,503 - base_minigpt_encoder - INFO - [Epoch 29/300][Batch 5781/9303] BatchTime = 0.580 (s) DataTime = 0.001 (s) Losses = ['0.7847', '0.0055'] lr = 0.000098
2026-05-28 11:50:49,157 - base_minigpt_encoder - INFO - [Epoch 29/300][Batch 5801/9303] BatchTime = 0.581 (s) DataTime = 0.001 (s) Losses = ['0.8465', '0.0261'] lr = 0.000098
2026-05-28 11:51:00,836 - base_minigpt_encoder - INFO - [Epoch 29/300][Batch 5821/9303] BatchTime = 0.581 (s) DataTime = 0.001 (s) Losses = ['0.8529', '0.0300'] lr = 0.000098
2026-05-28 11:51:12,539 - base_minigpt_encoder - INFO - [Epoch 29/300][Batch 5841/9303] BatchTime = 0.579 (s) DataTime = 0.001 (s) Losses = ['0.7555', '0.0054'] lr = 0.000098
2026-05-28 11:51:24,194 - base_minigpt_encoder - INFO - [Epoch 29/300][Batch 5861/9303] BatchTime = 0.582 (s) DataTime = 0.001 (s) Losses = ['0.7600', '0.0179'] lr = 0.000098
2026-05-28 11:51:35,854 - base_minigpt_encoder - INFO - [Epoch 29/300][Batch 5881/9303] BatchTime = 0.577 (s) DataTime = 0.001 (s) Losses = ['0.7997', '0.0294'] lr = 0.000098
2026-05-28 11:51:47,557 - base_minigpt_encoder - INFO - [Epoch 29/300][Batch 5901/9303] BatchTime = 0.583 (s) DataTime = 0.002 (s) Losses = ['0.7599', '0.0101'] lr = 0.000098
2026-05-28 11:51:59,299 - base_minigpt_encoder - INFO - [Epoch 29/300][Batch 5921/9303] BatchTime = 0.579 (s) DataTime = 0.001 (s) Losses = ['0.7476', '0.0150'] lr = 0.000098
2026-05-28 11:52:11,029 - base_minigpt_encoder - INFO - [Epoch 29/300][Batch 5941/9303] BatchTime = 0.587 (s) DataTime = 0.001 (s) Losses = ['0.8428', '0.0329'] lr = 0.000098
2026-05-28 11:52:22,753 - base_minigpt_encoder - INFO - [Epoch 29/300][Batch 5961/9303] BatchTime = 0.582 (s) DataTime = 0.001 (s) Losses = ['0.8611', '0.0104'] lr = 0.000098
2026-05-28 11:52:34,381 - base_minigpt_encoder - INFO - [Epoch 29/300][Batch 5981/9303] BatchTime = 0.579 (s) DataTime = 0.002 (s) Losses = ['0.7943', '0.0073'] lr = 0.000098
2026-05-28 11:52:46,081 - base_minigpt_encoder - INFO - [Epoch 29/300][Batch 6001/9303] BatchTime = 0.578 (s) DataTime = 0.002 (s) Losses = ['0.8969', '0.0334'] lr = 0.000098
2026-05-28 11:52:57,767 - base_minigpt_encoder - INFO - [Epoch 29/300][Batch 6021/9303] BatchTime = 0.581 (s) DataTime = 0.001 (s) Losses = ['0.8177', '0.0238'] lr = 0.000098
2026-05-28 11:53:09,445 - base_minigpt_encoder - INFO - [Epoch 29/300][Batch 6041/9303] BatchTime = 0.580 (s) DataTime = 0.001 (s) Losses = ['0.9009', '0.0044'] lr = 0.000098
2026-05-28 11:53:21,149 - base_minigpt_encoder - INFO - [Epoch 29/300][Batch 6061/9303] BatchTime = 0.581 (s) DataTime = 0.002 (s) Losses = ['0.8126', '0.0213'] lr = 0.000098
2026-05-28 11:53:32,845 - base_minigpt_encoder - INFO - [Epoch 29/300][Batch 6081/9303] BatchTime = 0.582 (s) DataTime = 0.001 (s) Losses = ['0.7663', '0.0247'] lr = 0.000098
2026-05-28 11:53:44,499 - base_minigpt_encoder - INFO - [Epoch 29/300][Batch 6101/9303] BatchTime = 0.583 (s) DataTime = 0.002 (s) Losses = ['0.7849', '0.0045'] lr = 0.000098
2026-05-28 11:53:56,175 - base_minigpt_encoder - INFO - [Epoch 29/300][Batch 6121/9303] BatchTime = 0.578 (s) DataTime = 0.002 (s) Losses = ['0.7724', '0.0197'] lr = 0.000098
2026-05-28 11:54:07,829 - base_minigpt_encoder - INFO - [Epoch 29/300][Batch 6141/9303] BatchTime = 0.583 (s) DataTime = 0.002 (s) Losses = ['0.7854', '0.0314'] lr = 0.000098
2026-05-28 11:54:19,489 - base_minigpt_encoder - INFO - [Epoch 29/300][Batch 6161/9303] BatchTime = 0.579 (s) DataTime = 0.001 (s) Losses = ['0.8073', '0.0079'] lr = 0.000098
2026-05-28 11:54:31,164 - base_minigpt_encoder - INFO - [Epoch 29/300][Batch 6181/9303] BatchTime = 0.581 (s) DataTime = 0.002 (s) Losses = ['0.8640', '0.0061'] lr = 0.000098
2026-05-28 11:54:42,836 - base_minigpt_encoder - INFO - [Epoch 29/300][Batch 6201/9303] BatchTime = 0.578 (s) DataTime = 0.001 (s) Losses = ['0.6973', '0.0287'] lr = 0.000098
2026-05-28 11:54:54,513 - base_minigpt_encoder - INFO - [Epoch 29/300][Batch 6221/9303] BatchTime = 0.581 (s) DataTime = 0.001 (s) Losses = ['0.7865', '0.0185'] lr = 0.000098
2026-05-28 11:55:06,216 - base_minigpt_encoder - INFO - [Epoch 29/300][Batch 6241/9303] BatchTime = 0.584 (s) DataTime = 0.001 (s) Losses = ['0.7967', '0.0077'] lr = 0.000098
2026-05-28 11:55:17,886 - base_minigpt_encoder - INFO - [Epoch 29/300][Batch 6261/9303] BatchTime = 0.582 (s) DataTime = 0.001 (s) Losses = ['0.8139', '0.0218'] lr = 0.000098
2026-05-28 11:55:29,549 - base_minigpt_encoder - INFO - [Epoch 29/300][Batch 6281/9303] BatchTime = 0.581 (s) DataTime = 0.002 (s) Losses = ['0.7629', '0.0190'] lr = 0.000098
2026-05-28 11:55:41,188 - base_minigpt_encoder - INFO - [Epoch 29/300][Batch 6301/9303] BatchTime = 0.588 (s) DataTime = 0.002 (s) Losses = ['0.7272', '0.0063'] lr = 0.000098
2026-05-28 11:55:52,850 - base_minigpt_encoder - INFO - [Epoch 29/300][Batch 6321/9303] BatchTime = 0.587 (s) DataTime = 0.001 (s) Losses = ['0.8029', '0.0201'] lr = 0.000098
2026-05-28 11:56:04,536 - base_minigpt_encoder - INFO - [Epoch 29/300][Batch 6341/9303] BatchTime = 0.579 (s) DataTime = 0.001 (s) Losses = ['0.8216', '0.0264'] lr = 0.000098
2026-05-28 11:56:16,190 - base_minigpt_encoder - INFO - [Epoch 29/300][Batch 6361/9303] BatchTime = 0.579 (s) DataTime = 0.001 (s) Losses = ['0.8612', '0.0067'] lr = 0.000098
2026-05-28 11:56:27,871 - base_minigpt_encoder - INFO - [Epoch 29/300][Batch 6381/9303] BatchTime = 0.588 (s) DataTime = 0.002 (s) Losses = ['0.7638', '0.0126'] lr = 0.000098
2026-05-28 11:56:39,554 - base_minigpt_encoder - INFO - [Epoch 29/300][Batch 6401/9303] BatchTime = 0.581 (s) DataTime = 0.001 (s) Losses = ['0.7834', '0.0241'] lr = 0.000098
2026-05-28 11:56:51,209 - base_minigpt_encoder - INFO - [Epoch 29/300][Batch 6421/9303] BatchTime = 0.589 (s) DataTime = 0.002 (s) Losses = ['0.8169', '0.0123'] lr = 0.000098
2026-05-28 11:57:02,870 - base_minigpt_encoder - INFO - [Epoch 29/300][Batch 6441/9303] BatchTime = 0.586 (s) DataTime = 0.002 (s) Losses = ['0.8588', '0.0118'] lr = 0.000098
2026-05-28 11:57:14,502 - base_minigpt_encoder - INFO - [Epoch 29/300][Batch 6461/9303] BatchTime = 0.580 (s) DataTime = 0.002 (s) Losses = ['0.8844', '0.0314'] lr = 0.000098
2026-05-28 11:57:26,167 - base_minigpt_encoder - INFO - [Epoch 29/300][Batch 6481/9303] BatchTime = 0.587 (s) DataTime = 0.001 (s) Losses = ['0.8253', '0.0116'] lr = 0.000098
2026-05-28 11:57:37,856 - base_minigpt_encoder - INFO - [Epoch 29/300][Batch 6501/9303] BatchTime = 0.578 (s) DataTime = 0.002 (s) Losses = ['0.7706', '0.0057'] lr = 0.000098
2026-05-28 11:57:49,547 - base_minigpt_encoder - INFO - [Epoch 29/300][Batch 6521/9303] BatchTime = 0.585 (s) DataTime = 0.002 (s) Losses = ['0.6909', '0.0286'] lr = 0.000098
2026-05-28 11:58:01,257 - base_minigpt_encoder - INFO - [Epoch 29/300][Batch 6541/9303] BatchTime = 0.576 (s) DataTime = 0.001 (s) Losses = ['0.6867', '0.0226'] lr = 0.000098
2026-05-28 11:58:12,941 - base_minigpt_encoder - INFO - [Epoch 29/300][Batch 6561/9303] BatchTime = 0.577 (s) DataTime = 0.001 (s) Losses = ['0.8558', '0.0051'] lr = 0.000098
2026-05-28 11:58:24,629 - base_minigpt_encoder - INFO - [Epoch 29/300][Batch 6581/9303] BatchTime = 0.579 (s) DataTime = 0.001 (s) Losses = ['0.7370', '0.0186'] lr = 0.000098
2026-05-28 11:58:36,282 - base_minigpt_encoder - INFO - [Epoch 29/300][Batch 6601/9303] BatchTime = 0.580 (s) DataTime = 0.001 (s) Losses = ['0.7410', '0.0282'] lr = 0.000098
2026-05-28 11:58:47,949 - base_minigpt_encoder - INFO - [Epoch 29/300][Batch 6621/9303] BatchTime = 0.587 (s) DataTime = 0.001 (s) Losses = ['0.7727', '0.0080'] lr = 0.000098
2026-05-28 11:58:59,611 - base_minigpt_encoder - INFO - [Epoch 29/300][Batch 6641/9303] BatchTime = 0.583 (s) DataTime = 0.002 (s) Losses = ['0.7360', '0.0174'] lr = 0.000098
2026-05-28 11:59:11,265 - base_minigpt_encoder - INFO - [Epoch 29/300][Batch 6661/9303] BatchTime = 0.583 (s) DataTime = 0.002 (s) Losses = ['0.7322', '0.0298'] lr = 0.000098
2026-05-28 11:59:22,947 - base_minigpt_encoder - INFO - [Epoch 29/300][Batch 6681/9303] BatchTime = 0.587 (s) DataTime = 0.002 (s) Losses = ['0.8428', '0.0128'] lr = 0.000098
2026-05-28 11:59:34,605 - base_minigpt_encoder - INFO - [Epoch 29/300][Batch 6701/9303] BatchTime = 0.580 (s) DataTime = 0.001 (s) Losses = ['0.8079', '0.0071'] lr = 0.000098
2026-05-28 11:59:46,275 - base_minigpt_encoder - INFO - [Epoch 29/300][Batch 6721/9303] BatchTime = 0.582 (s) DataTime = 0.002 (s) Losses = ['0.6592', '0.0290'] lr = 0.000098
2026-05-28 11:59:57,930 - base_minigpt_encoder - INFO - [Epoch 29/300][Batch 6741/9303] BatchTime = 0.577 (s) DataTime = 0.002 (s) Losses = ['0.7227', '0.0219'] lr = 0.000098
2026-05-28 12:00:09,609 - base_minigpt_encoder - INFO - [Epoch 29/300][Batch 6761/9303] BatchTime = 0.578 (s) DataTime = 0.002 (s) Losses = ['0.7322', '0.0061'] lr = 0.000098
2026-05-28 12:00:21,266 - base_minigpt_encoder - INFO - [Epoch 29/300][Batch 6781/9303] BatchTime = 0.579 (s) DataTime = 0.001 (s) Losses = ['0.7717', '0.0217'] lr = 0.000098
2026-05-28 12:00:32,921 - base_minigpt_encoder - INFO - [Epoch 29/300][Batch 6801/9303] BatchTime = 0.580 (s) DataTime = 0.001 (s) Losses = ['0.8355', '0.0252'] lr = 0.000098
2026-05-28 12:00:44,570 - base_minigpt_encoder - INFO - [Epoch 29/300][Batch 6821/9303] BatchTime = 0.582 (s) DataTime = 0.001 (s) Losses = ['0.8537', '0.0091'] lr = 0.000098
2026-05-28 12:00:56,271 - base_minigpt_encoder - INFO - [Epoch 29/300][Batch 6841/9303] BatchTime = 0.579 (s) DataTime = 0.001 (s) Losses = ['0.7914', '0.0175'] lr = 0.000098
2026-05-28 12:01:07,942 - base_minigpt_encoder - INFO - [Epoch 29/300][Batch 6861/9303] BatchTime = 0.580 (s) DataTime = 0.001 (s) Losses = ['0.8178', '0.0263'] lr = 0.000098
2026-05-28 12:01:19,611 - base_minigpt_encoder - INFO - [Epoch 29/300][Batch 6881/9303] BatchTime = 0.579 (s) DataTime = 0.002 (s) Losses = ['0.7100', '0.0085'] lr = 0.000098
2026-05-28 12:01:31,276 - base_minigpt_encoder - INFO - [Epoch 29/300][Batch 6901/9303] BatchTime = 0.581 (s) DataTime = 0.001 (s) Losses = ['0.7226', '0.0085'] lr = 0.000098
2026-05-28 12:01:42,951 - base_minigpt_encoder - INFO - [Epoch 29/300][Batch 6921/9303] BatchTime = 0.578 (s) DataTime = 0.002 (s) Losses = ['0.7589', '0.0254'] lr = 0.000098
2026-05-28 12:01:54,617 - base_minigpt_encoder - INFO - [Epoch 29/300][Batch 6941/9303] BatchTime = 0.580 (s) DataTime = 0.001 (s) Losses = ['0.8376', '0.0220'] lr = 0.000098
2026-05-28 12:02:06,339 - base_minigpt_encoder - INFO - [Epoch 29/300][Batch 6961/9303] BatchTime = 0.580 (s) DataTime = 0.001 (s) Losses = ['0.7346', '0.0062'] lr = 0.000098
2026-05-28 12:02:17,985 - base_minigpt_encoder - INFO - [Epoch 29/300][Batch 6981/9303] BatchTime = 0.583 (s) DataTime = 0.001 (s) Losses = ['0.6871', '0.0210'] lr = 0.000098
2026-05-28 12:02:29,671 - base_minigpt_encoder - INFO - [Epoch 29/300][Batch 7001/9303] BatchTime = 0.593 (s) DataTime = 0.001 (s) Losses = ['0.8133', '0.0215'] lr = 0.000098
2026-05-28 12:02:41,383 - base_minigpt_encoder - INFO - [Epoch 29/300][Batch 7021/9303] BatchTime = 0.586 (s) DataTime = 0.001 (s) Losses = ['0.7958', '0.0056'] lr = 0.000098
2026-05-28 12:02:53,068 - base_minigpt_encoder - INFO - [Epoch 29/300][Batch 7041/9303] BatchTime = 0.590 (s) DataTime = 0.001 (s) Losses = ['0.9156', '0.0236'] lr = 0.000098
2026-05-28 12:03:04,737 - base_minigpt_encoder - INFO - [Epoch 29/300][Batch 7061/9303] BatchTime = 0.581 (s) DataTime = 0.002 (s) Losses = ['0.7936', '0.0286'] lr = 0.000098
2026-05-28 12:03:16,393 - base_minigpt_encoder - INFO - [Epoch 29/300][Batch 7081/9303] BatchTime = 0.577 (s) DataTime = 0.001 (s) Losses = ['0.7652', '0.0063'] lr = 0.000098
2026-05-28 12:03:28,105 - base_minigpt_encoder - INFO - [Epoch 29/300][Batch 7101/9303] BatchTime = 0.595 (s) DataTime = 0.002 (s) Losses = ['0.8084', '0.0094'] lr = 0.000098
2026-05-28 12:03:39,756 - base_minigpt_encoder - INFO - [Epoch 29/300][Batch 7121/9303] BatchTime = 0.578 (s) DataTime = 0.001 (s) Losses = ['0.8552', '0.0297'] lr = 0.000098
2026-05-28 12:03:51,458 - base_minigpt_encoder - INFO - [Epoch 29/300][Batch 7141/9303] BatchTime = 0.581 (s) DataTime = 0.001 (s) Losses = ['0.6872', '0.0164'] lr = 0.000098
2026-05-28 12:04:03,144 - base_minigpt_encoder - INFO - [Epoch 29/300][Batch 7161/9303] BatchTime = 0.601 (s) DataTime = 0.002 (s) Losses = ['0.7588', '0.0074'] lr = 0.000098
2026-05-28 12:04:14,808 - base_minigpt_encoder - INFO - [Epoch 29/300][Batch 7181/9303] BatchTime = 0.583 (s) DataTime = 0.002 (s) Losses = ['0.8378', '0.0233'] lr = 0.000098
2026-05-28 12:04:26,482 - base_minigpt_encoder - INFO - [Epoch 29/300][Batch 7201/9303] BatchTime = 0.587 (s) DataTime = 0.002 (s) Losses = ['0.8345', '0.0213'] lr = 0.000098
2026-05-28 12:04:38,169 - base_minigpt_encoder - INFO - [Epoch 29/300][Batch 7221/9303] BatchTime = 0.598 (s) DataTime = 0.001 (s) Losses = ['0.8228', '0.0067'] lr = 0.000098
2026-05-28 12:04:49,807 - base_minigpt_encoder - INFO - [Epoch 29/300][Batch 7241/9303] BatchTime = 0.579 (s) DataTime = 0.002 (s) Losses = ['0.7473', '0.0212'] lr = 0.000098
2026-05-28 12:05:01,497 - base_minigpt_encoder - INFO - [Epoch 29/300][Batch 7261/9303] BatchTime = 0.586 (s) DataTime = 0.001 (s) Losses = ['0.7849', '0.0270'] lr = 0.000098
2026-05-28 12:05:13,158 - base_minigpt_encoder - INFO - [Epoch 29/300][Batch 7281/9303] BatchTime = 0.582 (s) DataTime = 0.001 (s) Losses = ['0.8467', '0.0079'] lr = 0.000098
2026-05-28 12:05:24,858 - base_minigpt_encoder - INFO - [Epoch 29/300][Batch 7301/9303] BatchTime = 0.599 (s) DataTime = 0.001 (s) Losses = ['0.6943', '0.0126'] lr = 0.000098
2026-05-28 12:05:36,536 - base_minigpt_encoder - INFO - [Epoch 29/300][Batch 7321/9303] BatchTime = 0.590 (s) DataTime = 0.002 (s) Losses = ['0.8181', '0.0270'] lr = 0.000098
2026-05-28 12:05:48,215 - base_minigpt_encoder - INFO - [Epoch 29/300][Batch 7341/9303] BatchTime = 0.593 (s) DataTime = 0.001 (s) Losses = ['0.7652', '0.0124'] lr = 0.000098
2026-05-28 12:05:59,913 - base_minigpt_encoder - INFO - [Epoch 29/300][Batch 7361/9303] BatchTime = 0.582 (s) DataTime = 0.001 (s) Losses = ['0.8120', '0.0110'] lr = 0.000098
2026-05-28 12:06:11,611 - base_minigpt_encoder - INFO - [Epoch 29/300][Batch 7381/9303] BatchTime = 0.579 (s) DataTime = 0.002 (s) Losses = ['0.7592', '0.0247'] lr = 0.000098
2026-05-28 12:06:23,326 - base_minigpt_encoder - INFO - [Epoch 29/300][Batch 7401/9303] BatchTime = 0.581 (s) DataTime = 0.001 (s) Losses = ['0.8478', '0.0134'] lr = 0.000098
2026-05-28 12:06:35,046 - base_minigpt_encoder - INFO - [Epoch 29/300][Batch 7421/9303] BatchTime = 0.579 (s) DataTime = 0.002 (s) Losses = ['0.7825', '0.0064'] lr = 0.000098
2026-05-28 12:06:46,721 - base_minigpt_encoder - INFO - [Epoch 29/300][Batch 7441/9303] BatchTime = 0.577 (s) DataTime = 0.001 (s) Losses = ['0.8304', '0.0265'] lr = 0.000098
2026-05-28 12:06:58,409 - base_minigpt_encoder - INFO - [Epoch 29/300][Batch 7461/9303] BatchTime = 0.582 (s) DataTime = 0.002 (s) Losses = ['0.7098', '0.0224'] lr = 0.000098
2026-05-28 12:07:10,098 - base_minigpt_encoder - INFO - [Epoch 29/300][Batch 7481/9303] BatchTime = 0.583 (s) DataTime = 0.001 (s) Losses = ['0.8210', '0.0054'] lr = 0.000098
2026-05-28 12:07:21,761 - base_minigpt_encoder - INFO - [Epoch 29/300][Batch 7501/9303] BatchTime = 0.579 (s) DataTime = 0.002 (s) Losses = ['0.8024', '0.0176'] lr = 0.000098
2026-05-28 12:07:33,471 - base_minigpt_encoder - INFO - [Epoch 29/300][Batch 7521/9303] BatchTime = 0.589 (s) DataTime = 0.001 (s) Losses = ['0.7658', '0.0268'] lr = 0.000098
2026-05-28 12:07:45,135 - base_minigpt_encoder - INFO - [Epoch 29/300][Batch 7541/9303] BatchTime = 0.580 (s) DataTime = 0.002 (s) Losses = ['0.7606', '0.0091'] lr = 0.000098
2026-05-28 12:07:56,798 - base_minigpt_encoder - INFO - [Epoch 29/300][Batch 7561/9303] BatchTime = 0.585 (s) DataTime = 0.001 (s) Losses = ['0.7217', '0.0150'] lr = 0.000098
2026-05-28 12:08:08,469 - base_minigpt_encoder - INFO - [Epoch 29/300][Batch 7581/9303] BatchTime = 0.580 (s) DataTime = 0.002 (s) Losses = ['0.7359', '0.0283'] lr = 0.000098
2026-05-28 12:08:20,134 - base_minigpt_encoder - INFO - [Epoch 29/300][Batch 7601/9303] BatchTime = 0.581 (s) DataTime = 0.001 (s) Losses = ['0.7243', '0.0133'] lr = 0.000098
2026-05-28 12:08:31,790 - base_minigpt_encoder - INFO - [Epoch 29/300][Batch 7621/9303] BatchTime = 0.584 (s) DataTime = 0.002 (s) Losses = ['0.8449', '0.0049'] lr = 0.000098
2026-05-28 12:08:43,476 - base_minigpt_encoder - INFO - [Epoch 29/300][Batch 7641/9303] BatchTime = 0.583 (s) DataTime = 0.002 (s) Losses = ['0.7043', '0.0262'] lr = 0.000098
2026-05-28 12:08:55,133 - base_minigpt_encoder - INFO - [Epoch 29/300][Batch 7661/9303] BatchTime = 0.583 (s) DataTime = 0.002 (s) Losses = ['0.8280', '0.0258'] lr = 0.000098
2026-05-28 12:09:06,799 - base_minigpt_encoder - INFO - [Epoch 29/300][Batch 7681/9303] BatchTime = 0.580 (s) DataTime = 0.001 (s) Losses = ['0.8550', '0.0056'] lr = 0.000098
2026-05-28 12:09:18,524 - base_minigpt_encoder - INFO - [Epoch 29/300][Batch 7701/9303] BatchTime = 0.599 (s) DataTime = 0.002 (s) Losses = ['0.8706', '0.0186'] lr = 0.000098
2026-05-28 12:09:30,257 - base_minigpt_encoder - INFO - [Epoch 29/300][Batch 7721/9303] BatchTime = 0.580 (s) DataTime = 0.001 (s) Losses = ['0.7478', '0.0259'] lr = 0.000098
2026-05-28 12:09:41,938 - base_minigpt_encoder - INFO - [Epoch 29/300][Batch 7741/9303] BatchTime = 0.580 (s) DataTime = 0.002 (s) Losses = ['0.7908', '0.0101'] lr = 0.000098
2026-05-28 12:09:53,599 - base_minigpt_encoder - INFO - [Epoch 29/300][Batch 7761/9303] BatchTime = 0.581 (s) DataTime = 0.001 (s) Losses = ['0.7915', '0.0145'] lr = 0.000098
2026-05-28 12:10:05,275 - base_minigpt_encoder - INFO - [Epoch 29/300][Batch 7781/9303] BatchTime = 0.578 (s) DataTime = 0.002 (s) Losses = ['0.8185', '0.0289'] lr = 0.000098
2026-05-28 12:10:16,993 - base_minigpt_encoder - INFO - [Epoch 29/300][Batch 7801/9303] BatchTime = 0.578 (s) DataTime = 0.001 (s) Losses = ['0.7424', '0.0123'] lr = 0.000098
2026-05-28 12:10:28,661 - base_minigpt_encoder - INFO - [Epoch 29/300][Batch 7821/9303] BatchTime = 0.583 (s) DataTime = 0.002 (s) Losses = ['0.7653', '0.0081'] lr = 0.000098
2026-05-28 12:10:40,333 - base_minigpt_encoder - INFO - [Epoch 29/300][Batch 7841/9303] BatchTime = 0.579 (s) DataTime = 0.001 (s) Losses = ['0.7289', '0.0279'] lr = 0.000098
2026-05-28 12:10:52,025 - base_minigpt_encoder - INFO - [Epoch 29/300][Batch 7861/9303] BatchTime = 0.581 (s) DataTime = 0.001 (s) Losses = ['0.8016', '0.0233'] lr = 0.000098
2026-05-28 12:11:03,699 - base_minigpt_encoder - INFO - [Epoch 29/300][Batch 7881/9303] BatchTime = 0.579 (s) DataTime = 0.001 (s) Losses = ['0.8168', '0.0069'] lr = 0.000098
2026-05-28 12:11:15,347 - base_minigpt_encoder - INFO - [Epoch 29/300][Batch 7901/9303] BatchTime = 0.582 (s) DataTime = 0.002 (s) Losses = ['0.7329', '0.0179'] lr = 0.000098
2026-05-28 12:11:27,013 - base_minigpt_encoder - INFO - [Epoch 29/300][Batch 7921/9303] BatchTime = 0.582 (s) DataTime = 0.001 (s) Losses = ['0.7476', '0.0269'] lr = 0.000098
2026-05-28 12:11:38,666 - base_minigpt_encoder - INFO - [Epoch 29/300][Batch 7941/9303] BatchTime = 0.582 (s) DataTime = 0.002 (s) Losses = ['0.6681', '0.0084'] lr = 0.000098
2026-05-28 12:11:50,336 - base_minigpt_encoder - INFO - [Epoch 29/300][Batch 7961/9303] BatchTime = 0.581 (s) DataTime = 0.002 (s) Losses = ['0.7522', '0.0192'] lr = 0.000098
2026-05-28 12:12:01,993 - base_minigpt_encoder - INFO - [Epoch 29/300][Batch 7981/9303] BatchTime = 0.580 (s) DataTime = 0.002 (s) Losses = ['0.8699', '0.0319'] lr = 0.000098
2026-05-28 12:12:13,667 - base_minigpt_encoder - INFO - [Epoch 29/300][Batch 8001/9303] BatchTime = 0.593 (s) DataTime = 0.002 (s) Losses = ['0.8096', '0.0108'] lr = 0.000098
2026-05-28 12:12:25,347 - base_minigpt_encoder - INFO - [Epoch 29/300][Batch 8021/9303] BatchTime = 0.583 (s) DataTime = 0.002 (s) Losses = ['0.8259', '0.0063'] lr = 0.000098
2026-05-28 12:12:37,051 - base_minigpt_encoder - INFO - [Epoch 29/300][Batch 8041/9303] BatchTime = 0.582 (s) DataTime = 0.001 (s) Losses = ['0.7140', '0.0317'] lr = 0.000098
2026-05-28 12:12:48,726 - base_minigpt_encoder - INFO - [Epoch 29/300][Batch 8061/9303] BatchTime = 0.584 (s) DataTime = 0.002 (s) Losses = ['0.7878', '0.0227'] lr = 0.000098
2026-05-28 12:13:00,399 - base_minigpt_encoder - INFO - [Epoch 29/300][Batch 8081/9303] BatchTime = 0.578 (s) DataTime = 0.002 (s) Losses = ['0.8417', '0.0052'] lr = 0.000098
2026-05-28 12:13:12,049 - base_minigpt_encoder - INFO - [Epoch 29/300][Batch 8101/9303] BatchTime = 0.581 (s) DataTime = 0.002 (s) Losses = ['0.8367', '0.0247'] lr = 0.000098
2026-05-28 12:13:23,750 - base_minigpt_encoder - INFO - [Epoch 29/300][Batch 8121/9303] BatchTime = 0.580 (s) DataTime = 0.002 (s) Losses = ['0.7949', '0.0268'] lr = 0.000098
2026-05-28 12:13:35,438 - base_minigpt_encoder - INFO - [Epoch 29/300][Batch 8141/9303] BatchTime = 0.581 (s) DataTime = 0.001 (s) Losses = ['0.7148', '0.0079'] lr = 0.000098
2026-05-28 12:13:47,124 - base_minigpt_encoder - INFO - [Epoch 29/300][Batch 8161/9303] BatchTime = 0.579 (s) DataTime = 0.001 (s) Losses = ['0.8074', '0.0149'] lr = 0.000098
2026-05-28 12:13:58,796 - base_minigpt_encoder - INFO - [Epoch 29/300][Batch 8181/9303] BatchTime = 0.579 (s) DataTime = 0.002 (s) Losses = ['0.8820', '0.0325'] lr = 0.000098
2026-05-28 12:14:10,440 - base_minigpt_encoder - INFO - [Epoch 29/300][Batch 8201/9303] BatchTime = 0.580 (s) DataTime = 0.001 (s) Losses = ['0.7700', '0.0114'] lr = 0.000098
2026-05-28 12:14:22,091 - base_minigpt_encoder - INFO - [Epoch 29/300][Batch 8221/9303] BatchTime = 0.590 (s) DataTime = 0.002 (s) Losses = ['0.8070', '0.0060'] lr = 0.000098
2026-05-28 12:14:33,756 - base_minigpt_encoder - INFO - [Epoch 29/300][Batch 8241/9303] BatchTime = 0.589 (s) DataTime = 0.002 (s) Losses = ['0.7854', '0.0283'] lr = 0.000098
2026-05-28 12:14:45,403 - base_minigpt_encoder - INFO - [Epoch 29/300][Batch 8261/9303] BatchTime = 0.581 (s) DataTime = 0.002 (s) Losses = ['0.7304', '0.0219'] lr = 0.000098
2026-05-28 12:14:57,056 - base_minigpt_encoder - INFO - [Epoch 29/300][Batch 8281/9303] BatchTime = 0.577 (s) DataTime = 0.001 (s) Losses = ['0.8315', '0.0046'] lr = 0.000098
2026-05-28 12:15:08,724 - base_minigpt_encoder - INFO - [Epoch 29/300][Batch 8301/9303] BatchTime = 0.583 (s) DataTime = 0.002 (s) Losses = ['0.8731', '0.0199'] lr = 0.000098
2026-05-28 12:15:20,389 - base_minigpt_encoder - INFO - [Epoch 29/300][Batch 8321/9303] BatchTime = 0.584 (s) DataTime = 0.001 (s) Losses = ['0.7667', '0.0269'] lr = 0.000098
2026-05-28 12:15:32,050 - base_minigpt_encoder - INFO - [Epoch 29/300][Batch 8341/9303] BatchTime = 0.579 (s) DataTime = 0.002 (s) Losses = ['0.7728', '0.0083'] lr = 0.000098
2026-05-28 12:15:43,736 - base_minigpt_encoder - INFO - [Epoch 29/300][Batch 8361/9303] BatchTime = 0.582 (s) DataTime = 0.001 (s) Losses = ['0.8160', '0.0179'] lr = 0.000098
2026-05-28 12:15:55,418 - base_minigpt_encoder - INFO - [Epoch 29/300][Batch 8381/9303] BatchTime = 0.587 (s) DataTime = 0.002 (s) Losses = ['0.7975', '0.0283'] lr = 0.000098
2026-05-28 12:16:07,059 - base_minigpt_encoder - INFO - [Epoch 29/300][Batch 8401/9303] BatchTime = 0.579 (s) DataTime = 0.001 (s) Losses = ['0.7784', '0.0131'] lr = 0.000098
2026-05-28 12:16:18,740 - base_minigpt_encoder - INFO - [Epoch 29/300][Batch 8421/9303] BatchTime = 0.581 (s) DataTime = 0.001 (s) Losses = ['0.7323', '0.0082'] lr = 0.000098
2026-05-28 12:16:30,450 - base_minigpt_encoder - INFO - [Epoch 29/300][Batch 8441/9303] BatchTime = 0.578 (s) DataTime = 0.002 (s) Losses = ['0.8467', '0.0316'] lr = 0.000098
2026-05-28 12:16:42,119 - base_minigpt_encoder - INFO - [Epoch 29/300][Batch 8461/9303] BatchTime = 0.585 (s) DataTime = 0.001 (s) Losses = ['0.9086', '0.0214'] lr = 0.000098
2026-05-28 12:16:53,827 - base_minigpt_encoder - INFO - [Epoch 29/300][Batch 8481/9303] BatchTime = 0.592 (s) DataTime = 0.002 (s) Losses = ['0.8251', '0.0074'] lr = 0.000098
2026-05-28 12:17:05,502 - base_minigpt_encoder - INFO - [Epoch 29/300][Batch 8501/9303] BatchTime = 0.580 (s) DataTime = 0.001 (s) Losses = ['0.7072', '0.0241'] lr = 0.000098
2026-05-28 12:17:17,182 - base_minigpt_encoder - INFO - [Epoch 29/300][Batch 8521/9303] BatchTime = 0.588 (s) DataTime = 0.002 (s) Losses = ['0.7452', '0.0236'] lr = 0.000098
2026-05-28 12:17:28,847 - base_minigpt_encoder - INFO - [Epoch 29/300][Batch 8541/9303] BatchTime = 0.581 (s) DataTime = 0.001 (s) Losses = ['0.6972', '0.0069'] lr = 0.000098
2026-05-28 12:17:40,519 - base_minigpt_encoder - INFO - [Epoch 29/300][Batch 8561/9303] BatchTime = 0.578 (s) DataTime = 0.001 (s) Losses = ['0.7709', '0.0205'] lr = 0.000098
2026-05-28 12:17:52,238 - base_minigpt_encoder - INFO - [Epoch 29/300][Batch 8581/9303] BatchTime = 0.581 (s) DataTime = 0.002 (s) Losses = ['0.7432', '0.0314'] lr = 0.000098
2026-05-28 12:18:03,897 - base_minigpt_encoder - INFO - [Epoch 29/300][Batch 8601/9303] BatchTime = 0.579 (s) DataTime = 0.001 (s) Losses = ['0.9200', '0.0098'] lr = 0.000098
2026-05-28 12:18:15,571 - base_minigpt_encoder - INFO - [Epoch 29/300][Batch 8621/9303] BatchTime = 0.592 (s) DataTime = 0.002 (s) Losses = ['0.7954', '0.0091'] lr = 0.000098
2026-05-28 12:18:27,245 - base_minigpt_encoder - INFO - [Epoch 29/300][Batch 8641/9303] BatchTime = 0.580 (s) DataTime = 0.001 (s) Losses = ['0.8196', '0.0300'] lr = 0.000098
2026-05-28 12:18:38,969 - base_minigpt_encoder - INFO - [Epoch 29/300][Batch 8661/9303] BatchTime = 0.583 (s) DataTime = 0.001 (s) Losses = ['0.7609', '0.0229'] lr = 0.000098
2026-05-28 12:18:50,622 - base_minigpt_encoder - INFO - [Epoch 29/300][Batch 8681/9303] BatchTime = 0.579 (s) DataTime = 0.001 (s) Losses = ['0.7748', '0.0065'] lr = 0.000098
2026-05-28 12:19:02,258 - base_minigpt_encoder - INFO - [Epoch 29/300][Batch 8701/9303] BatchTime = 0.579 (s) DataTime = 0.001 (s) Losses = ['0.8160', '0.0229'] lr = 0.000098
2026-05-28 12:19:13,981 - base_minigpt_encoder - INFO - [Epoch 29/300][Batch 8721/9303] BatchTime = 0.580 (s) DataTime = 0.001 (s) Losses = ['0.8718', '0.0271'] lr = 0.000098
2026-05-28 12:19:25,639 - base_minigpt_encoder - INFO - [Epoch 29/300][Batch 8741/9303] BatchTime = 0.579 (s) DataTime = 0.002 (s) Losses = ['0.8170', '0.0082'] lr = 0.000098
2026-05-28 12:19:37,328 - base_minigpt_encoder - INFO - [Epoch 29/300][Batch 8761/9303] BatchTime = 0.579 (s) DataTime = 0.002 (s) Losses = ['0.8127', '0.0220'] lr = 0.000098
2026-05-28 12:19:48,986 - base_minigpt_encoder - INFO - [Epoch 29/300][Batch 8781/9303] BatchTime = 0.581 (s) DataTime = 0.001 (s) Losses = ['0.8724', '0.0327'] lr = 0.000098
2026-05-28 12:20:00,657 - base_minigpt_encoder - INFO - [Epoch 29/300][Batch 8801/9303] BatchTime = 0.583 (s) DataTime = 0.001 (s) Losses = ['0.8344', '0.0116'] lr = 0.000098
2026-05-28 12:20:12,304 - base_minigpt_encoder - INFO - [Epoch 29/300][Batch 8821/9303] BatchTime = 0.581 (s) DataTime = 0.001 (s) Losses = ['0.7484', '0.0080'] lr = 0.000098
2026-05-28 12:20:23,949 - base_minigpt_encoder - INFO - [Epoch 29/300][Batch 8841/9303] BatchTime = 0.578 (s) DataTime = 0.001 (s) Losses = ['0.7177', '0.0312'] lr = 0.000098
2026-05-28 12:20:35,609 - base_minigpt_encoder - INFO - [Epoch 29/300][Batch 8861/9303] BatchTime = 0.588 (s) DataTime = 0.002 (s) Losses = ['0.8217', '0.0242'] lr = 0.000098
2026-05-28 12:20:47,300 - base_minigpt_encoder - INFO - [Epoch 29/300][Batch 8881/9303] BatchTime = 0.579 (s) DataTime = 0.001 (s) Losses = ['0.7875', '0.0067'] lr = 0.000098
2026-05-28 12:20:58,969 - base_minigpt_encoder - INFO - [Epoch 29/300][Batch 8901/9303] BatchTime = 0.579 (s) DataTime = 0.002 (s) Losses = ['0.7536', '0.0241'] lr = 0.000098
2026-05-28 12:21:10,632 - base_minigpt_encoder - INFO - [Epoch 29/300][Batch 8921/9303] BatchTime = 0.580 (s) DataTime = 0.002 (s) Losses = ['0.8865', '0.0273'] lr = 0.000098
2026-05-28 12:21:22,298 - base_minigpt_encoder - INFO - [Epoch 29/300][Batch 8941/9303] BatchTime = 0.585 (s) DataTime = 0.001 (s) Losses = ['0.7699', '0.0084'] lr = 0.000098
2026-05-28 12:21:33,973 - base_minigpt_encoder - INFO - [Epoch 29/300][Batch 8961/9303] BatchTime = 0.580 (s) DataTime = 0.002 (s) Losses = ['0.7930', '0.0185'] lr = 0.000098
2026-05-28 12:21:45,617 - base_minigpt_encoder - INFO - [Epoch 29/300][Batch 8981/9303] BatchTime = 0.581 (s) DataTime = 0.001 (s) Losses = ['0.7720', '0.0329'] lr = 0.000098
2026-05-28 12:21:57,293 - base_minigpt_encoder - INFO - [Epoch 29/300][Batch 9001/9303] BatchTime = 0.581 (s) DataTime = 0.002 (s) Losses = ['0.7746', '0.0082'] lr = 0.000098
2026-05-28 12:22:08,942 - base_minigpt_encoder - INFO - [Epoch 29/300][Batch 9021/9303] BatchTime = 0.593 (s) DataTime = 0.001 (s) Losses = ['0.8991', '0.0076'] lr = 0.000098
2026-05-28 12:22:20,595 - base_minigpt_encoder - INFO - [Epoch 29/300][Batch 9041/9303] BatchTime = 0.582 (s) DataTime = 0.001 (s) Losses = ['0.8376', '0.0296'] lr = 0.000098
2026-05-28 12:22:32,246 - base_minigpt_encoder - INFO - [Epoch 29/300][Batch 9061/9303] BatchTime = 0.580 (s) DataTime = 0.001 (s) Losses = ['0.9063', '0.0265'] lr = 0.000098
2026-05-28 12:22:43,892 - base_minigpt_encoder - INFO - [Epoch 29/300][Batch 9081/9303] BatchTime = 0.581 (s) DataTime = 0.002 (s) Losses = ['0.7853', '0.0040'] lr = 0.000098
2026-05-28 12:22:55,583 - base_minigpt_encoder - INFO - [Epoch 29/300][Batch 9101/9303] BatchTime = 0.581 (s) DataTime = 0.002 (s) Losses = ['0.7116', '0.0218'] lr = 0.000098
2026-05-28 12:23:07,293 - base_minigpt_encoder - INFO - [Epoch 29/300][Batch 9121/9303] BatchTime = 0.578 (s) DataTime = 0.001 (s) Losses = ['0.7625', '0.0251'] lr = 0.000098
2026-05-28 12:23:18,946 - base_minigpt_encoder - INFO - [Epoch 29/300][Batch 9141/9303] BatchTime = 0.580 (s) DataTime = 0.001 (s) Losses = ['0.7692', '0.0069'] lr = 0.000098
2026-05-28 12:23:30,669 - base_minigpt_encoder - INFO - [Epoch 29/300][Batch 9161/9303] BatchTime = 0.581 (s) DataTime = 0.001 (s) Losses = ['0.6720', '0.0161'] lr = 0.000098
2026-05-28 12:23:42,300 - base_minigpt_encoder - INFO - [Epoch 29/300][Batch 9181/9303] BatchTime = 0.581 (s) DataTime = 0.002 (s) Losses = ['0.8647', '0.0313'] lr = 0.000098
2026-05-28 12:23:53,953 - base_minigpt_encoder - INFO - [Epoch 29/300][Batch 9201/9303] BatchTime = 0.579 (s) DataTime = 0.001 (s) Losses = ['0.7685', '0.0096'] lr = 0.000098
2026-05-28 12:24:05,636 - base_minigpt_encoder - INFO - [Epoch 29/300][Batch 9221/9303] BatchTime = 0.577 (s) DataTime = 0.002 (s) Losses = ['0.7776', '0.0039'] lr = 0.000098
2026-05-28 12:24:17,277 - base_minigpt_encoder - INFO - [Epoch 29/300][Batch 9241/9303] BatchTime = 0.579 (s) DataTime = 0.001 (s) Losses = ['0.7218', '0.0284'] lr = 0.000098
2026-05-28 12:24:28,932 - base_minigpt_encoder - INFO - [Epoch 29/300][Batch 9261/9303] BatchTime = 0.583 (s) DataTime = 0.001 (s) Losses = ['0.7012', '0.0232'] lr = 0.000098
2026-05-28 12:24:40,589 - base_minigpt_encoder - INFO - [Epoch 29/300][Batch 9281/9303] BatchTime = 0.579 (s) DataTime = 0.002 (s) Losses = ['0.6897', '0.0044'] lr = 0.000098
2026-05-28 12:24:52,242 - base_minigpt_encoder - INFO - [Epoch 29/300][Batch 9301/9303] BatchTime = 0.588 (s) DataTime = 0.002 (s) Losses = ['0.7592', '0.0192'] lr = 0.000098
2026-05-28 12:24:53,442 - base_minigpt_encoder - INFO - [Training] EPOCH: 29 EpochTime = 5434.012 (s) Losses = ['0.7907', '0.0166'] lr = 0.000098
2026-05-28 12:24:53,644 - base_minigpt_encoder - INFO - Save checkpoint at ./experiments/base_minigpt_encoder/pretrain/pcp_minigpt_encoder_objaverse/ckpt-last.pth
2026-05-28 12:24:54,392 - base_minigpt_encoder - INFO - [Epoch 30/300][Batch 1/9303] BatchTime = 0.747 (s) DataTime = 0.177 (s) Losses = ['0.7975', '0.0183'] lr = 0.000098
2026-05-28 12:25:06,046 - base_minigpt_encoder - INFO - [Epoch 30/300][Batch 21/9303] BatchTime = 0.580 (s) DataTime = 0.002 (s) Losses = ['0.6624', '0.0223'] lr = 0.000098
2026-05-28 12:25:17,722 - base_minigpt_encoder - INFO - [Epoch 30/300][Batch 41/9303] BatchTime = 0.580 (s) DataTime = 0.002 (s) Losses = ['0.7212', '0.0055'] lr = 0.000098
2026-05-28 12:25:29,418 - base_minigpt_encoder - INFO - [Epoch 30/300][Batch 61/9303] BatchTime = 0.584 (s) DataTime = 0.002 (s) Losses = ['0.7026', '0.0098'] lr = 0.000098
2026-05-28 12:25:41,109 - base_minigpt_encoder - INFO - [Epoch 30/300][Batch 81/9303] BatchTime = 0.577 (s) DataTime = 0.001 (s) Losses = ['0.7223', '0.0249'] lr = 0.000098
2026-05-28 12:25:52,806 - base_minigpt_encoder - INFO - [Epoch 30/300][Batch 101/9303] BatchTime = 0.580 (s) DataTime = 0.001 (s) Losses = ['0.7246', '0.0137'] lr = 0.000098
2026-05-28 12:26:04,516 - base_minigpt_encoder - INFO - [Epoch 30/300][Batch 121/9303] BatchTime = 0.582 (s) DataTime = 0.002 (s) Losses = ['0.8003', '0.0090'] lr = 0.000098
2026-05-28 12:26:16,166 - base_minigpt_encoder - INFO - [Epoch 30/300][Batch 141/9303] BatchTime = 0.582 (s) DataTime = 0.002 (s) Losses = ['0.7346', '0.0238'] lr = 0.000098
2026-05-28 12:26:27,838 - base_minigpt_encoder - INFO - [Epoch 30/300][Batch 161/9303] BatchTime = 0.578 (s) DataTime = 0.001 (s) Losses = ['0.7765', '0.0176'] lr = 0.000098
2026-05-28 12:26:39,538 - base_minigpt_encoder - INFO - [Epoch 30/300][Batch 181/9303] BatchTime = 0.581 (s) DataTime = 0.002 (s) Losses = ['0.8537', '0.0048'] lr = 0.000098
2026-05-28 12:26:51,278 - base_minigpt_encoder - INFO - [Epoch 30/300][Batch 201/9303] BatchTime = 0.575 (s) DataTime = 0.001 (s) Losses = ['0.7801', '0.0205'] lr = 0.000098
2026-05-28 12:27:02,970 - base_minigpt_encoder - INFO - [Epoch 30/300][Batch 221/9303] BatchTime = 0.579 (s) DataTime = 0.001 (s) Losses = ['0.7857', '0.0266'] lr = 0.000098
2026-05-28 12:27:14,621 - base_minigpt_encoder - INFO - [Epoch 30/300][Batch 241/9303] BatchTime = 0.579 (s) DataTime = 0.001 (s) Losses = ['0.8435', '0.0054'] lr = 0.000098
2026-05-28 12:27:26,385 - base_minigpt_encoder - INFO - [Epoch 30/300][Batch 261/9303] BatchTime = 0.580 (s) DataTime = 0.001 (s) Losses = ['0.7759', '0.0110'] lr = 0.000098
2026-05-28 12:27:38,068 - base_minigpt_encoder - INFO - [Epoch 30/300][Batch 281/9303] BatchTime = 0.580 (s) DataTime = 0.001 (s) Losses = ['0.7909', '0.0265'] lr = 0.000098
2026-05-28 12:27:49,732 - base_minigpt_encoder - INFO - [Epoch 30/300][Batch 301/9303] BatchTime = 0.593 (s) DataTime = 0.002 (s) Losses = ['0.7101', '0.0151'] lr = 0.000098
2026-05-28 12:28:01,418 - base_minigpt_encoder - INFO - [Epoch 30/300][Batch 321/9303] BatchTime = 0.591 (s) DataTime = 0.001 (s) Losses = ['0.7876', '0.0073'] lr = 0.000098
2026-05-28 12:28:13,104 - base_minigpt_encoder - INFO - [Epoch 30/300][Batch 341/9303] BatchTime = 0.588 (s) DataTime = 0.002 (s) Losses = ['0.7815', '0.0247'] lr = 0.000098
2026-05-28 12:28:24,799 - base_minigpt_encoder - INFO - [Epoch 30/300][Batch 361/9303] BatchTime = 0.576 (s) DataTime = 0.002 (s) Losses = ['0.7653', '0.0193'] lr = 0.000098
2026-05-28 12:28:36,459 - base_minigpt_encoder - INFO - [Epoch 30/300][Batch 381/9303] BatchTime = 0.581 (s) DataTime = 0.001 (s) Losses = ['0.6983', '0.0037'] lr = 0.000098
2026-05-28 12:28:48,092 - base_minigpt_encoder - INFO - [Epoch 30/300][Batch 401/9303] BatchTime = 0.579 (s) DataTime = 0.001 (s) Losses = ['0.8650', '0.0240'] lr = 0.000098
2026-05-28 12:28:59,766 - base_minigpt_encoder - INFO - [Epoch 30/300][Batch 421/9303] BatchTime = 0.593 (s) DataTime = 0.002 (s) Losses = ['0.7960', '0.0280'] lr = 0.000098
2026-05-28 12:29:11,466 - base_minigpt_encoder - INFO - [Epoch 30/300][Batch 441/9303] BatchTime = 0.579 (s) DataTime = 0.001 (s) Losses = ['0.6963', '0.0051'] lr = 0.000098
2026-05-28 12:29:23,157 - base_minigpt_encoder - INFO - [Epoch 30/300][Batch 461/9303] BatchTime = 0.587 (s) DataTime = 0.002 (s) Losses = ['0.7798', '0.0096'] lr = 0.000098
2026-05-28 12:29:34,804 - base_minigpt_encoder - INFO - [Epoch 30/300][Batch 481/9303] BatchTime = 0.584 (s) DataTime = 0.002 (s) Losses = ['0.7859', '0.0318'] lr = 0.000098
2026-05-28 12:29:46,466 - base_minigpt_encoder - INFO - [Epoch 30/300][Batch 501/9303] BatchTime = 0.579 (s) DataTime = 0.002 (s) Losses = ['0.7305', '0.0147'] lr = 0.000098
2026-05-28 12:29:58,117 - base_minigpt_encoder - INFO - [Epoch 30/300][Batch 521/9303] BatchTime = 0.581 (s) DataTime = 0.001 (s) Losses = ['0.8413', '0.0085'] lr = 0.000098
2026-05-28 12:30:09,784 - base_minigpt_encoder - INFO - [Epoch 30/300][Batch 541/9303] BatchTime = 0.580 (s) DataTime = 0.002 (s) Losses = ['0.7709', '0.0251'] lr = 0.000098
2026-05-28 12:30:21,444 - base_minigpt_encoder - INFO - [Epoch 30/300][Batch 561/9303] BatchTime = 0.576 (s) DataTime = 0.001 (s) Losses = ['0.8334', '0.0205'] lr = 0.000098
2026-05-28 12:30:33,105 - base_minigpt_encoder - INFO - [Epoch 30/300][Batch 581/9303] BatchTime = 0.581 (s) DataTime = 0.002 (s) Losses = ['0.6986', '0.0043'] lr = 0.000098
2026-05-28 12:30:44,796 - base_minigpt_encoder - INFO - [Epoch 30/300][Batch 601/9303] BatchTime = 0.577 (s) DataTime = 0.001 (s) Losses = ['0.7865', '0.0238'] lr = 0.000098
2026-05-28 12:30:56,431 - base_minigpt_encoder - INFO - [Epoch 30/300][Batch 621/9303] BatchTime = 0.581 (s) DataTime = 0.002 (s) Losses = ['0.8139', '0.0332'] lr = 0.000098
2026-05-28 12:31:08,101 - base_minigpt_encoder - INFO - [Epoch 30/300][Batch 641/9303] BatchTime = 0.580 (s) DataTime = 0.001 (s) Losses = ['0.7607', '0.0050'] lr = 0.000098
2026-05-28 12:31:19,767 - base_minigpt_encoder - INFO - [Epoch 30/300][Batch 661/9303] BatchTime = 0.583 (s) DataTime = 0.002 (s) Losses = ['0.8024', '0.0109'] lr = 0.000098
2026-05-28 12:31:31,439 - base_minigpt_encoder - INFO - [Epoch 30/300][Batch 681/9303] BatchTime = 0.581 (s) DataTime = 0.001 (s) Losses = ['0.8040', '0.0318'] lr = 0.000098
2026-05-28 12:31:43,100 - base_minigpt_encoder - INFO - [Epoch 30/300][Batch 701/9303] BatchTime = 0.583 (s) DataTime = 0.002 (s) Losses = ['0.7411', '0.0166'] lr = 0.000098
2026-05-28 12:31:54,773 - base_minigpt_encoder - INFO - [Epoch 30/300][Batch 721/9303] BatchTime = 0.578 (s) DataTime = 0.001 (s) Losses = ['0.8283', '0.0061'] lr = 0.000098
2026-05-28 12:32:06,426 - base_minigpt_encoder - INFO - [Epoch 30/300][Batch 741/9303] BatchTime = 0.582 (s) DataTime = 0.002 (s) Losses = ['0.8205', '0.0293'] lr = 0.000098
2026-05-28 12:32:18,081 - base_minigpt_encoder - INFO - [Epoch 30/300][Batch 761/9303] BatchTime = 0.578 (s) DataTime = 0.001 (s) Losses = ['0.7452', '0.0231'] lr = 0.000098
2026-05-28 12:32:29,721 - base_minigpt_encoder - INFO - [Epoch 30/300][Batch 781/9303] BatchTime = 0.574 (s) DataTime = 0.001 (s) Losses = ['0.7309', '0.0031'] lr = 0.000098
2026-05-28 12:32:41,381 - base_minigpt_encoder - INFO - [Epoch 30/300][Batch 801/9303] BatchTime = 0.580 (s) DataTime = 0.001 (s) Losses = ['0.7703', '0.0220'] lr = 0.000098
2026-05-28 12:32:53,013 - base_minigpt_encoder - INFO - [Epoch 30/300][Batch 821/9303] BatchTime = 0.580 (s) DataTime = 0.001 (s) Losses = ['0.7914', '0.0344'] lr = 0.000098
2026-05-28 12:33:04,681 - base_minigpt_encoder - INFO - [Epoch 30/300][Batch 841/9303] BatchTime = 0.578 (s) DataTime = 0.002 (s) Losses = ['0.7085', '0.0064'] lr = 0.000098
2026-05-28 12:33:16,342 - base_minigpt_encoder - INFO - [Epoch 30/300][Batch 861/9303] BatchTime = 0.576 (s) DataTime = 0.001 (s) Losses = ['0.8241', '0.0073'] lr = 0.000098
2026-05-28 12:33:28,021 - base_minigpt_encoder - INFO - [Epoch 30/300][Batch 881/9303] BatchTime = 0.579 (s) DataTime = 0.002 (s) Losses = ['0.7374', '0.0350'] lr = 0.000098
2026-05-28 12:33:39,670 - base_minigpt_encoder - INFO - [Epoch 30/300][Batch 901/9303] BatchTime = 0.580 (s) DataTime = 0.002 (s) Losses = ['0.7668', '0.0208'] lr = 0.000098
2026-05-28 12:33:51,332 - base_minigpt_encoder - INFO - [Epoch 30/300][Batch 921/9303] BatchTime = 0.579 (s) DataTime = 0.002 (s) Losses = ['0.7927', '0.0058'] lr = 0.000098
2026-05-28 12:34:02,967 - base_minigpt_encoder - INFO - [Epoch 30/300][Batch 941/9303] BatchTime = 0.596 (s) DataTime = 0.001 (s) Losses = ['0.7267', '0.0246'] lr = 0.000098
2026-05-28 12:34:14,605 - base_minigpt_encoder - INFO - [Epoch 30/300][Batch 961/9303] BatchTime = 0.579 (s) DataTime = 0.001 (s) Losses = ['0.7368', '0.0281'] lr = 0.000098
2026-05-28 12:34:26,248 - base_minigpt_encoder - INFO - [Epoch 30/300][Batch 981/9303] BatchTime = 0.582 (s) DataTime = 0.002 (s) Losses = ['0.7618', '0.0062'] lr = 0.000098
2026-05-28 12:34:37,887 - base_minigpt_encoder - INFO - [Epoch 30/300][Batch 1001/9303] BatchTime = 0.580 (s) DataTime = 0.002 (s) Losses = ['0.7878', '0.0207'] lr = 0.000098
2026-05-28 12:34:49,575 - base_minigpt_encoder - INFO - [Epoch 30/300][Batch 1021/9303] BatchTime = 0.581 (s) DataTime = 0.002 (s) Losses = ['0.7384', '0.0376'] lr = 0.000098
2026-05-28 12:35:01,261 - base_minigpt_encoder - INFO - [Epoch 30/300][Batch 1041/9303] BatchTime = 0.578 (s) DataTime = 0.002 (s) Losses = ['0.8987', '0.0092'] lr = 0.000098
2026-05-28 12:35:12,944 - base_minigpt_encoder - INFO - [Epoch 30/300][Batch 1061/9303] BatchTime = 0.581 (s) DataTime = 0.002 (s) Losses = ['0.8616', '0.0083'] lr = 0.000098
2026-05-28 12:35:24,599 - base_minigpt_encoder - INFO - [Epoch 30/300][Batch 1081/9303] BatchTime = 0.579 (s) DataTime = 0.001 (s) Losses = ['0.8106', '0.0386'] lr = 0.000098
2026-05-28 12:35:36,269 - base_minigpt_encoder - INFO - [Epoch 30/300][Batch 1101/9303] BatchTime = 0.580 (s) DataTime = 0.001 (s) Losses = ['0.7763', '0.0249'] lr = 0.000098
2026-05-28 12:35:47,922 - base_minigpt_encoder - INFO - [Epoch 30/300][Batch 1121/9303] BatchTime = 0.578 (s) DataTime = 0.001 (s) Losses = ['0.8312', '0.0054'] lr = 0.000098
2026-05-28 12:35:59,609 - base_minigpt_encoder - INFO - [Epoch 30/300][Batch 1141/9303] BatchTime = 0.592 (s) DataTime = 0.001 (s) Losses = ['0.7476', '0.0216'] lr = 0.000098
2026-05-28 12:36:11,321 - base_minigpt_encoder - INFO - [Epoch 30/300][Batch 1161/9303] BatchTime = 0.577 (s) DataTime = 0.001 (s) Losses = ['0.7592', '0.0299'] lr = 0.000098
2026-05-28 12:36:22,966 - base_minigpt_encoder - INFO - [Epoch 30/300][Batch 1181/9303] BatchTime = 0.580 (s) DataTime = 0.002 (s) Losses = ['0.7494', '0.0090'] lr = 0.000098
2026-05-28 12:36:34,594 - base_minigpt_encoder - INFO - [Epoch 30/300][Batch 1201/9303] BatchTime = 0.578 (s) DataTime = 0.001 (s) Losses = ['0.6837', '0.0188'] lr = 0.000098
2026-05-28 12:36:46,248 - base_minigpt_encoder - INFO - [Epoch 30/300][Batch 1221/9303] BatchTime = 0.581 (s) DataTime = 0.001 (s) Losses = ['0.7246', '0.0315'] lr = 0.000098
2026-05-28 12:36:57,933 - base_minigpt_encoder - INFO - [Epoch 30/300][Batch 1241/9303] BatchTime = 0.580 (s) DataTime = 0.002 (s) Losses = ['0.8277', '0.0130'] lr = 0.000098
2026-05-28 12:37:09,583 - base_minigpt_encoder - INFO - [Epoch 30/300][Batch 1261/9303] BatchTime = 0.581 (s) DataTime = 0.001 (s) Losses = ['0.7801', '0.0058'] lr = 0.000098
2026-05-28 12:37:21,253 - base_minigpt_encoder - INFO - [Epoch 30/300][Batch 1281/9303] BatchTime = 0.579 (s) DataTime = 0.001 (s) Losses = ['0.8283', '0.0320'] lr = 0.000098
2026-05-28 12:37:32,906 - base_minigpt_encoder - INFO - [Epoch 30/300][Batch 1301/9303] BatchTime = 0.580 (s) DataTime = 0.002 (s) Losses = ['0.8045', '0.0257'] lr = 0.000098
2026-05-28 12:37:44,554 - base_minigpt_encoder - INFO - [Epoch 30/300][Batch 1321/9303] BatchTime = 0.579 (s) DataTime = 0.002 (s) Losses = ['0.7196', '0.0053'] lr = 0.000098
2026-05-28 12:37:56,239 - base_minigpt_encoder - INFO - [Epoch 30/300][Batch 1341/9303] BatchTime = 0.580 (s) DataTime = 0.002 (s) Losses = ['0.6994', '0.0192'] lr = 0.000098
2026-05-28 12:38:07,909 - base_minigpt_encoder - INFO - [Epoch 30/300][Batch 1361/9303] BatchTime = 0.580 (s) DataTime = 0.002 (s) Losses = ['0.7681', '0.0293'] lr = 0.000098
2026-05-28 12:38:19,542 - base_minigpt_encoder - INFO - [Epoch 30/300][Batch 1381/9303] BatchTime = 0.580 (s) DataTime = 0.002 (s) Losses = ['0.9245', '0.0111'] lr = 0.000098
2026-05-28 12:38:31,210 - base_minigpt_encoder - INFO - [Epoch 30/300][Batch 1401/9303] BatchTime = 0.580 (s) DataTime = 0.001 (s) Losses = ['0.7140', '0.0148'] lr = 0.000098
2026-05-28 12:38:42,890 - base_minigpt_encoder - INFO - [Epoch 30/300][Batch 1421/9303] BatchTime = 0.582 (s) DataTime = 0.001 (s) Losses = ['0.7827', '0.0332'] lr = 0.000098
2026-05-28 12:38:54,594 - base_minigpt_encoder - INFO - [Epoch 30/300][Batch 1441/9303] BatchTime = 0.588 (s) DataTime = 0.002 (s) Losses = ['0.7951', '0.0133'] lr = 0.000098
2026-05-28 12:39:06,231 - base_minigpt_encoder - INFO - [Epoch 30/300][Batch 1461/9303] BatchTime = 0.579 (s) DataTime = 0.001 (s) Losses = ['0.6901', '0.0057'] lr = 0.000098
2026-05-28 12:39:17,893 - base_minigpt_encoder - INFO - [Epoch 30/300][Batch 1481/9303] BatchTime = 0.579 (s) DataTime = 0.002 (s) Losses = ['0.8535', '0.0296'] lr = 0.000098
2026-05-28 12:39:29,556 - base_minigpt_encoder - INFO - [Epoch 30/300][Batch 1501/9303] BatchTime = 0.581 (s) DataTime = 0.002 (s) Losses = ['0.7515', '0.0262'] lr = 0.000098
2026-05-28 12:39:41,217 - base_minigpt_encoder - INFO - [Epoch 30/300][Batch 1521/9303] BatchTime = 0.578 (s) DataTime = 0.002 (s) Losses = ['0.7649', '0.0048'] lr = 0.000098
2026-05-28 12:39:52,876 - base_minigpt_encoder - INFO - [Epoch 30/300][Batch 1541/9303] BatchTime = 0.578 (s) DataTime = 0.002 (s) Losses = ['0.8895', '0.0153'] lr = 0.000098
2026-05-28 12:40:04,541 - base_minigpt_encoder - INFO - [Epoch 30/300][Batch 1561/9303] BatchTime = 0.580 (s) DataTime = 0.002 (s) Losses = ['0.8324', '0.0289'] lr = 0.000098
2026-05-28 12:40:16,166 - base_minigpt_encoder - INFO - [Epoch 30/300][Batch 1581/9303] BatchTime = 0.584 (s) DataTime = 0.002 (s) Losses = ['0.7525', '0.0130'] lr = 0.000098
2026-05-28 12:40:27,811 - base_minigpt_encoder - INFO - [Epoch 30/300][Batch 1601/9303] BatchTime = 0.581 (s) DataTime = 0.001 (s) Losses = ['0.8060', '0.0121'] lr = 0.000098
2026-05-28 12:40:39,478 - base_minigpt_encoder - INFO - [Epoch 30/300][Batch 1621/9303] BatchTime = 0.582 (s) DataTime = 0.002 (s) Losses = ['0.7671', '0.0274'] lr = 0.000098
2026-05-28 12:40:51,143 - base_minigpt_encoder - INFO - [Epoch 30/300][Batch 1641/9303] BatchTime = 0.578 (s) DataTime = 0.001 (s) Losses = ['0.7792', '0.0167'] lr = 0.000098
2026-05-28 12:41:02,806 - base_minigpt_encoder - INFO - [Epoch 30/300][Batch 1661/9303] BatchTime = 0.583 (s) DataTime = 0.002 (s) Losses = ['0.7543', '0.0035'] lr = 0.000098
2026-05-28 12:41:14,461 - base_minigpt_encoder - INFO - [Epoch 30/300][Batch 1681/9303] BatchTime = 0.579 (s) DataTime = 0.001 (s) Losses = ['0.7945', '0.0247'] lr = 0.000098
2026-05-28 12:41:26,089 - base_minigpt_encoder - INFO - [Epoch 30/300][Batch 1701/9303] BatchTime = 0.580 (s) DataTime = 0.002 (s) Losses = ['0.7869', '0.0278'] lr = 0.000098
2026-05-28 12:41:37,774 - base_minigpt_encoder - INFO - [Epoch 30/300][Batch 1721/9303] BatchTime = 0.583 (s) DataTime = 0.001 (s) Losses = ['0.7545', '0.0045'] lr = 0.000098
2026-05-28 12:41:49,481 - base_minigpt_encoder - INFO - [Epoch 30/300][Batch 1741/9303] BatchTime = 0.580 (s) DataTime = 0.002 (s) Losses = ['0.8041', '0.0119'] lr = 0.000098
2026-05-28 12:42:01,150 - base_minigpt_encoder - INFO - [Epoch 30/300][Batch 1761/9303] BatchTime = 0.579 (s) DataTime = 0.001 (s) Losses = ['0.7696', '0.0285'] lr = 0.000098
2026-05-28 12:42:12,873 - base_minigpt_encoder - INFO - [Epoch 30/300][Batch 1781/9303] BatchTime = 0.583 (s) DataTime = 0.001 (s) Losses = ['0.8735', '0.0173'] lr = 0.000098
2026-05-28 12:42:24,538 - base_minigpt_encoder - INFO - [Epoch 30/300][Batch 1801/9303] BatchTime = 0.583 (s) DataTime = 0.001 (s) Losses = ['0.7754', '0.0061'] lr = 0.000098
2026-05-28 12:42:36,190 - base_minigpt_encoder - INFO - [Epoch 30/300][Batch 1821/9303] BatchTime = 0.582 (s) DataTime = 0.002 (s) Losses = ['0.8449', '0.0221'] lr = 0.000098
2026-05-28 12:42:47,880 - base_minigpt_encoder - INFO - [Epoch 30/300][Batch 1841/9303] BatchTime = 0.580 (s) DataTime = 0.001 (s) Losses = ['0.7381', '0.0214'] lr = 0.000098
2026-05-28 12:42:59,551 - base_minigpt_encoder - INFO - [Epoch 30/300][Batch 1861/9303] BatchTime = 0.583 (s) DataTime = 0.002 (s) Losses = ['0.8446', '0.0048'] lr = 0.000098
2026-05-28 12:43:11,298 - base_minigpt_encoder - INFO - [Epoch 30/300][Batch 1881/9303] BatchTime = 0.583 (s) DataTime = 0.002 (s) Losses = ['0.7585', '0.0194'] lr = 0.000098
2026-05-28 12:43:22,980 - base_minigpt_encoder - INFO - [Epoch 30/300][Batch 1901/9303] BatchTime = 0.583 (s) DataTime = 0.002 (s) Losses = ['0.8063', '0.0242'] lr = 0.000098
2026-05-28 12:43:34,743 - base_minigpt_encoder - INFO - [Epoch 30/300][Batch 1921/9303] BatchTime = 0.587 (s) DataTime = 0.001 (s) Losses = ['0.8585', '0.0091'] lr = 0.000098
2026-05-28 12:43:46,464 - base_minigpt_encoder - INFO - [Epoch 30/300][Batch 1941/9303] BatchTime = 0.581 (s) DataTime = 0.002 (s) Losses = ['0.7345', '0.0060'] lr = 0.000098
2026-05-28 12:43:58,166 - base_minigpt_encoder - INFO - [Epoch 30/300][Batch 1961/9303] BatchTime = 0.583 (s) DataTime = 0.001 (s) Losses = ['0.7031', '0.0254'] lr = 0.000098
2026-05-28 12:44:09,819 - base_minigpt_encoder - INFO - [Epoch 30/300][Batch 1981/9303] BatchTime = 0.581 (s) DataTime = 0.002 (s) Losses = ['0.7207', '0.0184'] lr = 0.000098
2026-05-28 12:44:21,499 - base_minigpt_encoder - INFO - [Epoch 30/300][Batch 2001/9303] BatchTime = 0.578 (s) DataTime = 0.001 (s) Losses = ['0.8292', '0.0070'] lr = 0.000098
2026-05-28 12:44:33,189 - base_minigpt_encoder - INFO - [Epoch 30/300][Batch 2021/9303] BatchTime = 0.583 (s) DataTime = 0.002 (s) Losses = ['0.8382', '0.0216'] lr = 0.000098
2026-05-28 12:44:44,865 - base_minigpt_encoder - INFO - [Epoch 30/300][Batch 2041/9303] BatchTime = 0.579 (s) DataTime = 0.001 (s) Losses = ['0.7282', '0.0198'] lr = 0.000098
2026-05-28 12:44:56,561 - base_minigpt_encoder - INFO - [Epoch 30/300][Batch 2061/9303] BatchTime = 0.579 (s) DataTime = 0.001 (s) Losses = ['0.7491', '0.0063'] lr = 0.000098
2026-05-28 12:45:08,246 - base_minigpt_encoder - INFO - [Epoch 30/300][Batch 2081/9303] BatchTime = 0.578 (s) DataTime = 0.002 (s) Losses = ['0.7659', '0.0173'] lr = 0.000098
2026-05-28 12:45:20,033 - base_minigpt_encoder - INFO - [Epoch 30/300][Batch 2101/9303] BatchTime = 0.581 (s) DataTime = 0.002 (s) Losses = ['0.7250', '0.0243'] lr = 0.000098
2026-05-28 12:45:31,737 - base_minigpt_encoder - INFO - [Epoch 30/300][Batch 2121/9303] BatchTime = 0.580 (s) DataTime = 0.002 (s) Losses = ['0.8342', '0.0080'] lr = 0.000098
2026-05-28 12:45:43,369 - base_minigpt_encoder - INFO - [Epoch 30/300][Batch 2141/9303] BatchTime = 0.580 (s) DataTime = 0.002 (s) Losses = ['0.7982', '0.0085'] lr = 0.000098
2026-05-28 12:45:55,033 - base_minigpt_encoder - INFO - [Epoch 30/300][Batch 2161/9303] BatchTime = 0.578 (s) DataTime = 0.001 (s) Losses = ['0.8670', '0.0250'] lr = 0.000098
2026-05-28 12:46:06,705 - base_minigpt_encoder - INFO - [Epoch 30/300][Batch 2181/9303] BatchTime = 0.581 (s) DataTime = 0.001 (s) Losses = ['0.8219', '0.0170'] lr = 0.000098
2026-05-28 12:46:18,362 - base_minigpt_encoder - INFO - [Epoch 30/300][Batch 2201/9303] BatchTime = 0.582 (s) DataTime = 0.001 (s) Losses = ['0.7993', '0.0063'] lr = 0.000098
2026-05-28 12:46:30,020 - base_minigpt_encoder - INFO - [Epoch 30/300][Batch 2221/9303] BatchTime = 0.583 (s) DataTime = 0.002 (s) Losses = ['0.7609', '0.0210'] lr = 0.000098
2026-05-28 12:46:41,678 - base_minigpt_encoder - INFO - [Epoch 30/300][Batch 2241/9303] BatchTime = 0.583 (s) DataTime = 0.002 (s) Losses = ['0.7618', '0.0201'] lr = 0.000098
2026-05-28 12:46:53,343 - base_minigpt_encoder - INFO - [Epoch 30/300][Batch 2261/9303] BatchTime = 0.579 (s) DataTime = 0.001 (s) Losses = ['0.6611', '0.0058'] lr = 0.000098
2026-05-28 12:47:05,006 - base_minigpt_encoder - INFO - [Epoch 30/300][Batch 2281/9303] BatchTime = 0.575 (s) DataTime = 0.001 (s) Losses = ['0.7818', '0.0192'] lr = 0.000098
2026-05-28 12:47:16,688 - base_minigpt_encoder - INFO - [Epoch 30/300][Batch 2301/9303] BatchTime = 0.581 (s) DataTime = 0.002 (s) Losses = ['0.8392', '0.0297'] lr = 0.000098
2026-05-28 12:47:28,362 - base_minigpt_encoder - INFO - [Epoch 30/300][Batch 2321/9303] BatchTime = 0.579 (s) DataTime = 0.001 (s) Losses = ['0.7204', '0.0079'] lr = 0.000098
2026-05-28 12:47:40,048 - base_minigpt_encoder - INFO - [Epoch 30/300][Batch 2341/9303] BatchTime = 0.584 (s) DataTime = 0.002 (s) Losses = ['0.7691', '0.0063'] lr = 0.000098
2026-05-28 12:47:51,762 - base_minigpt_encoder - INFO - [Epoch 30/300][Batch 2361/9303] BatchTime = 0.587 (s) DataTime = 0.001 (s) Losses = ['0.8066', '0.0297'] lr = 0.000098
2026-05-28 12:48:03,484 - base_minigpt_encoder - INFO - [Epoch 30/300][Batch 2381/9303] BatchTime = 0.582 (s) DataTime = 0.002 (s) Losses = ['0.8451', '0.0195'] lr = 0.000098
2026-05-28 12:48:15,228 - base_minigpt_encoder - INFO - [Epoch 30/300][Batch 2401/9303] BatchTime = 0.578 (s) DataTime = 0.002 (s) Losses = ['0.7377', '0.0053'] lr = 0.000098
2026-05-28 12:48:26,903 - base_minigpt_encoder - INFO - [Epoch 30/300][Batch 2421/9303] BatchTime = 0.578 (s) DataTime = 0.002 (s) Losses = ['0.8751', '0.0231'] lr = 0.000098
2026-05-28 12:48:38,577 - base_minigpt_encoder - INFO - [Epoch 30/300][Batch 2441/9303] BatchTime = 0.579 (s) DataTime = 0.001 (s) Losses = ['0.6976', '0.0251'] lr = 0.000098
2026-05-28 12:48:50,266 - base_minigpt_encoder - INFO - [Epoch 30/300][Batch 2461/9303] BatchTime = 0.582 (s) DataTime = 0.003 (s) Losses = ['0.8583', '0.0066'] lr = 0.000098
2026-05-28 12:49:02,027 - base_minigpt_encoder - INFO - [Epoch 30/300][Batch 2481/9303] BatchTime = 0.603 (s) DataTime = 0.002 (s) Losses = ['0.7345', '0.0186'] lr = 0.000098
2026-05-28 12:49:13,694 - base_minigpt_encoder - INFO - [Epoch 30/300][Batch 2501/9303] BatchTime = 0.584 (s) DataTime = 0.002 (s) Losses = ['0.7467', '0.0342'] lr = 0.000098
2026-05-28 12:49:25,354 - base_minigpt_encoder - INFO - [Epoch 30/300][Batch 2521/9303] BatchTime = 0.586 (s) DataTime = 0.002 (s) Losses = ['0.7851', '0.0092'] lr = 0.000098
2026-05-28 12:49:37,024 - base_minigpt_encoder - INFO - [Epoch 30/300][Batch 2541/9303] BatchTime = 0.580 (s) DataTime = 0.002 (s) Losses = ['0.6827', '0.0064'] lr = 0.000098
2026-05-28 12:49:48,653 - base_minigpt_encoder - INFO - [Epoch 30/300][Batch 2561/9303] BatchTime = 0.578 (s) DataTime = 0.001 (s) Losses = ['0.8051', '0.0327'] lr = 0.000098
2026-05-28 12:50:00,323 - base_minigpt_encoder - INFO - [Epoch 30/300][Batch 2581/9303] BatchTime = 0.581 (s) DataTime = 0.001 (s) Losses = ['0.7987', '0.0254'] lr = 0.000098
2026-05-28 12:50:11,963 - base_minigpt_encoder - INFO - [Epoch 30/300][Batch 2601/9303] BatchTime = 0.581 (s) DataTime = 0.002 (s) Losses = ['0.7725', '0.0045'] lr = 0.000098
2026-05-28 12:50:23,635 - base_minigpt_encoder - INFO - [Epoch 30/300][Batch 2621/9303] BatchTime = 0.580 (s) DataTime = 0.002 (s) Losses = ['0.7386', '0.0200'] lr = 0.000098
2026-05-28 12:50:35,340 - base_minigpt_encoder - INFO - [Epoch 30/300][Batch 2641/9303] BatchTime = 0.581 (s) DataTime = 0.002 (s) Losses = ['0.7996', '0.0294'] lr = 0.000098
2026-05-28 12:50:46,988 - base_minigpt_encoder - INFO - [Epoch 30/300][Batch 2661/9303] BatchTime = 0.581 (s) DataTime = 0.002 (s) Losses = ['0.8073', '0.0089'] lr = 0.000098
2026-05-28 12:50:58,656 - base_minigpt_encoder - INFO - [Epoch 30/300][Batch 2681/9303] BatchTime = 0.579 (s) DataTime = 0.002 (s) Losses = ['0.8156', '0.0160'] lr = 0.000098
2026-05-28 12:51:10,323 - base_minigpt_encoder - INFO - [Epoch 30/300][Batch 2701/9303] BatchTime = 0.582 (s) DataTime = 0.002 (s) Losses = ['0.7542', '0.0333'] lr = 0.000098
2026-05-28 12:51:21,965 - base_minigpt_encoder - INFO - [Epoch 30/300][Batch 2721/9303] BatchTime = 0.577 (s) DataTime = 0.001 (s) Losses = ['0.8264', '0.0143'] lr = 0.000098
2026-05-28 12:51:33,605 - base_minigpt_encoder - INFO - [Epoch 30/300][Batch 2741/9303] BatchTime = 0.580 (s) DataTime = 0.002 (s) Losses = ['0.7316', '0.0050'] lr = 0.000098
2026-05-28 12:51:45,276 - base_minigpt_encoder - INFO - [Epoch 30/300][Batch 2761/9303] BatchTime = 0.576 (s) DataTime = 0.001 (s) Losses = ['0.7183', '0.0269'] lr = 0.000098
2026-05-28 12:51:56,965 - base_minigpt_encoder - INFO - [Epoch 30/300][Batch 2781/9303] BatchTime = 0.578 (s) DataTime = 0.002 (s) Losses = ['0.7644', '0.0295'] lr = 0.000098
2026-05-28 12:52:08,638 - base_minigpt_encoder - INFO - [Epoch 30/300][Batch 2801/9303] BatchTime = 0.578 (s) DataTime = 0.001 (s) Losses = ['0.7986', '0.0057'] lr = 0.000098
2026-05-28 12:52:20,263 - base_minigpt_encoder - INFO - [Epoch 30/300][Batch 2821/9303] BatchTime = 0.579 (s) DataTime = 0.002 (s) Losses = ['0.8616', '0.0155'] lr = 0.000098
2026-05-28 12:52:31,933 - base_minigpt_encoder - INFO - [Epoch 30/300][Batch 2841/9303] BatchTime = 0.580 (s) DataTime = 0.001 (s) Losses = ['0.8632', '0.0291'] lr = 0.000098
2026-05-28 12:52:43,599 - base_minigpt_encoder - INFO - [Epoch 30/300][Batch 2861/9303] BatchTime = 0.584 (s) DataTime = 0.002 (s) Losses = ['0.7163', '0.0132'] lr = 0.000098
2026-05-28 12:52:55,277 - base_minigpt_encoder - INFO - [Epoch 30/300][Batch 2881/9303] BatchTime = 0.582 (s) DataTime = 0.002 (s) Losses = ['0.7492', '0.0102'] lr = 0.000098
2026-05-28 12:53:06,971 - base_minigpt_encoder - INFO - [Epoch 30/300][Batch 2901/9303] BatchTime = 0.601 (s) DataTime = 0.002 (s) Losses = ['0.7499', '0.0303'] lr = 0.000098
2026-05-28 12:53:18,674 - base_minigpt_encoder - INFO - [Epoch 30/300][Batch 2921/9303] BatchTime = 0.578 (s) DataTime = 0.001 (s) Losses = ['0.7694', '0.0200'] lr = 0.000098
2026-05-28 12:53:30,347 - base_minigpt_encoder - INFO - [Epoch 30/300][Batch 2941/9303] BatchTime = 0.583 (s) DataTime = 0.001 (s) Losses = ['0.7804', '0.0071'] lr = 0.000098
2026-05-28 12:53:42,084 - base_minigpt_encoder - INFO - [Epoch 30/300][Batch 2961/9303] BatchTime = 0.577 (s) DataTime = 0.001 (s) Losses = ['0.8370', '0.0295'] lr = 0.000098
2026-05-28 12:53:53,874 - base_minigpt_encoder - INFO - [Epoch 30/300][Batch 2981/9303] BatchTime = 0.592 (s) DataTime = 0.001 (s) Losses = ['0.9163', '0.0306'] lr = 0.000098
2026-05-28 12:54:05,543 - base_minigpt_encoder - INFO - [Epoch 30/300][Batch 3001/9303] BatchTime = 0.587 (s) DataTime = 0.001 (s) Losses = ['0.7296', '0.0073'] lr = 0.000098
2026-05-28 12:54:17,200 - base_minigpt_encoder - INFO - [Epoch 30/300][Batch 3021/9303] BatchTime = 0.582 (s) DataTime = 0.001 (s) Losses = ['0.8189', '0.0144'] lr = 0.000098
2026-05-28 12:54:28,864 - base_minigpt_encoder - INFO - [Epoch 30/300][Batch 3041/9303] BatchTime = 0.579 (s) DataTime = 0.002 (s) Losses = ['0.7039', '0.0336'] lr = 0.000098
2026-05-28 12:54:40,499 - base_minigpt_encoder - INFO - [Epoch 30/300][Batch 3061/9303] BatchTime = 0.580 (s) DataTime = 0.002 (s) Losses = ['0.7916', '0.0164'] lr = 0.000098
2026-05-28 12:54:52,175 - base_minigpt_encoder - INFO - [Epoch 30/300][Batch 3081/9303] BatchTime = 0.580 (s) DataTime = 0.002 (s) Losses = ['0.8317', '0.0116'] lr = 0.000098
2026-05-28 12:55:03,811 - base_minigpt_encoder - INFO - [Epoch 30/300][Batch 3101/9303] BatchTime = 0.581 (s) DataTime = 0.002 (s) Losses = ['0.8323', '0.0320'] lr = 0.000098
2026-05-28 12:55:15,545 - base_minigpt_encoder - INFO - [Epoch 30/300][Batch 3121/9303] BatchTime = 0.578 (s) DataTime = 0.001 (s) Losses = ['0.6788', '0.0218'] lr = 0.000098
2026-05-28 12:55:27,264 - base_minigpt_encoder - INFO - [Epoch 30/300][Batch 3141/9303] BatchTime = 0.597 (s) DataTime = 0.001 (s) Losses = ['0.8998', '0.0064'] lr = 0.000098
2026-05-28 12:55:38,944 - base_minigpt_encoder - INFO - [Epoch 30/300][Batch 3161/9303] BatchTime = 0.580 (s) DataTime = 0.001 (s) Losses = ['0.9213', '0.0251'] lr = 0.000098
2026-05-28 12:55:50,632 - base_minigpt_encoder - INFO - [Epoch 30/300][Batch 3181/9303] BatchTime = 0.588 (s) DataTime = 0.002 (s) Losses = ['0.7463', '0.0356'] lr = 0.000098
2026-05-28 12:56:02,348 - base_minigpt_encoder - INFO - [Epoch 30/300][Batch 3201/9303] BatchTime = 0.584 (s) DataTime = 0.002 (s) Losses = ['0.7299', '0.0074'] lr = 0.000098
2026-05-28 12:56:14,048 - base_minigpt_encoder - INFO - [Epoch 30/300][Batch 3221/9303] BatchTime = 0.586 (s) DataTime = 0.003 (s) Losses = ['0.7769', '0.0094'] lr = 0.000098
2026-05-28 12:56:25,743 - base_minigpt_encoder - INFO - [Epoch 30/300][Batch 3241/9303] BatchTime = 0.587 (s) DataTime = 0.001 (s) Losses = ['0.7448', '0.0315'] lr = 0.000098
2026-05-28 12:56:37,396 - base_minigpt_encoder - INFO - [Epoch 30/300][Batch 3261/9303] BatchTime = 0.580 (s) DataTime = 0.002 (s) Losses = ['0.6873', '0.0221'] lr = 0.000098
2026-05-28 12:56:49,082 - base_minigpt_encoder - INFO - [Epoch 30/300][Batch 3281/9303] BatchTime = 0.580 (s) DataTime = 0.002 (s) Losses = ['0.8602', '0.0048'] lr = 0.000098
2026-05-28 12:57:00,731 - base_minigpt_encoder - INFO - [Epoch 30/300][Batch 3301/9303] BatchTime = 0.584 (s) DataTime = 0.002 (s) Losses = ['0.8344', '0.0205'] lr = 0.000098
2026-05-28 12:57:12,418 - base_minigpt_encoder - INFO - [Epoch 30/300][Batch 3321/9303] BatchTime = 0.583 (s) DataTime = 0.001 (s) Losses = ['0.7421', '0.0274'] lr = 0.000098
2026-05-28 12:57:24,111 - base_minigpt_encoder - INFO - [Epoch 30/300][Batch 3341/9303] BatchTime = 0.582 (s) DataTime = 0.002 (s) Losses = ['0.7942', '0.0101'] lr = 0.000098
2026-05-28 12:57:35,792 - base_minigpt_encoder - INFO - [Epoch 30/300][Batch 3361/9303] BatchTime = 0.578 (s) DataTime = 0.001 (s) Losses = ['0.9237', '0.0173'] lr = 0.000098
2026-05-28 12:57:47,436 - base_minigpt_encoder - INFO - [Epoch 30/300][Batch 3381/9303] BatchTime = 0.580 (s) DataTime = 0.002 (s) Losses = ['0.7998', '0.0296'] lr = 0.000098
2026-05-28 12:57:59,121 - base_minigpt_encoder - INFO - [Epoch 30/300][Batch 3401/9303] BatchTime = 0.582 (s) DataTime = 0.001 (s) Losses = ['0.7546', '0.0139'] lr = 0.000098
2026-05-28 12:58:10,765 - base_minigpt_encoder - INFO - [Epoch 30/300][Batch 3421/9303] BatchTime = 0.592 (s) DataTime = 0.001 (s) Losses = ['0.7715', '0.0050'] lr = 0.000098
2026-05-28 12:58:22,423 - base_minigpt_encoder - INFO - [Epoch 30/300][Batch 3441/9303] BatchTime = 0.579 (s) DataTime = 0.002 (s) Losses = ['0.9287', '0.0250'] lr = 0.000098
2026-05-28 12:58:34,105 - base_minigpt_encoder - INFO - [Epoch 30/300][Batch 3461/9303] BatchTime = 0.582 (s) DataTime = 0.002 (s) Losses = ['0.7861', '0.0259'] lr = 0.000098
2026-05-28 12:58:45,767 - base_minigpt_encoder - INFO - [Epoch 30/300][Batch 3481/9303] BatchTime = 0.580 (s) DataTime = 0.002 (s) Losses = ['0.7273', '0.0056'] lr = 0.000098
2026-05-28 12:58:57,417 - base_minigpt_encoder - INFO - [Epoch 30/300][Batch 3501/9303] BatchTime = 0.581 (s) DataTime = 0.002 (s) Losses = ['0.7885', '0.0119'] lr = 0.000098
2026-05-28 12:59:09,114 - base_minigpt_encoder - INFO - [Epoch 30/300][Batch 3521/9303] BatchTime = 0.580 (s) DataTime = 0.002 (s) Losses = ['0.8699', '0.0266'] lr = 0.000098
2026-05-28 12:59:20,788 - base_minigpt_encoder - INFO - [Epoch 30/300][Batch 3541/9303] BatchTime = 0.582 (s) DataTime = 0.001 (s) Losses = ['0.7953', '0.0122'] lr = 0.000098
2026-05-28 12:59:32,441 - base_minigpt_encoder - INFO - [Epoch 30/300][Batch 3561/9303] BatchTime = 0.579 (s) DataTime = 0.002 (s) Losses = ['0.7917', '0.0085'] lr = 0.000098
2026-05-28 12:59:44,126 - base_minigpt_encoder - INFO - [Epoch 30/300][Batch 3581/9303] BatchTime = 0.582 (s) DataTime = 0.001 (s) Losses = ['0.8278', '0.0239'] lr = 0.000098
2026-05-28 12:59:55,786 - base_minigpt_encoder - INFO - [Epoch 30/300][Batch 3601/9303] BatchTime = 0.581 (s) DataTime = 0.002 (s) Losses = ['0.7869', '0.0165'] lr = 0.000098
2026-05-28 13:00:07,460 - base_minigpt_encoder - INFO - [Epoch 30/300][Batch 3621/9303] BatchTime = 0.583 (s) DataTime = 0.002 (s) Losses = ['0.8260', '0.0065'] lr = 0.000098
2026-05-28 13:00:19,174 - base_minigpt_encoder - INFO - [Epoch 30/300][Batch 3641/9303] BatchTime = 0.583 (s) DataTime = 0.002 (s) Losses = ['0.8722', '0.0214'] lr = 0.000098
2026-05-28 13:00:30,885 - base_minigpt_encoder - INFO - [Epoch 30/300][Batch 3661/9303] BatchTime = 0.590 (s) DataTime = 0.002 (s) Losses = ['0.7578', '0.0223'] lr = 0.000098
2026-05-28 13:00:42,598 - base_minigpt_encoder - INFO - [Epoch 30/300][Batch 3681/9303] BatchTime = 0.581 (s) DataTime = 0.002 (s) Losses = ['0.8180', '0.0066'] lr = 0.000098
2026-05-28 13:00:54,312 - base_minigpt_encoder - INFO - [Epoch 30/300][Batch 3701/9303] BatchTime = 0.590 (s) DataTime = 0.002 (s) Losses = ['0.8548', '0.0119'] lr = 0.000098
2026-05-28 13:01:05,978 - base_minigpt_encoder - INFO - [Epoch 30/300][Batch 3721/9303] BatchTime = 0.582 (s) DataTime = 0.001 (s) Losses = ['0.7680', '0.0261'] lr = 0.000098
2026-05-28 13:01:17,637 - base_minigpt_encoder - INFO - [Epoch 30/300][Batch 3741/9303] BatchTime = 0.579 (s) DataTime = 0.002 (s) Losses = ['0.7758', '0.0139'] lr = 0.000098
2026-05-28 13:01:29,297 - base_minigpt_encoder - INFO - [Epoch 30/300][Batch 3761/9303] BatchTime = 0.579 (s) DataTime = 0.002 (s) Losses = ['0.7872', '0.0098'] lr = 0.000098
2026-05-28 13:01:40,999 - base_minigpt_encoder - INFO - [Epoch 30/300][Batch 3781/9303] BatchTime = 0.583 (s) DataTime = 0.001 (s) Losses = ['0.7144', '0.0233'] lr = 0.000098
2026-05-28 13:01:52,701 - base_minigpt_encoder - INFO - [Epoch 30/300][Batch 3801/9303] BatchTime = 0.587 (s) DataTime = 0.001 (s) Losses = ['0.7682', '0.0182'] lr = 0.000098
2026-05-28 13:02:04,384 - base_minigpt_encoder - INFO - [Epoch 30/300][Batch 3821/9303] BatchTime = 0.591 (s) DataTime = 0.002 (s) Losses = ['0.7652', '0.0050'] lr = 0.000098
2026-05-28 13:02:16,176 - base_minigpt_encoder - INFO - [Epoch 30/300][Batch 3841/9303] BatchTime = 0.580 (s) DataTime = 0.001 (s) Losses = ['0.7654', '0.0204'] lr = 0.000098
2026-05-28 13:02:27,866 - base_minigpt_encoder - INFO - [Epoch 30/300][Batch 3861/9303] BatchTime = 0.580 (s) DataTime = 0.001 (s) Losses = ['0.7040', '0.0257'] lr = 0.000098
2026-05-28 13:02:39,592 - base_minigpt_encoder - INFO - [Epoch 30/300][Batch 3881/9303] BatchTime = 0.585 (s) DataTime = 0.001 (s) Losses = ['0.8269', '0.0063'] lr = 0.000098
2026-05-28 13:02:51,271 - base_minigpt_encoder - INFO - [Epoch 30/300][Batch 3901/9303] BatchTime = 0.590 (s) DataTime = 0.002 (s) Losses = ['0.7936', '0.0087'] lr = 0.000098
2026-05-28 13:03:02,972 - base_minigpt_encoder - INFO - [Epoch 30/300][Batch 3921/9303] BatchTime = 0.581 (s) DataTime = 0.002 (s) Losses = ['0.7586', '0.0263'] lr = 0.000098
2026-05-28 13:03:14,687 - base_minigpt_encoder - INFO - [Epoch 30/300][Batch 3941/9303] BatchTime = 0.581 (s) DataTime = 0.001 (s) Losses = ['0.8156', '0.0191'] lr = 0.000098
2026-05-28 13:03:26,406 - base_minigpt_encoder - INFO - [Epoch 30/300][Batch 3961/9303] BatchTime = 0.578 (s) DataTime = 0.001 (s) Losses = ['0.7406', '0.0047'] lr = 0.000098
2026-05-28 13:03:38,101 - base_minigpt_encoder - INFO - [Epoch 30/300][Batch 3981/9303] BatchTime = 0.593 (s) DataTime = 0.002 (s) Losses = ['0.8647', '0.0203'] lr = 0.000098
2026-05-28 13:03:49,826 - base_minigpt_encoder - INFO - [Epoch 30/300][Batch 4001/9303] BatchTime = 0.586 (s) DataTime = 0.001 (s) Losses = ['0.7816', '0.0207'] lr = 0.000098
2026-05-28 13:04:01,495 - base_minigpt_encoder - INFO - [Epoch 30/300][Batch 4021/9303] BatchTime = 0.581 (s) DataTime = 0.002 (s) Losses = ['0.7780', '0.0053'] lr = 0.000098
2026-05-28 13:04:13,204 - base_minigpt_encoder - INFO - [Epoch 30/300][Batch 4041/9303] BatchTime = 0.601 (s) DataTime = 0.001 (s) Losses = ['0.7638', '0.0184'] lr = 0.000098
2026-05-28 13:04:24,895 - base_minigpt_encoder - INFO - [Epoch 30/300][Batch 4061/9303] BatchTime = 0.583 (s) DataTime = 0.001 (s) Losses = ['0.7642', '0.0258'] lr = 0.000098
2026-05-28 13:04:36,580 - base_minigpt_encoder - INFO - [Epoch 30/300][Batch 4081/9303] BatchTime = 0.580 (s) DataTime = 0.002 (s) Losses = ['0.7629', '0.0102'] lr = 0.000098
2026-05-28 13:04:48,246 - base_minigpt_encoder - INFO - [Epoch 30/300][Batch 4101/9303] BatchTime = 0.584 (s) DataTime = 0.002 (s) Losses = ['0.8621', '0.0062'] lr = 0.000098
2026-05-28 13:04:59,935 - base_minigpt_encoder - INFO - [Epoch 30/300][Batch 4121/9303] BatchTime = 0.581 (s) DataTime = 0.001 (s) Losses = ['0.7405', '0.0242'] lr = 0.000098
2026-05-28 13:05:11,610 - base_minigpt_encoder - INFO - [Epoch 30/300][Batch 4141/9303] BatchTime = 0.582 (s) DataTime = 0.001 (s) Losses = ['0.7084', '0.0202'] lr = 0.000098
2026-05-28 13:05:23,305 - base_minigpt_encoder - INFO - [Epoch 30/300][Batch 4161/9303] BatchTime = 0.579 (s) DataTime = 0.001 (s) Losses = ['0.6876', '0.0053'] lr = 0.000098
2026-05-28 13:05:35,064 - base_minigpt_encoder - INFO - [Epoch 30/300][Batch 4181/9303] BatchTime = 0.583 (s) DataTime = 0.002 (s) Losses = ['0.8427', '0.0178'] lr = 0.000098
2026-05-28 13:05:46,755 - base_minigpt_encoder - INFO - [Epoch 30/300][Batch 4201/9303] BatchTime = 0.583 (s) DataTime = 0.002 (s) Losses = ['0.8180', '0.0221'] lr = 0.000098
2026-05-28 13:05:58,437 - base_minigpt_encoder - INFO - [Epoch 30/300][Batch 4221/9303] BatchTime = 0.590 (s) DataTime = 0.002 (s) Losses = ['0.7770', '0.0081'] lr = 0.000098
2026-05-28 13:06:10,137 - base_minigpt_encoder - INFO - [Epoch 30/300][Batch 4241/9303] BatchTime = 0.584 (s) DataTime = 0.001 (s) Losses = ['0.6899', '0.0126'] lr = 0.000098
2026-05-28 13:06:21,829 - base_minigpt_encoder - INFO - [Epoch 30/300][Batch 4261/9303] BatchTime = 0.580 (s) DataTime = 0.002 (s) Losses = ['0.7973', '0.0254'] lr = 0.000098
2026-05-28 13:06:33,509 - base_minigpt_encoder - INFO - [Epoch 30/300][Batch 4281/9303] BatchTime = 0.579 (s) DataTime = 0.002 (s) Losses = ['0.8258', '0.0107'] lr = 0.000098
2026-05-28 13:06:45,184 - base_minigpt_encoder - INFO - [Epoch 30/300][Batch 4301/9303] BatchTime = 0.582 (s) DataTime = 0.002 (s) Losses = ['0.7566', '0.0061'] lr = 0.000098
2026-05-28 13:06:56,852 - base_minigpt_encoder - INFO - [Epoch 30/300][Batch 4321/9303] BatchTime = 0.580 (s) DataTime = 0.002 (s) Losses = ['0.8180', '0.0266'] lr = 0.000098
2026-05-28 13:07:08,529 - base_minigpt_encoder - INFO - [Epoch 30/300][Batch 4341/9303] BatchTime = 0.587 (s) DataTime = 0.002 (s) Losses = ['0.7792', '0.0208'] lr = 0.000098
2026-05-28 13:07:20,228 - base_minigpt_encoder - INFO - [Epoch 30/300][Batch 4361/9303] BatchTime = 0.581 (s) DataTime = 0.001 (s) Losses = ['0.9104', '0.0058'] lr = 0.000098
2026-05-28 13:07:31,898 - base_minigpt_encoder - INFO - [Epoch 30/300][Batch 4381/9303] BatchTime = 0.581 (s) DataTime = 0.002 (s) Losses = ['0.7225', '0.0166'] lr = 0.000098
2026-05-28 13:07:43,599 - base_minigpt_encoder - INFO - [Epoch 30/300][Batch 4401/9303] BatchTime = 0.582 (s) DataTime = 0.002 (s) Losses = ['0.8144', '0.0263'] lr = 0.000098
2026-05-28 13:07:55,291 - base_minigpt_encoder - INFO - [Epoch 30/300][Batch 4421/9303] BatchTime = 0.581 (s) DataTime = 0.001 (s) Losses = ['0.8940', '0.0108'] lr = 0.000098
2026-05-28 13:08:06,958 - base_minigpt_encoder - INFO - [Epoch 30/300][Batch 4441/9303] BatchTime = 0.577 (s) DataTime = 0.001 (s) Losses = ['0.7697', '0.0145'] lr = 0.000098
2026-05-28 13:08:18,621 - base_minigpt_encoder - INFO - [Epoch 30/300][Batch 4461/9303] BatchTime = 0.582 (s) DataTime = 0.001 (s) Losses = ['0.7719', '0.0264'] lr = 0.000098
2026-05-28 13:08:30,305 - base_minigpt_encoder - INFO - [Epoch 30/300][Batch 4481/9303] BatchTime = 0.577 (s) DataTime = 0.001 (s) Losses = ['0.8517', '0.0152'] lr = 0.000098
2026-05-28 13:08:42,002 - base_minigpt_encoder - INFO - [Epoch 30/300][Batch 4501/9303] BatchTime = 0.586 (s) DataTime = 0.002 (s) Losses = ['0.8683', '0.0056'] lr = 0.000098
2026-05-28 13:08:53,672 - base_minigpt_encoder - INFO - [Epoch 30/300][Batch 4521/9303] BatchTime = 0.581 (s) DataTime = 0.001 (s) Losses = ['0.9359', '0.0258'] lr = 0.000098
2026-05-28 13:09:05,339 - base_minigpt_encoder - INFO - [Epoch 30/300][Batch 4541/9303] BatchTime = 0.579 (s) DataTime = 0.001 (s) Losses = ['0.8104', '0.0248'] lr = 0.000098
2026-05-28 13:09:16,984 - base_minigpt_encoder - INFO - [Epoch 30/300][Batch 4561/9303] BatchTime = 0.578 (s) DataTime = 0.002 (s) Losses = ['0.8598', '0.0060'] lr = 0.000098
2026-05-28 13:09:28,628 - base_minigpt_encoder - INFO - [Epoch 30/300][Batch 4581/9303] BatchTime = 0.580 (s) DataTime = 0.002 (s) Losses = ['0.7657', '0.0159'] lr = 0.000098
2026-05-28 13:09:40,292 - base_minigpt_encoder - INFO - [Epoch 30/300][Batch 4601/9303] BatchTime = 0.579 (s) DataTime = 0.001 (s) Losses = ['0.7334', '0.0292'] lr = 0.000098
2026-05-28 13:09:52,034 - base_minigpt_encoder - INFO - [Epoch 30/300][Batch 4621/9303] BatchTime = 0.581 (s) DataTime = 0.002 (s) Losses = ['0.7057', '0.0146'] lr = 0.000098
2026-05-28 13:10:03,698 - base_minigpt_encoder - INFO - [Epoch 30/300][Batch 4641/9303] BatchTime = 0.579 (s) DataTime = 0.001 (s) Losses = ['0.8112', '0.0121'] lr = 0.000098
2026-05-28 13:10:15,360 - base_minigpt_encoder - INFO - [Epoch 30/300][Batch 4661/9303] BatchTime = 0.583 (s) DataTime = 0.002 (s) Losses = ['0.8166', '0.0300'] lr = 0.000098
2026-05-28 13:10:27,042 - base_minigpt_encoder - INFO - [Epoch 30/300][Batch 4681/9303] BatchTime = 0.579 (s) DataTime = 0.001 (s) Losses = ['0.7841', '0.0184'] lr = 0.000098
2026-05-28 13:10:38,723 - base_minigpt_encoder - INFO - [Epoch 30/300][Batch 4701/9303] BatchTime = 0.580 (s) DataTime = 0.002 (s) Losses = ['0.7912', '0.0063'] lr = 0.000098
2026-05-28 13:10:50,401 - base_minigpt_encoder - INFO - [Epoch 30/300][Batch 4721/9303] BatchTime = 0.579 (s) DataTime = 0.002 (s) Losses = ['0.7891', '0.0249'] lr = 0.000098
2026-05-28 13:11:02,083 - base_minigpt_encoder - INFO - [Epoch 30/300][Batch 4741/9303] BatchTime = 0.586 (s) DataTime = 0.001 (s) Losses = ['0.8054', '0.0283'] lr = 0.000098
2026-05-28 13:11:13,774 - base_minigpt_encoder - INFO - [Epoch 30/300][Batch 4761/9303] BatchTime = 0.590 (s) DataTime = 0.002 (s) Losses = ['0.8524', '0.0079'] lr = 0.000098
2026-05-28 13:11:25,448 - base_minigpt_encoder - INFO - [Epoch 30/300][Batch 4781/9303] BatchTime = 0.588 (s) DataTime = 0.002 (s) Losses = ['0.8680', '0.0101'] lr = 0.000098
2026-05-28 13:11:37,110 - base_minigpt_encoder - INFO - [Epoch 30/300][Batch 4801/9303] BatchTime = 0.578 (s) DataTime = 0.001 (s) Losses = ['0.8390', '0.0310'] lr = 0.000098
2026-05-28 13:11:48,751 - base_minigpt_encoder - INFO - [Epoch 30/300][Batch 4821/9303] BatchTime = 0.580 (s) DataTime = 0.002 (s) Losses = ['0.7364', '0.0189'] lr = 0.000098
2026-05-28 13:12:00,435 - base_minigpt_encoder - INFO - [Epoch 30/300][Batch 4841/9303] BatchTime = 0.579 (s) DataTime = 0.002 (s) Losses = ['0.8279', '0.0092'] lr = 0.000098
2026-05-28 13:12:12,089 - base_minigpt_encoder - INFO - [Epoch 30/300][Batch 4861/9303] BatchTime = 0.582 (s) DataTime = 0.002 (s) Losses = ['0.8579', '0.0235'] lr = 0.000098
2026-05-28 13:12:23,750 - base_minigpt_encoder - INFO - [Epoch 30/300][Batch 4881/9303] BatchTime = 0.581 (s) DataTime = 0.002 (s) Losses = ['0.7612', '0.0210'] lr = 0.000098
2026-05-28 13:12:35,408 - base_minigpt_encoder - INFO - [Epoch 30/300][Batch 4901/9303] BatchTime = 0.582 (s) DataTime = 0.002 (s) Losses = ['0.7788', '0.0086'] lr = 0.000098
2026-05-28 13:12:47,069 - base_minigpt_encoder - INFO - [Epoch 30/300][Batch 4921/9303] BatchTime = 0.579 (s) DataTime = 0.001 (s) Losses = ['0.7789', '0.0187'] lr = 0.000098
2026-05-28 13:12:58,769 - base_minigpt_encoder - INFO - [Epoch 30/300][Batch 4941/9303] BatchTime = 0.581 (s) DataTime = 0.002 (s) Losses = ['0.7278', '0.0288'] lr = 0.000098
2026-05-28 13:13:10,474 - base_minigpt_encoder - INFO - [Epoch 30/300][Batch 4961/9303] BatchTime = 0.581 (s) DataTime = 0.002 (s) Losses = ['0.7072', '0.0091'] lr = 0.000098
2026-05-28 13:13:22,093 - base_minigpt_encoder - INFO - [Epoch 30/300][Batch 4981/9303] BatchTime = 0.581 (s) DataTime = 0.002 (s) Losses = ['0.7301', '0.0078'] lr = 0.000098
2026-05-28 13:13:33,765 - base_minigpt_encoder - INFO - [Epoch 30/300][Batch 5001/9303] BatchTime = 0.579 (s) DataTime = 0.002 (s) Losses = ['0.7860', '0.0257'] lr = 0.000098
2026-05-28 13:13:45,448 - base_minigpt_encoder - INFO - [Epoch 30/300][Batch 5021/9303] BatchTime = 0.581 (s) DataTime = 0.002 (s) Losses = ['0.7442', '0.0241'] lr = 0.000098
2026-05-28 13:13:57,245 - base_minigpt_encoder - INFO - [Epoch 30/300][Batch 5041/9303] BatchTime = 0.579 (s) DataTime = 0.002 (s) Losses = ['0.8133', '0.0060'] lr = 0.000098
2026-05-28 13:14:08,880 - base_minigpt_encoder - INFO - [Epoch 30/300][Batch 5061/9303] BatchTime = 0.581 (s) DataTime = 0.002 (s) Losses = ['0.7676', '0.0154'] lr = 0.000098
2026-05-28 13:14:20,579 - base_minigpt_encoder - INFO - [Epoch 30/300][Batch 5081/9303] BatchTime = 0.583 (s) DataTime = 0.001 (s) Losses = ['0.8261', '0.0253'] lr = 0.000098
2026-05-28 13:14:32,254 - base_minigpt_encoder - INFO - [Epoch 30/300][Batch 5101/9303] BatchTime = 0.583 (s) DataTime = 0.002 (s) Losses = ['0.7283', '0.0112'] lr = 0.000098
2026-05-28 13:14:43,970 - base_minigpt_encoder - INFO - [Epoch 30/300][Batch 5121/9303] BatchTime = 0.591 (s) DataTime = 0.001 (s) Losses = ['0.7683', '0.0111'] lr = 0.000098
2026-05-28 13:14:55,651 - base_minigpt_encoder - INFO - [Epoch 30/300][Batch 5141/9303] BatchTime = 0.593 (s) DataTime = 0.002 (s) Losses = ['0.7842', '0.0239'] lr = 0.000098
2026-05-28 13:15:07,283 - base_minigpt_encoder - INFO - [Epoch 30/300][Batch 5161/9303] BatchTime = 0.577 (s) DataTime = 0.002 (s) Losses = ['0.7407', '0.0158'] lr = 0.000098
2026-05-28 13:15:18,932 - base_minigpt_encoder - INFO - [Epoch 30/300][Batch 5181/9303] BatchTime = 0.582 (s) DataTime = 0.001 (s) Losses = ['0.7222', '0.0048'] lr = 0.000098
2026-05-28 13:15:30,597 - base_minigpt_encoder - INFO - [Epoch 30/300][Batch 5201/9303] BatchTime = 0.579 (s) DataTime = 0.002 (s) Losses = ['0.8665', '0.0187'] lr = 0.000098
2026-05-28 13:15:42,257 - base_minigpt_encoder - INFO - [Epoch 30/300][Batch 5221/9303] BatchTime = 0.585 (s) DataTime = 0.001 (s) Losses = ['0.7539', '0.0253'] lr = 0.000098
2026-05-28 13:15:53,916 - base_minigpt_encoder - INFO - [Epoch 30/300][Batch 5241/9303] BatchTime = 0.577 (s) DataTime = 0.002 (s) Losses = ['0.7611', '0.0069'] lr = 0.000098
2026-05-28 13:16:05,617 - base_minigpt_encoder - INFO - [Epoch 30/300][Batch 5261/9303] BatchTime = 0.585 (s) DataTime = 0.002 (s) Losses = ['0.8023', '0.0095'] lr = 0.000098
2026-05-28 13:16:17,287 - base_minigpt_encoder - INFO - [Epoch 30/300][Batch 5281/9303] BatchTime = 0.582 (s) DataTime = 0.001 (s) Losses = ['0.7981', '0.0236'] lr = 0.000098
2026-05-28 13:16:28,957 - base_minigpt_encoder - INFO - [Epoch 30/300][Batch 5301/9303] BatchTime = 0.583 (s) DataTime = 0.002 (s) Losses = ['0.8019', '0.0164'] lr = 0.000098
2026-05-28 13:16:40,629 - base_minigpt_encoder - INFO - [Epoch 30/300][Batch 5321/9303] BatchTime = 0.582 (s) DataTime = 0.001 (s) Losses = ['0.7654', '0.0077'] lr = 0.000098
2026-05-28 13:16:52,286 - base_minigpt_encoder - INFO - [Epoch 30/300][Batch 5341/9303] BatchTime = 0.584 (s) DataTime = 0.002 (s) Losses = ['0.8737', '0.0178'] lr = 0.000098
2026-05-28 13:17:03,957 - base_minigpt_encoder - INFO - [Epoch 30/300][Batch 5361/9303] BatchTime = 0.588 (s) DataTime = 0.001 (s) Losses = ['0.7622', '0.0159'] lr = 0.000098
2026-05-28 13:17:15,652 - base_minigpt_encoder - INFO - [Epoch 30/300][Batch 5381/9303] BatchTime = 0.591 (s) DataTime = 0.002 (s) Losses = ['0.8300', '0.0088'] lr = 0.000098
2026-05-28 13:17:27,338 - base_minigpt_encoder - INFO - [Epoch 30/300][Batch 5401/9303] BatchTime = 0.581 (s) DataTime = 0.001 (s) Losses = ['0.7007', '0.0154'] lr = 0.000098
2026-05-28 13:17:38,992 - base_minigpt_encoder - INFO - [Epoch 30/300][Batch 5421/9303] BatchTime = 0.580 (s) DataTime = 0.002 (s) Losses = ['0.7652', '0.0190'] lr = 0.000098
2026-05-28 13:17:50,645 - base_minigpt_encoder - INFO - [Epoch 30/300][Batch 5441/9303] BatchTime = 0.579 (s) DataTime = 0.001 (s) Losses = ['0.8071', '0.0095'] lr = 0.000098
2026-05-28 13:18:02,281 - base_minigpt_encoder - INFO - [Epoch 30/300][Batch 5461/9303] BatchTime = 0.582 (s) DataTime = 0.002 (s) Losses = ['0.7938', '0.0106'] lr = 0.000098
2026-05-28 13:18:13,926 - base_minigpt_encoder - INFO - [Epoch 30/300][Batch 5481/9303] BatchTime = 0.579 (s) DataTime = 0.002 (s) Losses = ['0.8124', '0.0201'] lr = 0.000098
2026-05-28 13:18:25,597 - base_minigpt_encoder - INFO - [Epoch 30/300][Batch 5501/9303] BatchTime = 0.581 (s) DataTime = 0.001 (s) Losses = ['0.7673', '0.0138'] lr = 0.000098
2026-05-28 13:18:37,267 - base_minigpt_encoder - INFO - [Epoch 30/300][Batch 5521/9303] BatchTime = 0.579 (s) DataTime = 0.001 (s) Losses = ['0.8462', '0.0098'] lr = 0.000098
2026-05-28 13:18:48,926 - base_minigpt_encoder - INFO - [Epoch 30/300][Batch 5541/9303] BatchTime = 0.582 (s) DataTime = 0.001 (s) Losses = ['0.8491', '0.0181'] lr = 0.000098
2026-05-28 13:19:00,575 - base_minigpt_encoder - INFO - [Epoch 30/300][Batch 5561/9303] BatchTime = 0.577 (s) DataTime = 0.001 (s) Losses = ['0.8593', '0.0169'] lr = 0.000098
2026-05-28 13:19:12,233 - base_minigpt_encoder - INFO - [Epoch 30/300][Batch 5581/9303] BatchTime = 0.582 (s) DataTime = 0.002 (s) Losses = ['0.7335', '0.0062'] lr = 0.000098
2026-05-28 13:19:23,923 - base_minigpt_encoder - INFO - [Epoch 30/300][Batch 5601/9303] BatchTime = 0.586 (s) DataTime = 0.001 (s) Losses = ['0.8646', '0.0181'] lr = 0.000098
2026-05-28 13:19:35,574 - base_minigpt_encoder - INFO - [Epoch 30/300][Batch 5621/9303] BatchTime = 0.582 (s) DataTime = 0.002 (s) Losses = ['0.8178', '0.0255'] lr = 0.000098
2026-05-28 13:19:47,290 - base_minigpt_encoder - INFO - [Epoch 30/300][Batch 5641/9303] BatchTime = 0.590 (s) DataTime = 0.001 (s) Losses = ['0.7025', '0.0066'] lr = 0.000098
2026-05-28 13:19:58,924 - base_minigpt_encoder - INFO - [Epoch 30/300][Batch 5661/9303] BatchTime = 0.582 (s) DataTime = 0.002 (s) Losses = ['0.7298', '0.0083'] lr = 0.000098
2026-05-28 13:20:10,593 - base_minigpt_encoder - INFO - [Epoch 30/300][Batch 5681/9303] BatchTime = 0.583 (s) DataTime = 0.002 (s) Losses = ['0.8028', '0.0227'] lr = 0.000098
2026-05-28 13:20:22,315 - base_minigpt_encoder - INFO - [Epoch 30/300][Batch 5701/9303] BatchTime = 0.590 (s) DataTime = 0.001 (s) Losses = ['0.7900', '0.0171'] lr = 0.000098
2026-05-28 13:20:34,004 - base_minigpt_encoder - INFO - [Epoch 30/300][Batch 5721/9303] BatchTime = 0.588 (s) DataTime = 0.002 (s) Losses = ['0.7739', '0.0044'] lr = 0.000098
2026-05-28 13:20:45,667 - base_minigpt_encoder - INFO - [Epoch 30/300][Batch 5741/9303] BatchTime = 0.590 (s) DataTime = 0.002 (s) Losses = ['0.7076', '0.0170'] lr = 0.000098
2026-05-28 13:20:57,369 - base_minigpt_encoder - INFO - [Epoch 30/300][Batch 5761/9303] BatchTime = 0.580 (s) DataTime = 0.002 (s) Losses = ['0.7439', '0.0212'] lr = 0.000098
2026-05-28 13:21:09,012 - base_minigpt_encoder - INFO - [Epoch 30/300][Batch 5781/9303] BatchTime = 0.593 (s) DataTime = 0.002 (s) Losses = ['0.8537', '0.0066'] lr = 0.000098
2026-05-28 13:21:20,697 - base_minigpt_encoder - INFO - [Epoch 30/300][Batch 5801/9303] BatchTime = 0.578 (s) DataTime = 0.001 (s) Losses = ['0.7888', '0.0135'] lr = 0.000098
2026-05-28 13:21:32,371 - base_minigpt_encoder - INFO - [Epoch 30/300][Batch 5821/9303] BatchTime = 0.603 (s) DataTime = 0.001 (s) Losses = ['0.8041', '0.0234'] lr = 0.000098
2026-05-28 13:21:44,037 - base_minigpt_encoder - INFO - [Epoch 30/300][Batch 5841/9303] BatchTime = 0.588 (s) DataTime = 0.002 (s) Losses = ['0.7334', '0.0099'] lr = 0.000098
2026-05-28 13:21:55,698 - base_minigpt_encoder - INFO - [Epoch 30/300][Batch 5861/9303] BatchTime = 0.587 (s) DataTime = 0.002 (s) Losses = ['0.8448', '0.0052'] lr = 0.000098
2026-05-28 13:22:07,366 - base_minigpt_encoder - INFO - [Epoch 30/300][Batch 5881/9303] BatchTime = 0.594 (s) DataTime = 0.001 (s) Losses = ['0.8005', '0.0240'] lr = 0.000098
2026-05-28 13:22:19,046 - base_minigpt_encoder - INFO - [Epoch 30/300][Batch 5901/9303] BatchTime = 0.581 (s) DataTime = 0.002 (s) Losses = ['0.7306', '0.0202'] lr = 0.000098
2026-05-28 13:22:30,722 - base_minigpt_encoder - INFO - [Epoch 30/300][Batch 5921/9303] BatchTime = 0.590 (s) DataTime = 0.001 (s) Losses = ['0.8092', '0.0061'] lr = 0.000098
2026-05-28 13:22:42,408 - base_minigpt_encoder - INFO - [Epoch 30/300][Batch 5941/9303] BatchTime = 0.580 (s) DataTime = 0.002 (s) Losses = ['0.7075', '0.0148'] lr = 0.000098
2026-05-28 13:22:54,072 - base_minigpt_encoder - INFO - [Epoch 30/300][Batch 5961/9303] BatchTime = 0.589 (s) DataTime = 0.002 (s) Losses = ['0.7468', '0.0234'] lr = 0.000098
2026-05-28 13:23:05,746 - base_minigpt_encoder - INFO - [Epoch 30/300][Batch 5981/9303] BatchTime = 0.586 (s) DataTime = 0.002 (s) Losses = ['0.7719', '0.0127'] lr = 0.000098
2026-05-28 13:23:17,373 - base_minigpt_encoder - INFO - [Epoch 30/300][Batch 6001/9303] BatchTime = 0.581 (s) DataTime = 0.001 (s) Losses = ['0.6845', '0.0126'] lr = 0.000098
2026-05-28 13:23:29,044 - base_minigpt_encoder - INFO - [Epoch 30/300][Batch 6021/9303] BatchTime = 0.582 (s) DataTime = 0.001 (s) Losses = ['0.7651', '0.0279'] lr = 0.000098
2026-05-28 13:23:40,695 - base_minigpt_encoder - INFO - [Epoch 30/300][Batch 6041/9303] BatchTime = 0.578 (s) DataTime = 0.001 (s) Losses = ['0.7875', '0.0134'] lr = 0.000098
2026-05-28 13:23:52,364 - base_minigpt_encoder - INFO - [Epoch 30/300][Batch 6061/9303] BatchTime = 0.581 (s) DataTime = 0.002 (s) Losses = ['0.8816', '0.0073'] lr = 0.000098
2026-05-28 13:24:04,086 - base_minigpt_encoder - INFO - [Epoch 30/300][Batch 6081/9303] BatchTime = 0.581 (s) DataTime = 0.001 (s) Losses = ['0.7985', '0.0246'] lr = 0.000098
2026-05-28 13:24:15,753 - base_minigpt_encoder - INFO - [Epoch 30/300][Batch 6101/9303] BatchTime = 0.584 (s) DataTime = 0.002 (s) Losses = ['0.7074', '0.0240'] lr = 0.000098
2026-05-28 13:24:27,432 - base_minigpt_encoder - INFO - [Epoch 30/300][Batch 6121/9303] BatchTime = 0.588 (s) DataTime = 0.002 (s) Losses = ['0.8094', '0.0056'] lr = 0.000098
2026-05-28 13:24:39,075 - base_minigpt_encoder - INFO - [Epoch 30/300][Batch 6141/9303] BatchTime = 0.575 (s) DataTime = 0.001 (s) Losses = ['0.6657', '0.0145'] lr = 0.000098
2026-05-28 13:24:50,744 - base_minigpt_encoder - INFO - [Epoch 30/300][Batch 6161/9303] BatchTime = 0.576 (s) DataTime = 0.002 (s) Losses = ['0.8321', '0.0301'] lr = 0.000098
2026-05-28 13:25:02,420 - base_minigpt_encoder - INFO - [Epoch 30/300][Batch 6181/9303] BatchTime = 0.582 (s) DataTime = 0.002 (s) Losses = ['0.7552', '0.0114'] lr = 0.000098
2026-05-28 13:25:14,087 - base_minigpt_encoder - INFO - [Epoch 30/300][Batch 6201/9303] BatchTime = 0.582 (s) DataTime = 0.002 (s) Losses = ['0.8584', '0.0122'] lr = 0.000098
2026-05-28 13:25:25,762 - base_minigpt_encoder - INFO - [Epoch 30/300][Batch 6221/9303] BatchTime = 0.583 (s) DataTime = 0.001 (s) Losses = ['0.7625', '0.0277'] lr = 0.000098
2026-05-28 13:25:37,409 - base_minigpt_encoder - INFO - [Epoch 30/300][Batch 6241/9303] BatchTime = 0.578 (s) DataTime = 0.001 (s) Losses = ['0.7938', '0.0179'] lr = 0.000098
2026-05-28 13:25:49,052 - base_minigpt_encoder - INFO - [Epoch 30/300][Batch 6261/9303] BatchTime = 0.579 (s) DataTime = 0.002 (s) Losses = ['0.7556', '0.0037'] lr = 0.000098
2026-05-28 13:26:00,727 - base_minigpt_encoder - INFO - [Epoch 30/300][Batch 6281/9303] BatchTime = 0.581 (s) DataTime = 0.002 (s) Losses = ['0.9055', '0.0252'] lr = 0.000098
2026-05-28 13:26:12,373 - base_minigpt_encoder - INFO - [Epoch 30/300][Batch 6301/9303] BatchTime = 0.582 (s) DataTime = 0.001 (s) Losses = ['0.8274', '0.0310'] lr = 0.000098
2026-05-28 13:26:24,025 - base_minigpt_encoder - INFO - [Epoch 30/300][Batch 6321/9303] BatchTime = 0.582 (s) DataTime = 0.002 (s) Losses = ['0.8987', '0.0043'] lr = 0.000098
2026-05-28 13:26:35,680 - base_minigpt_encoder - INFO - [Epoch 30/300][Batch 6341/9303] BatchTime = 0.582 (s) DataTime = 0.002 (s) Losses = ['0.8811', '0.0121'] lr = 0.000098
2026-05-28 13:26:47,362 - base_minigpt_encoder - INFO - [Epoch 30/300][Batch 6361/9303] BatchTime = 0.582 (s) DataTime = 0.002 (s) Losses = ['0.8392', '0.0341'] lr = 0.000098
2026-05-28 13:26:59,040 - base_minigpt_encoder - INFO - [Epoch 30/300][Batch 6381/9303] BatchTime = 0.589 (s) DataTime = 0.001 (s) Losses = ['0.7872', '0.0186'] lr = 0.000098
2026-05-28 13:27:10,674 - base_minigpt_encoder - INFO - [Epoch 30/300][Batch 6401/9303] BatchTime = 0.579 (s) DataTime = 0.001 (s) Losses = ['0.7737', '0.0053'] lr = 0.000098
2026-05-28 13:27:22,338 - base_minigpt_encoder - INFO - [Epoch 30/300][Batch 6421/9303] BatchTime = 0.588 (s) DataTime = 0.002 (s) Losses = ['0.8006', '0.0258'] lr = 0.000098
2026-05-28 13:27:33,997 - base_minigpt_encoder - INFO - [Epoch 30/300][Batch 6441/9303] BatchTime = 0.578 (s) DataTime = 0.001 (s) Losses = ['0.7261', '0.0229'] lr = 0.000098
2026-05-28 13:27:45,667 - base_minigpt_encoder - INFO - [Epoch 30/300][Batch 6461/9303] BatchTime = 0.583 (s) DataTime = 0.002 (s) Losses = ['0.6716', '0.0058'] lr = 0.000098
2026-05-28 13:27:57,362 - base_minigpt_encoder - INFO - [Epoch 30/300][Batch 6481/9303] BatchTime = 0.599 (s) DataTime = 0.001 (s) Losses = ['0.7221', '0.0226'] lr = 0.000098
2026-05-28 13:28:09,033 - base_minigpt_encoder - INFO - [Epoch 30/300][Batch 6501/9303] BatchTime = 0.579 (s) DataTime = 0.001 (s) Losses = ['0.7997', '0.0295'] lr = 0.000098
2026-05-28 13:28:20,685 - base_minigpt_encoder - INFO - [Epoch 30/300][Batch 6521/9303] BatchTime = 0.580 (s) DataTime = 0.002 (s) Losses = ['0.7054', '0.0094'] lr = 0.000098
2026-05-28 13:28:32,371 - base_minigpt_encoder - INFO - [Epoch 30/300][Batch 6541/9303] BatchTime = 0.580 (s) DataTime = 0.002 (s) Losses = ['0.8550', '0.0076'] lr = 0.000098
2026-05-28 13:28:44,028 - base_minigpt_encoder - INFO - [Epoch 30/300][Batch 6561/9303] BatchTime = 0.584 (s) DataTime = 0.001 (s) Losses = ['0.7788', '0.0319'] lr = 0.000098
2026-05-28 13:28:55,668 - base_minigpt_encoder - INFO - [Epoch 30/300][Batch 6581/9303] BatchTime = 0.581 (s) DataTime = 0.002 (s) Losses = ['0.7607', '0.0192'] lr = 0.000098
2026-05-28 13:29:07,339 - base_minigpt_encoder - INFO - [Epoch 30/300][Batch 6601/9303] BatchTime = 0.577 (s) DataTime = 0.002 (s) Losses = ['0.7712', '0.0056'] lr = 0.000098
2026-05-28 13:29:18,964 - base_minigpt_encoder - INFO - [Epoch 30/300][Batch 6621/9303] BatchTime = 0.580 (s) DataTime = 0.001 (s) Losses = ['0.6946', '0.0219'] lr = 0.000098
2026-05-28 13:29:30,599 - base_minigpt_encoder - INFO - [Epoch 30/300][Batch 6641/9303] BatchTime = 0.577 (s) DataTime = 0.001 (s) Losses = ['0.7977', '0.0250'] lr = 0.000098
2026-05-28 13:29:42,265 - base_minigpt_encoder - INFO - [Epoch 30/300][Batch 6661/9303] BatchTime = 0.583 (s) DataTime = 0.002 (s) Losses = ['0.8136', '0.0077'] lr = 0.000098
2026-05-28 13:29:53,919 - base_minigpt_encoder - INFO - [Epoch 30/300][Batch 6681/9303] BatchTime = 0.580 (s) DataTime = 0.001 (s) Losses = ['0.7932', '0.0208'] lr = 0.000098
2026-05-28 13:30:05,561 - base_minigpt_encoder - INFO - [Epoch 30/300][Batch 6701/9303] BatchTime = 0.582 (s) DataTime = 0.002 (s) Losses = ['0.7534', '0.0352'] lr = 0.000098
2026-05-28 13:30:17,237 - base_minigpt_encoder - INFO - [Epoch 30/300][Batch 6721/9303] BatchTime = 0.587 (s) DataTime = 0.001 (s) Losses = ['0.7750', '0.0095'] lr = 0.000098
2026-05-28 13:30:28,875 - base_minigpt_encoder - INFO - [Epoch 30/300][Batch 6741/9303] BatchTime = 0.581 (s) DataTime = 0.002 (s) Losses = ['0.8107', '0.0068'] lr = 0.000098
2026-05-28 13:30:40,579 - base_minigpt_encoder - INFO - [Epoch 30/300][Batch 6761/9303] BatchTime = 0.576 (s) DataTime = 0.001 (s) Losses = ['0.8682', '0.0332'] lr = 0.000098
2026-05-28 13:30:52,243 - base_minigpt_encoder - INFO - [Epoch 30/300][Batch 6781/9303] BatchTime = 0.580 (s) DataTime = 0.002 (s) Losses = ['0.7602', '0.0271'] lr = 0.000098
2026-05-28 13:31:03,895 - base_minigpt_encoder - INFO - [Epoch 30/300][Batch 6801/9303] BatchTime = 0.582 (s) DataTime = 0.001 (s) Losses = ['0.8300', '0.0035'] lr = 0.000098
2026-05-28 13:31:15,560 - base_minigpt_encoder - INFO - [Epoch 30/300][Batch 6821/9303] BatchTime = 0.579 (s) DataTime = 0.002 (s) Losses = ['0.7977', '0.0199'] lr = 0.000098
2026-05-28 13:31:27,245 - base_minigpt_encoder - INFO - [Epoch 30/300][Batch 6841/9303] BatchTime = 0.578 (s) DataTime = 0.001 (s) Losses = ['0.7717', '0.0329'] lr = 0.000098
2026-05-28 13:31:38,899 - base_minigpt_encoder - INFO - [Epoch 30/300][Batch 6861/9303] BatchTime = 0.578 (s) DataTime = 0.002 (s) Losses = ['0.7819', '0.0104'] lr = 0.000098
2026-05-28 13:31:50,562 - base_minigpt_encoder - INFO - [Epoch 30/300][Batch 6881/9303] BatchTime = 0.576 (s) DataTime = 0.001 (s) Losses = ['0.7239', '0.0156'] lr = 0.000098
2026-05-28 13:32:02,213 - base_minigpt_encoder - INFO - [Epoch 30/300][Batch 6901/9303] BatchTime = 0.579 (s) DataTime = 0.002 (s) Losses = ['0.8270', '0.0369'] lr = 0.000098
2026-05-28 13:32:13,856 - base_minigpt_encoder - INFO - [Epoch 30/300][Batch 6921/9303] BatchTime = 0.580 (s) DataTime = 0.002 (s) Losses = ['0.7555', '0.0165'] lr = 0.000098
2026-05-28 13:32:25,525 - base_minigpt_encoder - INFO - [Epoch 30/300][Batch 6941/9303] BatchTime = 0.582 (s) DataTime = 0.002 (s) Losses = ['0.7588', '0.0039'] lr = 0.000098
2026-05-28 13:32:37,172 - base_minigpt_encoder - INFO - [Epoch 30/300][Batch 6961/9303] BatchTime = 0.578 (s) DataTime = 0.001 (s) Losses = ['0.7364', '0.0327'] lr = 0.000098
2026-05-28 13:32:48,830 - base_minigpt_encoder - INFO - [Epoch 30/300][Batch 6981/9303] BatchTime = 0.585 (s) DataTime = 0.002 (s) Losses = ['0.6706', '0.0347'] lr = 0.000098
2026-05-28 13:33:00,529 - base_minigpt_encoder - INFO - [Epoch 30/300][Batch 7001/9303] BatchTime = 0.579 (s) DataTime = 0.002 (s) Losses = ['0.6780', '0.0052'] lr = 0.000098
2026-05-28 13:33:12,180 - base_minigpt_encoder - INFO - [Epoch 30/300][Batch 7021/9303] BatchTime = 0.579 (s) DataTime = 0.002 (s) Losses = ['0.8084', '0.0156'] lr = 0.000098
2026-05-28 13:33:23,820 - base_minigpt_encoder - INFO - [Epoch 30/300][Batch 7041/9303] BatchTime = 0.579 (s) DataTime = 0.002 (s) Losses = ['0.7918', '0.0355'] lr = 0.000098
2026-05-28 13:33:35,499 - base_minigpt_encoder - INFO - [Epoch 30/300][Batch 7061/9303] BatchTime = 0.590 (s) DataTime = 0.001 (s) Losses = ['0.7422', '0.0220'] lr = 0.000098
2026-05-28 13:33:47,168 - base_minigpt_encoder - INFO - [Epoch 30/300][Batch 7081/9303] BatchTime = 0.578 (s) DataTime = 0.001 (s) Losses = ['0.8651', '0.0086'] lr = 0.000098
2026-05-28 13:33:58,842 - base_minigpt_encoder - INFO - [Epoch 30/300][Batch 7101/9303] BatchTime = 0.601 (s) DataTime = 0.002 (s) Losses = ['0.7694', '0.0322'] lr = 0.000098
2026-05-28 13:34:10,486 - base_minigpt_encoder - INFO - [Epoch 30/300][Batch 7121/9303] BatchTime = 0.579 (s) DataTime = 0.002 (s) Losses = ['0.8377', '0.0286'] lr = 0.000098
2026-05-28 13:34:22,123 - base_minigpt_encoder - INFO - [Epoch 30/300][Batch 7141/9303] BatchTime = 0.580 (s) DataTime = 0.001 (s) Losses = ['0.7947', '0.0075'] lr = 0.000098
2026-05-28 13:34:33,750 - base_minigpt_encoder - INFO - [Epoch 30/300][Batch 7161/9303] BatchTime = 0.578 (s) DataTime = 0.001 (s) Losses = ['0.7319', '0.0218'] lr = 0.000098
2026-05-28 13:34:45,422 - base_minigpt_encoder - INFO - [Epoch 30/300][Batch 7181/9303] BatchTime = 0.580 (s) DataTime = 0.001 (s) Losses = ['0.7387', '0.0342'] lr = 0.000098
2026-05-28 13:34:57,092 - base_minigpt_encoder - INFO - [Epoch 30/300][Batch 7201/9303] BatchTime = 0.580 (s) DataTime = 0.002 (s) Losses = ['0.8401', '0.0127'] lr = 0.000098
2026-05-28 13:35:08,759 - base_minigpt_encoder - INFO - [Epoch 30/300][Batch 7221/9303] BatchTime = 0.582 (s) DataTime = 0.001 (s) Losses = ['0.8761', '0.0062'] lr = 0.000098
2026-05-28 13:35:20,421 - base_minigpt_encoder - INFO - [Epoch 30/300][Batch 7241/9303] BatchTime = 0.582 (s) DataTime = 0.002 (s) Losses = ['0.8899', '0.0359'] lr = 0.000098
2026-05-28 13:35:32,074 - base_minigpt_encoder - INFO - [Epoch 30/300][Batch 7261/9303] BatchTime = 0.582 (s) DataTime = 0.002 (s) Losses = ['0.6781', '0.0275'] lr = 0.000098
2026-05-28 13:35:43,732 - base_minigpt_encoder - INFO - [Epoch 30/300][Batch 7281/9303] BatchTime = 0.580 (s) DataTime = 0.002 (s) Losses = ['0.7011', '0.0043'] lr = 0.000098
2026-05-28 13:35:55,386 - base_minigpt_encoder - INFO - [Epoch 30/300][Batch 7301/9303] BatchTime = 0.589 (s) DataTime = 0.001 (s) Losses = ['0.8264', '0.0186'] lr = 0.000098
2026-05-28 13:36:07,059 - base_minigpt_encoder - INFO - [Epoch 30/300][Batch 7321/9303] BatchTime = 0.602 (s) DataTime = 0.001 (s) Losses = ['0.7584', '0.0321'] lr = 0.000098
2026-05-28 13:36:18,724 - base_minigpt_encoder - INFO - [Epoch 30/300][Batch 7341/9303] BatchTime = 0.581 (s) DataTime = 0.001 (s) Losses = ['0.7058', '0.0123'] lr = 0.000098
2026-05-28 13:36:30,380 - base_minigpt_encoder - INFO - [Epoch 30/300][Batch 7361/9303] BatchTime = 0.583 (s) DataTime = 0.001 (s) Losses = ['0.7839', '0.0079'] lr = 0.000098
2026-05-28 13:36:41,988 - base_minigpt_encoder - INFO - [Epoch 30/300][Batch 7381/9303] BatchTime = 0.575 (s) DataTime = 0.002 (s) Losses = ['0.7750', '0.0273'] lr = 0.000098
2026-05-28 13:36:53,642 - base_minigpt_encoder - INFO - [Epoch 30/300][Batch 7401/9303] BatchTime = 0.577 (s) DataTime = 0.002 (s) Losses = ['0.7134', '0.0183'] lr = 0.000098
2026-05-28 13:37:05,295 - base_minigpt_encoder - INFO - [Epoch 30/300][Batch 7421/9303] BatchTime = 0.581 (s) DataTime = 0.002 (s) Losses = ['0.8649', '0.0035'] lr = 0.000098
2026-05-28 13:37:16,938 - base_minigpt_encoder - INFO - [Epoch 30/300][Batch 7441/9303] BatchTime = 0.581 (s) DataTime = 0.002 (s) Losses = ['0.8036', '0.0230'] lr = 0.000098
2026-05-28 13:37:28,567 - base_minigpt_encoder - INFO - [Epoch 30/300][Batch 7461/9303] BatchTime = 0.581 (s) DataTime = 0.001 (s) Losses = ['0.8133', '0.0290'] lr = 0.000098
2026-05-28 13:37:40,233 - base_minigpt_encoder - INFO - [Epoch 30/300][Batch 7481/9303] BatchTime = 0.590 (s) DataTime = 0.001 (s) Losses = ['0.7420', '0.0059'] lr = 0.000098
2026-05-28 13:37:51,841 - base_minigpt_encoder - INFO - [Epoch 30/300][Batch 7501/9303] BatchTime = 0.580 (s) DataTime = 0.001 (s) Losses = ['0.7887', '0.0067'] lr = 0.000098
2026-05-28 13:38:03,500 - base_minigpt_encoder - INFO - [Epoch 30/300][Batch 7521/9303] BatchTime = 0.583 (s) DataTime = 0.002 (s) Losses = ['0.8040', '0.0329'] lr = 0.000098
2026-05-28 13:38:15,138 - base_minigpt_encoder - INFO - [Epoch 30/300][Batch 7541/9303] BatchTime = 0.584 (s) DataTime = 0.002 (s) Losses = ['0.7480', '0.0208'] lr = 0.000098
2026-05-28 13:38:26,756 - base_minigpt_encoder - INFO - [Epoch 30/300][Batch 7561/9303] BatchTime = 0.578 (s) DataTime = 0.001 (s) Losses = ['0.7364', '0.0054'] lr = 0.000098
2026-05-28 13:38:38,386 - base_minigpt_encoder - INFO - [Epoch 30/300][Batch 7581/9303] BatchTime = 0.600 (s) DataTime = 0.002 (s) Losses = ['0.7419', '0.0192'] lr = 0.000098
2026-05-28 13:38:50,061 - base_minigpt_encoder - INFO - [Epoch 30/300][Batch 7601/9303] BatchTime = 0.590 (s) DataTime = 0.001 (s) Losses = ['0.7235', '0.0242'] lr = 0.000098
2026-05-28 13:39:01,736 - base_minigpt_encoder - INFO - [Epoch 30/300][Batch 7621/9303] BatchTime = 0.602 (s) DataTime = 0.002 (s) Losses = ['0.6908', '0.0079'] lr = 0.000098
2026-05-28 13:39:13,394 - base_minigpt_encoder - INFO - [Epoch 30/300][Batch 7641/9303] BatchTime = 0.584 (s) DataTime = 0.002 (s) Losses = ['0.7751', '0.0138'] lr = 0.000098
2026-05-28 13:39:25,016 - base_minigpt_encoder - INFO - [Epoch 30/300][Batch 7661/9303] BatchTime = 0.578 (s) DataTime = 0.001 (s) Losses = ['0.8391', '0.0282'] lr = 0.000098
2026-05-28 13:39:36,629 - base_minigpt_encoder - INFO - [Epoch 30/300][Batch 7681/9303] BatchTime = 0.579 (s) DataTime = 0.001 (s) Losses = ['0.7359', '0.0107'] lr = 0.000098
2026-05-28 13:39:48,282 - base_minigpt_encoder - INFO - [Epoch 30/300][Batch 7701/9303] BatchTime = 0.578 (s) DataTime = 0.002 (s) Losses = ['0.8350', '0.0054'] lr = 0.000098
2026-05-28 13:39:59,934 - base_minigpt_encoder - INFO - [Epoch 30/300][Batch 7721/9303] BatchTime = 0.576 (s) DataTime = 0.001 (s) Losses = ['0.7798', '0.0275'] lr = 0.000098
2026-05-28 13:40:11,579 - base_minigpt_encoder - INFO - [Epoch 30/300][Batch 7741/9303] BatchTime = 0.592 (s) DataTime = 0.001 (s) Losses = ['0.8167', '0.0233'] lr = 0.000098
2026-05-28 13:40:23,191 - base_minigpt_encoder - INFO - [Epoch 30/300][Batch 7761/9303] BatchTime = 0.578 (s) DataTime = 0.001 (s) Losses = ['0.7700', '0.0043'] lr = 0.000098
2026-05-28 13:40:34,850 - base_minigpt_encoder - INFO - [Epoch 30/300][Batch 7781/9303] BatchTime = 0.584 (s) DataTime = 0.002 (s) Losses = ['0.8159', '0.0170'] lr = 0.000098
2026-05-28 13:40:46,503 - base_minigpt_encoder - INFO - [Epoch 30/300][Batch 7801/9303] BatchTime = 0.582 (s) DataTime = 0.002 (s) Losses = ['0.7683', '0.0265'] lr = 0.000098
2026-05-28 13:40:58,103 - base_minigpt_encoder - INFO - [Epoch 30/300][Batch 7821/9303] BatchTime = 0.580 (s) DataTime = 0.002 (s) Losses = ['0.7325', '0.0107'] lr = 0.000098
2026-05-28 13:41:09,730 - base_minigpt_encoder - INFO - [Epoch 30/300][Batch 7841/9303] BatchTime = 0.576 (s) DataTime = 0.001 (s) Losses = ['0.6730', '0.0119'] lr = 0.000098
2026-05-28 13:41:21,344 - base_minigpt_encoder - INFO - [Epoch 30/300][Batch 7861/9303] BatchTime = 0.575 (s) DataTime = 0.002 (s) Losses = ['0.8257', '0.0302'] lr = 0.000098
2026-05-28 13:41:32,991 - base_minigpt_encoder - INFO - [Epoch 30/300][Batch 7881/9303] BatchTime = 0.579 (s) DataTime = 0.002 (s) Losses = ['0.8173', '0.0163'] lr = 0.000098
2026-05-28 13:41:44,629 - base_minigpt_encoder - INFO - [Epoch 30/300][Batch 7901/9303] BatchTime = 0.581 (s) DataTime = 0.002 (s) Losses = ['0.8625', '0.0040'] lr = 0.000098
2026-05-28 13:41:56,302 - base_minigpt_encoder - INFO - [Epoch 30/300][Batch 7921/9303] BatchTime = 0.580 (s) DataTime = 0.002 (s) Losses = ['0.8308', '0.0244'] lr = 0.000098
2026-05-28 13:42:07,944 - base_minigpt_encoder - INFO - [Epoch 30/300][Batch 7941/9303] BatchTime = 0.578 (s) DataTime = 0.001 (s) Losses = ['0.7805', '0.0314'] lr = 0.000098
2026-05-28 13:42:19,589 - base_minigpt_encoder - INFO - [Epoch 30/300][Batch 7961/9303] BatchTime = 0.595 (s) DataTime = 0.002 (s) Losses = ['0.8173', '0.0049'] lr = 0.000098
2026-05-28 13:42:31,227 - base_minigpt_encoder - INFO - [Epoch 30/300][Batch 7981/9303] BatchTime = 0.580 (s) DataTime = 0.002 (s) Losses = ['0.8500', '0.0107'] lr = 0.000098
2026-05-28 13:42:42,872 - base_minigpt_encoder - INFO - [Epoch 30/300][Batch 8001/9303] BatchTime = 0.576 (s) DataTime = 0.002 (s) Losses = ['0.8909', '0.0311'] lr = 0.000098
2026-05-28 13:42:54,510 - base_minigpt_encoder - INFO - [Epoch 30/300][Batch 8021/9303] BatchTime = 0.581 (s) DataTime = 0.002 (s) Losses = ['0.7692', '0.0181'] lr = 0.000098
2026-05-28 13:43:06,133 - base_minigpt_encoder - INFO - [Epoch 30/300][Batch 8041/9303] BatchTime = 0.580 (s) DataTime = 0.001 (s) Losses = ['0.9102', '0.0057'] lr = 0.000098
2026-05-28 13:43:17,749 - base_minigpt_encoder - INFO - [Epoch 30/300][Batch 8061/9303] BatchTime = 0.578 (s) DataTime = 0.002 (s) Losses = ['0.7780', '0.0214'] lr = 0.000098
2026-05-28 13:43:29,397 - base_minigpt_encoder - INFO - [Epoch 30/300][Batch 8081/9303] BatchTime = 0.581 (s) DataTime = 0.002 (s) Losses = ['0.7189', '0.0241'] lr = 0.000098
2026-05-28 13:43:41,041 - base_minigpt_encoder - INFO - [Epoch 30/300][Batch 8101/9303] BatchTime = 0.581 (s) DataTime = 0.002 (s) Losses = ['0.8287', '0.0068'] lr = 0.000098
2026-05-28 13:43:52,656 - base_minigpt_encoder - INFO - [Epoch 30/300][Batch 8121/9303] BatchTime = 0.581 (s) DataTime = 0.002 (s) Losses = ['0.8348', '0.0166'] lr = 0.000098
2026-05-28 13:44:04,326 - base_minigpt_encoder - INFO - [Epoch 30/300][Batch 8141/9303] BatchTime = 0.583 (s) DataTime = 0.001 (s) Losses = ['0.7585', '0.0320'] lr = 0.000098
2026-05-28 13:44:15,977 - base_minigpt_encoder - INFO - [Epoch 30/300][Batch 8161/9303] BatchTime = 0.579 (s) DataTime = 0.001 (s) Losses = ['0.7986', '0.0121'] lr = 0.000098
2026-05-28 13:44:27,586 - base_minigpt_encoder - INFO - [Epoch 30/300][Batch 8181/9303] BatchTime = 0.579 (s) DataTime = 0.002 (s) Losses = ['0.7607', '0.0042'] lr = 0.000098
2026-05-28 13:44:39,213 - base_minigpt_encoder - INFO - [Epoch 30/300][Batch 8201/9303] BatchTime = 0.581 (s) DataTime = 0.001 (s) Losses = ['0.7781', '0.0317'] lr = 0.000098
2026-05-28 13:44:50,819 - base_minigpt_encoder - INFO - [Epoch 30/300][Batch 8221/9303] BatchTime = 0.576 (s) DataTime = 0.002 (s) Losses = ['0.7876', '0.0323'] lr = 0.000098
2026-05-28 13:45:02,439 - base_minigpt_encoder - INFO - [Epoch 30/300][Batch 8241/9303] BatchTime = 0.577 (s) DataTime = 0.001 (s) Losses = ['0.7630', '0.0050'] lr = 0.000098
2026-05-28 13:45:14,102 - base_minigpt_encoder - INFO - [Epoch 30/300][Batch 8261/9303] BatchTime = 0.578 (s) DataTime = 0.002 (s) Losses = ['0.7745', '0.0172'] lr = 0.000098
2026-05-28 13:45:25,732 - base_minigpt_encoder - INFO - [Epoch 30/300][Batch 8281/9303] BatchTime = 0.576 (s) DataTime = 0.002 (s) Losses = ['0.7132', '0.0341'] lr = 0.000098
2026-05-28 13:45:37,343 - base_minigpt_encoder - INFO - [Epoch 30/300][Batch 8301/9303] BatchTime = 0.576 (s) DataTime = 0.002 (s) Losses = ['0.7810', '0.0163'] lr = 0.000098
2026-05-28 13:45:48,953 - base_minigpt_encoder - INFO - [Epoch 30/300][Batch 8321/9303] BatchTime = 0.579 (s) DataTime = 0.001 (s) Losses = ['0.7469', '0.0088'] lr = 0.000098
2026-05-28 13:46:00,574 - base_minigpt_encoder - INFO - [Epoch 30/300][Batch 8341/9303] BatchTime = 0.591 (s) DataTime = 0.002 (s) Losses = ['0.7519', '0.0288'] lr = 0.000098
2026-05-28 13:46:12,197 - base_minigpt_encoder - INFO - [Epoch 30/300][Batch 8361/9303] BatchTime = 0.580 (s) DataTime = 0.002 (s) Losses = ['0.6969', '0.0187'] lr = 0.000098
2026-05-28 13:46:23,843 - base_minigpt_encoder - INFO - [Epoch 30/300][Batch 8381/9303] BatchTime = 0.582 (s) DataTime = 0.002 (s) Losses = ['0.7639', '0.0045'] lr = 0.000098
2026-05-28 13:46:35,484 - base_minigpt_encoder - INFO - [Epoch 30/300][Batch 8401/9303] BatchTime = 0.578 (s) DataTime = 0.002 (s) Losses = ['0.6940', '0.0220'] lr = 0.000098
2026-05-28 13:46:47,114 - base_minigpt_encoder - INFO - [Epoch 30/300][Batch 8421/9303] BatchTime = 0.577 (s) DataTime = 0.001 (s) Losses = ['0.7105', '0.0312'] lr = 0.000098
2026-05-28 13:46:58,721 - base_minigpt_encoder - INFO - [Epoch 30/300][Batch 8441/9303] BatchTime = 0.579 (s) DataTime = 0.002 (s) Losses = ['0.7856', '0.0084'] lr = 0.000098
2026-05-28 13:47:10,368 - base_minigpt_encoder - INFO - [Epoch 30/300][Batch 8461/9303] BatchTime = 0.580 (s) DataTime = 0.002 (s) Losses = ['0.7651', '0.0050'] lr = 0.000098
2026-05-28 13:47:21,985 - base_minigpt_encoder - INFO - [Epoch 30/300][Batch 8481/9303] BatchTime = 0.579 (s) DataTime = 0.002 (s) Losses = ['0.8107', '0.0334'] lr = 0.000098
2026-05-28 13:47:33,612 - base_minigpt_encoder - INFO - [Epoch 30/300][Batch 8501/9303] BatchTime = 0.578 (s) DataTime = 0.001 (s) Losses = ['0.7517', '0.0241'] lr = 0.000098
2026-05-28 13:47:45,252 - base_minigpt_encoder - INFO - [Epoch 30/300][Batch 8521/9303] BatchTime = 0.580 (s) DataTime = 0.001 (s) Losses = ['0.7490', '0.0034'] lr = 0.000098
2026-05-28 13:47:56,899 - base_minigpt_encoder - INFO - [Epoch 30/300][Batch 8541/9303] BatchTime = 0.581 (s) DataTime = 0.002 (s) Losses = ['0.7669', '0.0195'] lr = 0.000098
2026-05-28 13:48:08,556 - base_minigpt_encoder - INFO - [Epoch 30/300][Batch 8561/9303] BatchTime = 0.578 (s) DataTime = 0.001 (s) Losses = ['0.6910', '0.0273'] lr = 0.000098
2026-05-28 13:48:20,177 - base_minigpt_encoder - INFO - [Epoch 30/300][Batch 8581/9303] BatchTime = 0.592 (s) DataTime = 0.002 (s) Losses = ['0.7466', '0.0110'] lr = 0.000098
2026-05-28 13:48:31,826 - base_minigpt_encoder - INFO - [Epoch 30/300][Batch 8601/9303] BatchTime = 0.579 (s) DataTime = 0.002 (s) Losses = ['0.7000', '0.0136'] lr = 0.000098
2026-05-28 13:48:43,480 - base_minigpt_encoder - INFO - [Epoch 30/300][Batch 8621/9303] BatchTime = 0.581 (s) DataTime = 0.002 (s) Losses = ['0.6819', '0.0341'] lr = 0.000098
2026-05-28 13:48:55,085 - base_minigpt_encoder - INFO - [Epoch 30/300][Batch 8641/9303] BatchTime = 0.579 (s) DataTime = 0.001 (s) Losses = ['0.6523', '0.0162'] lr = 0.000098
2026-05-28 13:49:06,727 - base_minigpt_encoder - INFO - [Epoch 30/300][Batch 8661/9303] BatchTime = 0.602 (s) DataTime = 0.001 (s) Losses = ['0.8104', '0.0053'] lr = 0.000098
2026-05-28 13:49:18,341 - base_minigpt_encoder - INFO - [Epoch 30/300][Batch 8681/9303] BatchTime = 0.576 (s) DataTime = 0.001 (s) Losses = ['0.8892', '0.0288'] lr = 0.000098
2026-05-28 13:49:29,948 - base_minigpt_encoder - INFO - [Epoch 30/300][Batch 8701/9303] BatchTime = 0.579 (s) DataTime = 0.002 (s) Losses = ['0.8270', '0.0326'] lr = 0.000098
2026-05-28 13:49:41,585 - base_minigpt_encoder - INFO - [Epoch 30/300][Batch 8721/9303] BatchTime = 0.577 (s) DataTime = 0.002 (s) Losses = ['0.7462', '0.0066'] lr = 0.000098
2026-05-28 13:49:53,192 - base_minigpt_encoder - INFO - [Epoch 30/300][Batch 8741/9303] BatchTime = 0.579 (s) DataTime = 0.002 (s) Losses = ['0.7820', '0.0096'] lr = 0.000098
2026-05-28 13:50:04,782 - base_minigpt_encoder - INFO - [Epoch 30/300][Batch 8761/9303] BatchTime = 0.577 (s) DataTime = 0.002 (s) Losses = ['0.7576', '0.0368'] lr = 0.000098
2026-05-28 13:50:16,431 - base_minigpt_encoder - INFO - [Epoch 30/300][Batch 8781/9303] BatchTime = 0.578 (s) DataTime = 0.002 (s) Losses = ['0.7108', '0.0201'] lr = 0.000098
2026-05-28 13:50:28,054 - base_minigpt_encoder - INFO - [Epoch 30/300][Batch 8801/9303] BatchTime = 0.579 (s) DataTime = 0.001 (s) Losses = ['0.8253', '0.0077'] lr = 0.000098
2026-05-28 13:50:39,696 - base_minigpt_encoder - INFO - [Epoch 30/300][Batch 8821/9303] BatchTime = 0.580 (s) DataTime = 0.002 (s) Losses = ['0.7255', '0.0245'] lr = 0.000098
2026-05-28 13:50:51,373 - base_minigpt_encoder - INFO - [Epoch 30/300][Batch 8841/9303] BatchTime = 0.581 (s) DataTime = 0.001 (s) Losses = ['0.7690', '0.0257'] lr = 0.000098
2026-05-28 13:51:02,999 - base_minigpt_encoder - INFO - [Epoch 30/300][Batch 8861/9303] BatchTime = 0.580 (s) DataTime = 0.002 (s) Losses = ['0.8895', '0.0087'] lr = 0.000098
2026-05-28 13:51:14,655 - base_minigpt_encoder - INFO - [Epoch 30/300][Batch 8881/9303] BatchTime = 0.590 (s) DataTime = 0.001 (s) Losses = ['0.6975', '0.0159'] lr = 0.000098
2026-05-28 13:51:26,294 - base_minigpt_encoder - INFO - [Epoch 30/300][Batch 8901/9303] BatchTime = 0.577 (s) DataTime = 0.001 (s) Losses = ['0.7802', '0.0336'] lr = 0.000098
2026-05-28 13:51:37,911 - base_minigpt_encoder - INFO - [Epoch 30/300][Batch 8921/9303] BatchTime = 0.579 (s) DataTime = 0.001 (s) Losses = ['0.7584', '0.0139'] lr = 0.000098
2026-05-28 13:51:49,562 - base_minigpt_encoder - INFO - [Epoch 30/300][Batch 8941/9303] BatchTime = 0.590 (s) DataTime = 0.002 (s) Losses = ['0.8199', '0.0043'] lr = 0.000098
2026-05-28 13:52:01,204 - base_minigpt_encoder - INFO - [Epoch 30/300][Batch 8961/9303] BatchTime = 0.581 (s) DataTime = 0.002 (s) Losses = ['0.8662', '0.0303'] lr = 0.000098
2026-05-28 13:52:12,827 - base_minigpt_encoder - INFO - [Epoch 30/300][Batch 8981/9303] BatchTime = 0.579 (s) DataTime = 0.001 (s) Losses = ['0.7869', '0.0287'] lr = 0.000098
2026-05-28 13:52:24,515 - base_minigpt_encoder - INFO - [Epoch 30/300][Batch 9001/9303] BatchTime = 0.580 (s) DataTime = 0.002 (s) Losses = ['0.7216', '0.0044'] lr = 0.000098
2026-05-28 13:52:36,155 - base_minigpt_encoder - INFO - [Epoch 30/300][Batch 9021/9303] BatchTime = 0.584 (s) DataTime = 0.001 (s) Losses = ['0.8709', '0.0118'] lr = 0.000098
2026-05-28 13:52:47,803 - base_minigpt_encoder - INFO - [Epoch 30/300][Batch 9041/9303] BatchTime = 0.581 (s) DataTime = 0.001 (s) Losses = ['0.7633', '0.0342'] lr = 0.000098
2026-05-28 13:52:59,415 - base_minigpt_encoder - INFO - [Epoch 30/300][Batch 9061/9303] BatchTime = 0.580 (s) DataTime = 0.002 (s) Losses = ['0.7475', '0.0163'] lr = 0.000098
2026-05-28 13:53:11,034 - base_minigpt_encoder - INFO - [Epoch 30/300][Batch 9081/9303] BatchTime = 0.576 (s) DataTime = 0.001 (s) Losses = ['0.7096', '0.0078'] lr = 0.000098
2026-05-28 13:53:22,687 - base_minigpt_encoder - INFO - [Epoch 30/300][Batch 9101/9303] BatchTime = 0.582 (s) DataTime = 0.001 (s) Losses = ['0.8072', '0.0297'] lr = 0.000098
2026-05-28 13:53:34,293 - base_minigpt_encoder - INFO - [Epoch 30/300][Batch 9121/9303] BatchTime = 0.579 (s) DataTime = 0.001 (s) Losses = ['0.7765', '0.0261'] lr = 0.000098
2026-05-28 13:53:45,931 - base_minigpt_encoder - INFO - [Epoch 30/300][Batch 9141/9303] BatchTime = 0.578 (s) DataTime = 0.002 (s) Losses = ['0.7101', '0.0068'] lr = 0.000098
2026-05-28 13:53:57,560 - base_minigpt_encoder - INFO - [Epoch 30/300][Batch 9161/9303] BatchTime = 0.589 (s) DataTime = 0.002 (s) Losses = ['0.8541', '0.0203'] lr = 0.000098
2026-05-28 13:54:09,231 - base_minigpt_encoder - INFO - [Epoch 30/300][Batch 9181/9303] BatchTime = 0.591 (s) DataTime = 0.002 (s) Losses = ['0.8015', '0.0350'] lr = 0.000098
2026-05-28 13:54:20,849 - base_minigpt_encoder - INFO - [Epoch 30/300][Batch 9201/9303] BatchTime = 0.578 (s) DataTime = 0.002 (s) Losses = ['0.7526', '0.0099'] lr = 0.000098
2026-05-28 13:54:32,488 - base_minigpt_encoder - INFO - [Epoch 30/300][Batch 9221/9303] BatchTime = 0.579 (s) DataTime = 0.002 (s) Losses = ['0.8816', '0.0070'] lr = 0.000098
2026-05-28 13:54:44,092 - base_minigpt_encoder - INFO - [Epoch 30/300][Batch 9241/9303] BatchTime = 0.577 (s) DataTime = 0.001 (s) Losses = ['0.6912', '0.0267'] lr = 0.000098
2026-05-28 13:54:55,697 - base_minigpt_encoder - INFO - [Epoch 30/300][Batch 9261/9303] BatchTime = 0.579 (s) DataTime = 0.001 (s) Losses = ['0.6636', '0.0222'] lr = 0.000098
2026-05-28 13:55:07,365 - base_minigpt_encoder - INFO - [Epoch 30/300][Batch 9281/9303] BatchTime = 0.584 (s) DataTime = 0.001 (s) Losses = ['0.7995', '0.0053'] lr = 0.000098
2026-05-28 13:55:19,054 - base_minigpt_encoder - INFO - [Epoch 30/300][Batch 9301/9303] BatchTime = 0.580 (s) DataTime = 0.002 (s) Losses = ['0.7663', '0.0137'] lr = 0.000098
2026-05-28 13:55:20,235 - base_minigpt_encoder - INFO - [Training] EPOCH: 30 EpochTime = 5426.590 (s) Losses = ['0.7844', '0.0176'] lr = 0.000098
2026-05-28 13:55:20,476 - base_minigpt_encoder - INFO - Save checkpoint at ./experiments/base_minigpt_encoder/pretrain/pcp_minigpt_encoder_objaverse/ckpt-last.pth
2026-05-28 13:55:20,657 - base_minigpt_encoder - INFO - Save checkpoint at ./experiments/base_minigpt_encoder/pretrain/pcp_minigpt_encoder_objaverse/ckpt-epoch-030.pth
2026-05-28 13:55:21,403 - base_minigpt_encoder - INFO - [Epoch 31/300][Batch 1/9303] BatchTime = 0.745 (s) DataTime = 0.173 (s) Losses = ['0.7778', '0.0157'] lr = 0.000098
2026-05-28 13:55:33,015 - base_minigpt_encoder - INFO - [Epoch 31/300][Batch 21/9303] BatchTime = 0.581 (s) DataTime = 0.002 (s) Losses = ['0.7652', '0.0284'] lr = 0.000098
2026-05-28 13:55:44,656 - base_minigpt_encoder - INFO - [Epoch 31/300][Batch 41/9303] BatchTime = 0.594 (s) DataTime = 0.001 (s) Losses = ['0.7554', '0.0110'] lr = 0.000098
2026-05-28 13:55:56,296 - base_minigpt_encoder - INFO - [Epoch 31/300][Batch 61/9303] BatchTime = 0.577 (s) DataTime = 0.002 (s) Losses = ['0.8914', '0.0066'] lr = 0.000098
2026-05-28 13:56:07,922 - base_minigpt_encoder - INFO - [Epoch 31/300][Batch 81/9303] BatchTime = 0.582 (s) DataTime = 0.001 (s) Losses = ['0.8219', '0.0277'] lr = 0.000098
2026-05-28 13:56:19,538 - base_minigpt_encoder - INFO - [Epoch 31/300][Batch 101/9303] BatchTime = 0.579 (s) DataTime = 0.002 (s) Losses = ['0.6664', '0.0230'] lr = 0.000098
2026-05-28 13:56:31,167 - base_minigpt_encoder - INFO - [Epoch 31/300][Batch 121/9303] BatchTime = 0.585 (s) DataTime = 0.001 (s) Losses = ['0.7598', '0.0066'] lr = 0.000098
2026-05-28 13:56:42,767 - base_minigpt_encoder - INFO - [Epoch 31/300][Batch 141/9303] BatchTime = 0.578 (s) DataTime = 0.001 (s) Losses = ['0.8272', '0.0151'] lr = 0.000098
2026-05-28 13:56:54,370 - base_minigpt_encoder - INFO - [Epoch 31/300][Batch 161/9303] BatchTime = 0.578 (s) DataTime = 0.002 (s) Losses = ['0.7792', '0.0319'] lr = 0.000098
2026-05-28 13:57:06,015 - base_minigpt_encoder - INFO - [Epoch 31/300][Batch 181/9303] BatchTime = 0.578 (s) DataTime = 0.002 (s) Losses = ['0.7718', '0.0169'] lr = 0.000098
2026-05-28 13:57:17,649 - base_minigpt_encoder - INFO - [Epoch 31/300][Batch 201/9303] BatchTime = 0.575 (s) DataTime = 0.001 (s) Losses = ['0.7824', '0.0101'] lr = 0.000098
2026-05-28 13:57:29,278 - base_minigpt_encoder - INFO - [Epoch 31/300][Batch 221/9303] BatchTime = 0.578 (s) DataTime = 0.002 (s) Losses = ['0.7950', '0.0258'] lr = 0.000098
2026-05-28 13:57:40,920 - base_minigpt_encoder - INFO - [Epoch 31/300][Batch 241/9303] BatchTime = 0.575 (s) DataTime = 0.001 (s) Losses = ['0.8402', '0.0242'] lr = 0.000098
2026-05-28 13:57:52,552 - base_minigpt_encoder - INFO - [Epoch 31/300][Batch 261/9303] BatchTime = 0.580 (s) DataTime = 0.002 (s) Losses = ['0.7641', '0.0079'] lr = 0.000098
2026-05-28 13:58:04,161 - base_minigpt_encoder - INFO - [Epoch 31/300][Batch 281/9303] BatchTime = 0.578 (s) DataTime = 0.002 (s) Losses = ['0.6832', '0.0210'] lr = 0.000098
2026-05-28 13:58:15,793 - base_minigpt_encoder - INFO - [Epoch 31/300][Batch 301/9303] BatchTime = 0.590 (s) DataTime = 0.001 (s) Losses = ['0.7915', '0.0340'] lr = 0.000098
2026-05-28 13:58:27,417 - base_minigpt_encoder - INFO - [Epoch 31/300][Batch 321/9303] BatchTime = 0.579 (s) DataTime = 0.002 (s) Losses = ['0.7801', '0.0112'] lr = 0.000098
2026-05-28 13:58:39,047 - base_minigpt_encoder - INFO - [Epoch 31/300][Batch 341/9303] BatchTime = 0.577 (s) DataTime = 0.002 (s) Losses = ['0.6937', '0.0070'] lr = 0.000098
2026-05-28 13:58:50,747 - base_minigpt_encoder - INFO - [Epoch 31/300][Batch 361/9303] BatchTime = 0.577 (s) DataTime = 0.001 (s) Losses = ['0.8071', '0.0298'] lr = 0.000098
2026-05-28 13:59:02,401 - base_minigpt_encoder - INFO - [Epoch 31/300][Batch 381/9303] BatchTime = 0.575 (s) DataTime = 0.002 (s) Losses = ['0.7484', '0.0258'] lr = 0.000098
2026-05-28 13:59:14,006 - base_minigpt_encoder - INFO - [Epoch 31/300][Batch 401/9303] BatchTime = 0.577 (s) DataTime = 0.002 (s) Losses = ['0.7922', '0.0047'] lr = 0.000098
2026-05-28 13:59:25,612 - base_minigpt_encoder - INFO - [Epoch 31/300][Batch 421/9303] BatchTime = 0.578 (s) DataTime = 0.001 (s) Losses = ['0.8188', '0.0145'] lr = 0.000098
2026-05-28 13:59:37,248 - base_minigpt_encoder - INFO - [Epoch 31/300][Batch 441/9303] BatchTime = 0.577 (s) DataTime = 0.001 (s) Losses = ['0.7663', '0.0323'] lr = 0.000098
2026-05-28 13:59:48,874 - base_minigpt_encoder - INFO - [Epoch 31/300][Batch 461/9303] BatchTime = 0.578 (s) DataTime = 0.002 (s) Losses = ['0.8078', '0.0170'] lr = 0.000098
2026-05-28 14:00:00,510 - base_minigpt_encoder - INFO - [Epoch 31/300][Batch 481/9303] BatchTime = 0.577 (s) DataTime = 0.002 (s) Losses = ['0.8018', '0.0120'] lr = 0.000098
2026-05-28 14:00:12,129 - base_minigpt_encoder - INFO - [Epoch 31/300][Batch 501/9303] BatchTime = 0.578 (s) DataTime = 0.001 (s) Losses = ['0.8155', '0.0215'] lr = 0.000098
2026-05-28 14:00:23,765 - base_minigpt_encoder - INFO - [Epoch 31/300][Batch 521/9303] BatchTime = 0.578 (s) DataTime = 0.001 (s) Losses = ['0.8399', '0.0237'] lr = 0.000098
2026-05-28 14:00:35,371 - base_minigpt_encoder - INFO - [Epoch 31/300][Batch 541/9303] BatchTime = 0.582 (s) DataTime = 0.001 (s) Losses = ['0.7268', '0.0077'] lr = 0.000098
2026-05-28 14:00:46,991 - base_minigpt_encoder - INFO - [Epoch 31/300][Batch 561/9303] BatchTime = 0.577 (s) DataTime = 0.001 (s) Losses = ['0.8245', '0.0151'] lr = 0.000098
2026-05-28 14:00:58,612 - base_minigpt_encoder - INFO - [Epoch 31/300][Batch 581/9303] BatchTime = 0.584 (s) DataTime = 0.002 (s) Losses = ['0.7355', '0.0329'] lr = 0.000098
2026-05-28 14:01:10,231 - base_minigpt_encoder - INFO - [Epoch 31/300][Batch 601/9303] BatchTime = 0.580 (s) DataTime = 0.001 (s) Losses = ['0.7749', '0.0126'] lr = 0.000098
2026-05-28 14:01:21,871 - base_minigpt_encoder - INFO - [Epoch 31/300][Batch 621/9303] BatchTime = 0.579 (s) DataTime = 0.001 (s) Losses = ['0.7569', '0.0070'] lr = 0.000098
2026-05-28 14:01:33,482 - base_minigpt_encoder - INFO - [Epoch 31/300][Batch 641/9303] BatchTime = 0.578 (s) DataTime = 0.001 (s) Losses = ['0.7426', '0.0263'] lr = 0.000098
2026-05-28 14:01:45,082 - base_minigpt_encoder - INFO - [Epoch 31/300][Batch 661/9303] BatchTime = 0.581 (s) DataTime = 0.002 (s) Losses = ['0.7802', '0.0221'] lr = 0.000098
2026-05-28 14:01:56,688 - base_minigpt_encoder - INFO - [Epoch 31/300][Batch 681/9303] BatchTime = 0.580 (s) DataTime = 0.002 (s) Losses = ['0.7389', '0.0087'] lr = 0.000098
2026-05-28 14:02:08,312 - base_minigpt_encoder - INFO - [Epoch 31/300][Batch 701/9303] BatchTime = 0.580 (s) DataTime = 0.002 (s) Losses = ['0.7467', '0.0114'] lr = 0.000098
2026-05-28 14:02:19,956 - base_minigpt_encoder - INFO - [Epoch 31/300][Batch 721/9303] BatchTime = 0.587 (s) DataTime = 0.001 (s) Losses = ['0.6959', '0.0229'] lr = 0.000098
2026-05-28 14:02:31,601 - base_minigpt_encoder - INFO - [Epoch 31/300][Batch 741/9303] BatchTime = 0.579 (s) DataTime = 0.002 (s) Losses = ['0.7308', '0.0195'] lr = 0.000098
2026-05-28 14:02:43,264 - base_minigpt_encoder - INFO - [Epoch 31/300][Batch 761/9303] BatchTime = 0.581 (s) DataTime = 0.001 (s) Losses = ['0.7340', '0.0091'] lr = 0.000098
2026-05-28 14:02:54,922 - base_minigpt_encoder - INFO - [Epoch 31/300][Batch 781/9303] BatchTime = 0.582 (s) DataTime = 0.001 (s) Losses = ['0.7342', '0.0244'] lr = 0.000098
2026-05-28 14:03:06,540 - base_minigpt_encoder - INFO - [Epoch 31/300][Batch 801/9303] BatchTime = 0.580 (s) DataTime = 0.001 (s) Losses = ['0.8834', '0.0256'] lr = 0.000098
2026-05-28 14:03:18,186 - base_minigpt_encoder - INFO - [Epoch 31/300][Batch 821/9303] BatchTime = 0.580 (s) DataTime = 0.002 (s) Losses = ['0.9984', '0.0073'] lr = 0.000098
2026-05-28 14:03:29,797 - base_minigpt_encoder - INFO - [Epoch 31/300][Batch 841/9303] BatchTime = 0.575 (s) DataTime = 0.001 (s) Losses = ['0.7806', '0.0213'] lr = 0.000098
2026-05-28 14:03:41,434 - base_minigpt_encoder - INFO - [Epoch 31/300][Batch 861/9303] BatchTime = 0.577 (s) DataTime = 0.002 (s) Losses = ['0.8833', '0.0222'] lr = 0.000098
2026-05-28 14:03:53,049 - base_minigpt_encoder - INFO - [Epoch 31/300][Batch 881/9303] BatchTime = 0.576 (s) DataTime = 0.001 (s) Losses = ['0.8211', '0.0096'] lr = 0.000098
2026-05-28 14:04:04,645 - base_minigpt_encoder - INFO - [Epoch 31/300][Batch 901/9303] BatchTime = 0.581 (s) DataTime = 0.002 (s) Losses = ['0.9112', '0.0113'] lr = 0.000098
2026-05-28 14:04:16,318 - base_minigpt_encoder - INFO - [Epoch 31/300][Batch 921/9303] BatchTime = 0.577 (s) DataTime = 0.001 (s) Losses = ['0.8430', '0.0213'] lr = 0.000098
2026-05-28 14:04:27,959 - base_minigpt_encoder - INFO - [Epoch 31/300][Batch 941/9303] BatchTime = 0.593 (s) DataTime = 0.002 (s) Losses = ['0.7546', '0.0223'] lr = 0.000098
2026-05-28 14:04:39,598 - base_minigpt_encoder - INFO - [Epoch 31/300][Batch 961/9303] BatchTime = 0.585 (s) DataTime = 0.001 (s) Losses = ['0.8207', '0.0064'] lr = 0.000098
2026-05-28 14:04:51,217 - base_minigpt_encoder - INFO - [Epoch 31/300][Batch 981/9303] BatchTime = 0.580 (s) DataTime = 0.001 (s) Losses = ['0.8396', '0.0181'] lr = 0.000098
2026-05-28 14:05:02,811 - base_minigpt_encoder - INFO - [Epoch 31/300][Batch 1001/9303] BatchTime = 0.579 (s) DataTime = 0.002 (s) Losses = ['0.6487', '0.0277'] lr = 0.000098
2026-05-28 14:05:14,419 - base_minigpt_encoder - INFO - [Epoch 31/300][Batch 1021/9303] BatchTime = 0.580 (s) DataTime = 0.002 (s) Losses = ['0.8468', '0.0102'] lr = 0.000098
2026-05-28 14:05:26,056 - base_minigpt_encoder - INFO - [Epoch 31/300][Batch 1041/9303] BatchTime = 0.580 (s) DataTime = 0.001 (s) Losses = ['0.8052', '0.0168'] lr = 0.000098
2026-05-28 14:05:37,662 - base_minigpt_encoder - INFO - [Epoch 31/300][Batch 1061/9303] BatchTime = 0.579 (s) DataTime = 0.002 (s) Losses = ['0.7312', '0.0226'] lr = 0.000098
2026-05-28 14:05:49,256 - base_minigpt_encoder - INFO - [Epoch 31/300][Batch 1081/9303] BatchTime = 0.577 (s) DataTime = 0.002 (s) Losses = ['0.7033', '0.0170'] lr = 0.000098
2026-05-28 14:06:00,919 - base_minigpt_encoder - INFO - [Epoch 31/300][Batch 1101/9303] BatchTime = 0.583 (s) DataTime = 0.002 (s) Losses = ['0.7867', '0.0076'] lr = 0.000098
2026-05-28 14:06:12,515 - base_minigpt_encoder - INFO - [Epoch 31/300][Batch 1121/9303] BatchTime = 0.580 (s) DataTime = 0.002 (s) Losses = ['0.7952', '0.0241'] lr = 0.000098
2026-05-28 14:06:24,131 - base_minigpt_encoder - INFO - [Epoch 31/300][Batch 1141/9303] BatchTime = 0.580 (s) DataTime = 0.001 (s) Losses = ['0.7537', '0.0296'] lr = 0.000098
2026-05-28 14:06:35,753 - base_minigpt_encoder - INFO - [Epoch 31/300][Batch 1161/9303] BatchTime = 0.590 (s) DataTime = 0.002 (s) Losses = ['0.7119', '0.0083'] lr = 0.000098
2026-05-28 14:06:47,360 - base_minigpt_encoder - INFO - [Epoch 31/300][Batch 1181/9303] BatchTime = 0.578 (s) DataTime = 0.002 (s) Losses = ['0.7729', '0.0137'] lr = 0.000098
2026-05-28 14:06:59,021 - base_minigpt_encoder - INFO - [Epoch 31/300][Batch 1201/9303] BatchTime = 0.592 (s) DataTime = 0.001 (s) Losses = ['0.7355', '0.0266'] lr = 0.000098
2026-05-28 14:07:10,664 - base_minigpt_encoder - INFO - [Epoch 31/300][Batch 1221/9303] BatchTime = 0.582 (s) DataTime = 0.002 (s) Losses = ['0.8441', '0.0225'] lr = 0.000098
2026-05-28 14:07:22,294 - base_minigpt_encoder - INFO - [Epoch 31/300][Batch 1241/9303] BatchTime = 0.577 (s) DataTime = 0.002 (s) Losses = ['0.8049', '0.0091'] lr = 0.000098
2026-05-28 14:07:33,911 - base_minigpt_encoder - INFO - [Epoch 31/300][Batch 1261/9303] BatchTime = 0.589 (s) DataTime = 0.001 (s) Losses = ['0.8290', '0.0189'] lr = 0.000098
2026-05-28 14:07:45,592 - base_minigpt_encoder - INFO - [Epoch 31/300][Batch 1281/9303] BatchTime = 0.588 (s) DataTime = 0.001 (s) Losses = ['0.9537', '0.0294'] lr = 0.000098
2026-05-28 14:07:57,205 - base_minigpt_encoder - INFO - [Epoch 31/300][Batch 1301/9303] BatchTime = 0.582 (s) DataTime = 0.002 (s) Losses = ['0.7469', '0.0091'] lr = 0.000098
2026-05-28 14:08:08,885 - base_minigpt_encoder - INFO - [Epoch 31/300][Batch 1321/9303] BatchTime = 0.584 (s) DataTime = 0.001 (s) Losses = ['0.7123', '0.0137'] lr = 0.000098
2026-05-28 14:08:20,548 - base_minigpt_encoder - INFO - [Epoch 31/300][Batch 1341/9303] BatchTime = 0.580 (s) DataTime = 0.002 (s) Losses = ['0.7327', '0.0242'] lr = 0.000098
2026-05-28 14:08:32,183 - base_minigpt_encoder - INFO - [Epoch 31/300][Batch 1361/9303] BatchTime = 0.577 (s) DataTime = 0.001 (s) Losses = ['0.7321', '0.0153'] lr = 0.000098
2026-05-28 14:08:43,853 - base_minigpt_encoder - INFO - [Epoch 31/300][Batch 1381/9303] BatchTime = 0.579 (s) DataTime = 0.001 (s) Losses = ['0.8072', '0.0083'] lr = 0.000098
2026-05-28 14:08:55,473 - base_minigpt_encoder - INFO - [Epoch 31/300][Batch 1401/9303] BatchTime = 0.577 (s) DataTime = 0.001 (s) Losses = ['0.8004', '0.0201'] lr = 0.000098
2026-05-28 14:09:07,085 - base_minigpt_encoder - INFO - [Epoch 31/300][Batch 1421/9303] BatchTime = 0.585 (s) DataTime = 0.002 (s) Losses = ['0.8195', '0.0335'] lr = 0.000098
2026-05-28 14:09:18,703 - base_minigpt_encoder - INFO - [Epoch 31/300][Batch 1441/9303] BatchTime = 0.575 (s) DataTime = 0.002 (s) Losses = ['0.7598', '0.0080'] lr = 0.000098
2026-05-28 14:09:30,377 - base_minigpt_encoder - INFO - [Epoch 31/300][Batch 1461/9303] BatchTime = 0.578 (s) DataTime = 0.002 (s) Losses = ['0.7414', '0.0137'] lr = 0.000098
2026-05-28 14:09:42,003 - base_minigpt_encoder - INFO - [Epoch 31/300][Batch 1481/9303] BatchTime = 0.574 (s) DataTime = 0.001 (s) Losses = ['0.8295', '0.0286'] lr = 0.000098
2026-05-28 14:09:53,633 - base_minigpt_encoder - INFO - [Epoch 31/300][Batch 1501/9303] BatchTime = 0.577 (s) DataTime = 0.002 (s) Losses = ['0.7504', '0.0211'] lr = 0.000098
2026-05-28 14:10:05,256 - base_minigpt_encoder - INFO - [Epoch 31/300][Batch 1521/9303] BatchTime = 0.586 (s) DataTime = 0.001 (s) Losses = ['0.8351', '0.0113'] lr = 0.000098
2026-05-28 14:10:16,893 - base_minigpt_encoder - INFO - [Epoch 31/300][Batch 1541/9303] BatchTime = 0.582 (s) DataTime = 0.002 (s) Losses = ['0.8091', '0.0152'] lr = 0.000098
2026-05-28 14:10:28,569 - base_minigpt_encoder - INFO - [Epoch 31/300][Batch 1561/9303] BatchTime = 0.587 (s) DataTime = 0.001 (s) Losses = ['0.6867', '0.0276'] lr = 0.000098
2026-05-28 14:10:40,208 - base_minigpt_encoder - INFO - [Epoch 31/300][Batch 1581/9303] BatchTime = 0.578 (s) DataTime = 0.002 (s) Losses = ['0.7391', '0.0101'] lr = 0.000098
2026-05-28 14:10:51,822 - base_minigpt_encoder - INFO - [Epoch 31/300][Batch 1601/9303] BatchTime = 0.579 (s) DataTime = 0.001 (s) Losses = ['0.7717', '0.0110'] lr = 0.000098
2026-05-28 14:11:03,488 - base_minigpt_encoder - INFO - [Epoch 31/300][Batch 1621/9303] BatchTime = 0.580 (s) DataTime = 0.002 (s) Losses = ['0.7698', '0.0270'] lr = 0.000098
2026-05-28 14:11:15,139 - base_minigpt_encoder - INFO - [Epoch 31/300][Batch 1641/9303] BatchTime = 0.630 (s) DataTime = 0.002 (s) Losses = ['0.8368', '0.0159'] lr = 0.000098
2026-05-28 14:11:26,749 - base_minigpt_encoder - INFO - [Epoch 31/300][Batch 1661/9303] BatchTime = 0.578 (s) DataTime = 0.002 (s) Losses = ['0.7521', '0.0092'] lr = 0.000098
2026-05-28 14:11:38,375 - base_minigpt_encoder - INFO - [Epoch 31/300][Batch 1681/9303] BatchTime = 0.587 (s) DataTime = 0.001 (s) Losses = ['0.7795', '0.0208'] lr = 0.000098
2026-05-28 14:11:50,014 - base_minigpt_encoder - INFO - [Epoch 31/300][Batch 1701/9303] BatchTime = 0.582 (s) DataTime = 0.001 (s) Losses = ['0.7016', '0.0280'] lr = 0.000098
2026-05-28 14:12:01,608 - base_minigpt_encoder - INFO - [Epoch 31/300][Batch 1721/9303] BatchTime = 0.577 (s) DataTime = 0.002 (s) Losses = ['0.6685', '0.0112'] lr = 0.000098
2026-05-28 14:12:13,217 - base_minigpt_encoder - INFO - [Epoch 31/300][Batch 1741/9303] BatchTime = 0.579 (s) DataTime = 0.002 (s) Losses = ['0.8236', '0.0097'] lr = 0.000098
2026-05-28 14:12:24,988 - base_minigpt_encoder - INFO - [Epoch 31/300][Batch 1761/9303] BatchTime = 0.577 (s) DataTime = 0.001 (s) Losses = ['0.7933', '0.0280'] lr = 0.000098
2026-05-28 14:12:36,590 - base_minigpt_encoder - INFO - [Epoch 31/300][Batch 1781/9303] BatchTime = 0.581 (s) DataTime = 0.002 (s) Losses = ['0.7578', '0.0168'] lr = 0.000098
2026-05-28 14:12:48,193 - base_minigpt_encoder - INFO - [Epoch 31/300][Batch 1801/9303] BatchTime = 0.580 (s) DataTime = 0.001 (s) Losses = ['0.8453', '0.0063'] lr = 0.000098
2026-05-28 14:12:59,808 - base_minigpt_encoder - INFO - [Epoch 31/300][Batch 1821/9303] BatchTime = 0.582 (s) DataTime = 0.002 (s) Losses = ['0.7697', '0.0174'] lr = 0.000098
2026-05-28 14:13:11,455 - base_minigpt_encoder - INFO - [Epoch 31/300][Batch 1841/9303] BatchTime = 0.580 (s) DataTime = 0.002 (s) Losses = ['0.8432', '0.0226'] lr = 0.000098
2026-05-28 14:13:23,061 - base_minigpt_encoder - INFO - [Epoch 31/300][Batch 1861/9303] BatchTime = 0.577 (s) DataTime = 0.001 (s) Losses = ['0.7705', '0.0121'] lr = 0.000098
2026-05-28 14:13:34,681 - base_minigpt_encoder - INFO - [Epoch 31/300][Batch 1881/9303] BatchTime = 0.576 (s) DataTime = 0.001 (s) Losses = ['0.8388', '0.0114'] lr = 0.000098
2026-05-28 14:13:46,294 - base_minigpt_encoder - INFO - [Epoch 31/300][Batch 1901/9303] BatchTime = 0.581 (s) DataTime = 0.001 (s) Losses = ['0.8096', '0.0236'] lr = 0.000098
2026-05-28 14:13:57,890 - base_minigpt_encoder - INFO - [Epoch 31/300][Batch 1921/9303] BatchTime = 0.578 (s) DataTime = 0.001 (s) Losses = ['0.7223', '0.0137'] lr = 0.000098
2026-05-28 14:14:09,501 - base_minigpt_encoder - INFO - [Epoch 31/300][Batch 1941/9303] BatchTime = 0.574 (s) DataTime = 0.002 (s) Losses = ['0.7541', '0.0050'] lr = 0.000098
2026-05-28 14:14:21,129 - base_minigpt_encoder - INFO - [Epoch 31/300][Batch 1961/9303] BatchTime = 0.578 (s) DataTime = 0.002 (s) Losses = ['0.7185', '0.0229'] lr = 0.000098
2026-05-28 14:14:32,749 - base_minigpt_encoder - INFO - [Epoch 31/300][Batch 1981/9303] BatchTime = 0.578 (s) DataTime = 0.002 (s) Losses = ['0.7923', '0.0250'] lr = 0.000098
2026-05-28 14:14:44,349 - base_minigpt_encoder - INFO - [Epoch 31/300][Batch 2001/9303] BatchTime = 0.577 (s) DataTime = 0.002 (s) Losses = ['0.7671', '0.0074'] lr = 0.000098
2026-05-28 14:14:55,972 - base_minigpt_encoder - INFO - [Epoch 31/300][Batch 2021/9303] BatchTime = 0.581 (s) DataTime = 0.002 (s) Losses = ['0.7082', '0.0089'] lr = 0.000098
2026-05-28 14:15:07,621 - base_minigpt_encoder - INFO - [Epoch 31/300][Batch 2041/9303] BatchTime = 0.577 (s) DataTime = 0.002 (s) Losses = ['0.7192', '0.0224'] lr = 0.000098
2026-05-28 14:15:19,298 - base_minigpt_encoder - INFO - [Epoch 31/300][Batch 2061/9303] BatchTime = 0.578 (s) DataTime = 0.001 (s) Losses = ['0.7791', '0.0201'] lr = 0.000098
2026-05-28 14:15:30,932 - base_minigpt_encoder - INFO - [Epoch 31/300][Batch 2081/9303] BatchTime = 0.580 (s) DataTime = 0.002 (s) Losses = ['0.8161', '0.0058'] lr = 0.000098
2026-05-28 14:15:42,528 - base_minigpt_encoder - INFO - [Epoch 31/300][Batch 2101/9303] BatchTime = 0.579 (s) DataTime = 0.002 (s) Losses = ['0.7930', '0.0212'] lr = 0.000098
2026-05-28 14:15:54,202 - base_minigpt_encoder - INFO - [Epoch 31/300][Batch 2121/9303] BatchTime = 0.579 (s) DataTime = 0.001 (s) Losses = ['0.9229', '0.0243'] lr = 0.000098
2026-05-28 14:16:05,816 - base_minigpt_encoder - INFO - [Epoch 31/300][Batch 2141/9303] BatchTime = 0.584 (s) DataTime = 0.002 (s) Losses = ['0.8769', '0.0091'] lr = 0.000098
2026-05-28 14:16:17,449 - base_minigpt_encoder - INFO - [Epoch 31/300][Batch 2161/9303] BatchTime = 0.576 (s) DataTime = 0.001 (s) Losses = ['0.8407', '0.0162'] lr = 0.000098
2026-05-28 14:16:29,077 - base_minigpt_encoder - INFO - [Epoch 31/300][Batch 2181/9303] BatchTime = 0.579 (s) DataTime = 0.002 (s) Losses = ['0.8841', '0.0270'] lr = 0.000098
2026-05-28 14:16:40,736 - base_minigpt_encoder - INFO - [Epoch 31/300][Batch 2201/9303] BatchTime = 0.592 (s) DataTime = 0.001 (s) Losses = ['0.7742', '0.0128'] lr = 0.000098
2026-05-28 14:16:52,363 - base_minigpt_encoder - INFO - [Epoch 31/300][Batch 2221/9303] BatchTime = 0.577 (s) DataTime = 0.002 (s) Losses = ['0.7531', '0.0071'] lr = 0.000098
2026-05-28 14:17:03,975 - base_minigpt_encoder - INFO - [Epoch 31/300][Batch 2241/9303] BatchTime = 0.574 (s) DataTime = 0.001 (s) Losses = ['0.9190', '0.0279'] lr = 0.000098
2026-05-28 14:17:15,567 - base_minigpt_encoder - INFO - [Epoch 31/300][Batch 2261/9303] BatchTime = 0.581 (s) DataTime = 0.002 (s) Losses = ['0.7789', '0.0280'] lr = 0.000098
2026-05-28 14:17:27,211 - base_minigpt_encoder - INFO - [Epoch 31/300][Batch 2281/9303] BatchTime = 0.590 (s) DataTime = 0.002 (s) Losses = ['0.7843', '0.0084'] lr = 0.000098
2026-05-28 14:17:38,818 - base_minigpt_encoder - INFO - [Epoch 31/300][Batch 2301/9303] BatchTime = 0.575 (s) DataTime = 0.001 (s) Losses = ['0.9340', '0.0123'] lr = 0.000098
2026-05-28 14:17:50,432 - base_minigpt_encoder - INFO - [Epoch 31/300][Batch 2321/9303] BatchTime = 0.578 (s) DataTime = 0.001 (s) Losses = ['0.6696', '0.0265'] lr = 0.000098
2026-05-28 14:18:02,092 - base_minigpt_encoder - INFO - [Epoch 31/300][Batch 2341/9303] BatchTime = 0.581 (s) DataTime = 0.001 (s) Losses = ['0.7509', '0.0164'] lr = 0.000098
2026-05-28 14:18:13,725 - base_minigpt_encoder - INFO - [Epoch 31/300][Batch 2361/9303] BatchTime = 0.584 (s) DataTime = 0.002 (s) Losses = ['0.6608', '0.0067'] lr = 0.000098
2026-05-28 14:18:25,323 - base_minigpt_encoder - INFO - [Epoch 31/300][Batch 2381/9303] BatchTime = 0.578 (s) DataTime = 0.002 (s) Losses = ['0.7861', '0.0229'] lr = 0.000098
2026-05-28 14:18:36,934 - base_minigpt_encoder - INFO - [Epoch 31/300][Batch 2401/9303] BatchTime = 0.571 (s) DataTime = 0.001 (s) Losses = ['0.7953', '0.0233'] lr = 0.000098
2026-05-28 14:18:48,587 - base_minigpt_encoder - INFO - [Epoch 31/300][Batch 2421/9303] BatchTime = 0.578 (s) DataTime = 0.002 (s) Losses = ['0.6612', '0.0098'] lr = 0.000098
2026-05-28 14:19:00,202 - base_minigpt_encoder - INFO - [Epoch 31/300][Batch 2441/9303] BatchTime = 0.576 (s) DataTime = 0.001 (s) Losses = ['0.7720', '0.0170'] lr = 0.000098
2026-05-28 14:19:11,817 - base_minigpt_encoder - INFO - [Epoch 31/300][Batch 2461/9303] BatchTime = 0.581 (s) DataTime = 0.001 (s) Losses = ['0.9001', '0.0282'] lr = 0.000098
2026-05-28 14:19:23,433 - base_minigpt_encoder - INFO - [Epoch 31/300][Batch 2481/9303] BatchTime = 0.575 (s) DataTime = 0.002 (s) Losses = ['0.7926', '0.0175'] lr = 0.000098
2026-05-28 14:19:35,049 - base_minigpt_encoder - INFO - [Epoch 31/300][Batch 2501/9303] BatchTime = 0.578 (s) DataTime = 0.002 (s) Losses = ['0.7899', '0.0059'] lr = 0.000098
2026-05-28 14:19:46,661 - base_minigpt_encoder - INFO - [Epoch 31/300][Batch 2521/9303] BatchTime = 0.578 (s) DataTime = 0.002 (s) Losses = ['0.7773', '0.0309'] lr = 0.000098
2026-05-28 14:19:58,285 - base_minigpt_encoder - INFO - [Epoch 31/300][Batch 2541/9303] BatchTime = 0.581 (s) DataTime = 0.001 (s) Losses = ['0.8630', '0.0287'] lr = 0.000098
2026-05-28 14:20:09,890 - base_minigpt_encoder - INFO - [Epoch 31/300][Batch 2561/9303] BatchTime = 0.579 (s) DataTime = 0.001 (s) Losses = ['0.8367', '0.0071'] lr = 0.000098
2026-05-28 14:20:21,498 - base_minigpt_encoder - INFO - [Epoch 31/300][Batch 2581/9303] BatchTime = 0.580 (s) DataTime = 0.002 (s) Losses = ['0.8267', '0.0150'] lr = 0.000098
2026-05-28 14:20:33,144 - base_minigpt_encoder - INFO - [Epoch 31/300][Batch 2601/9303] BatchTime = 0.582 (s) DataTime = 0.002 (s) Losses = ['0.8456', '0.0306'] lr = 0.000098
2026-05-28 14:20:44,761 - base_minigpt_encoder - INFO - [Epoch 31/300][Batch 2621/9303] BatchTime = 0.579 (s) DataTime = 0.002 (s) Losses = ['0.8451', '0.0210'] lr = 0.000098
2026-05-28 14:20:56,374 - base_minigpt_encoder - INFO - [Epoch 31/300][Batch 2641/9303] BatchTime = 0.577 (s) DataTime = 0.002 (s) Losses = ['0.7220', '0.0059'] lr = 0.000098
2026-05-28 14:21:08,016 - base_minigpt_encoder - INFO - [Epoch 31/300][Batch 2661/9303] BatchTime = 0.588 (s) DataTime = 0.002 (s) Losses = ['0.8275', '0.0285'] lr = 0.000098
2026-05-28 14:21:19,656 - base_minigpt_encoder - INFO - [Epoch 31/300][Batch 2681/9303] BatchTime = 0.579 (s) DataTime = 0.001 (s) Losses = ['0.7467', '0.0265'] lr = 0.000098
2026-05-28 14:21:31,260 - base_minigpt_encoder - INFO - [Epoch 31/300][Batch 2701/9303] BatchTime = 0.579 (s) DataTime = 0.002 (s) Losses = ['0.7135', '0.0073'] lr = 0.000098
2026-05-28 14:21:42,875 - base_minigpt_encoder - INFO - [Epoch 31/300][Batch 2721/9303] BatchTime = 0.577 (s) DataTime = 0.002 (s) Losses = ['0.7745', '0.0210'] lr = 0.000098
2026-05-28 14:21:54,515 - base_minigpt_encoder - INFO - [Epoch 31/300][Batch 2741/9303] BatchTime = 0.580 (s) DataTime = 0.002 (s) Losses = ['0.7695', '0.0306'] lr = 0.000098
2026-05-28 14:22:06,131 - base_minigpt_encoder - INFO - [Epoch 31/300][Batch 2761/9303] BatchTime = 0.579 (s) DataTime = 0.002 (s) Losses = ['0.7614', '0.0149'] lr = 0.000098
2026-05-28 14:22:17,754 - base_minigpt_encoder - INFO - [Epoch 31/300][Batch 2781/9303] BatchTime = 0.577 (s) DataTime = 0.002 (s) Losses = ['0.7611', '0.0042'] lr = 0.000098
2026-05-28 14:22:29,355 - base_minigpt_encoder - INFO - [Epoch 31/300][Batch 2801/9303] BatchTime = 0.578 (s) DataTime = 0.002 (s) Losses = ['0.7567', '0.0249'] lr = 0.000098
2026-05-28 14:22:40,987 - base_minigpt_encoder - INFO - [Epoch 31/300][Batch 2821/9303] BatchTime = 0.590 (s) DataTime = 0.001 (s) Losses = ['0.8126', '0.0300'] lr = 0.000098
2026-05-28 14:22:52,657 - base_minigpt_encoder - INFO - [Epoch 31/300][Batch 2841/9303] BatchTime = 0.588 (s) DataTime = 0.002 (s) Losses = ['0.8446', '0.0053'] lr = 0.000098
2026-05-28 14:23:04,281 - base_minigpt_encoder - INFO - [Epoch 31/300][Batch 2861/9303] BatchTime = 0.579 (s) DataTime = 0.002 (s) Losses = ['0.7406', '0.0140'] lr = 0.000098
2026-05-28 14:23:15,874 - base_minigpt_encoder - INFO - [Epoch 31/300][Batch 2881/9303] BatchTime = 0.576 (s) DataTime = 0.001 (s) Losses = ['0.8551', '0.0305'] lr = 0.000098
2026-05-28 14:23:27,483 - base_minigpt_encoder - INFO - [Epoch 31/300][Batch 2901/9303] BatchTime = 0.577 (s) DataTime = 0.001 (s) Losses = ['0.7814', '0.0209'] lr = 0.000098
2026-05-28 14:23:39,106 - base_minigpt_encoder - INFO - [Epoch 31/300][Batch 2921/9303] BatchTime = 0.577 (s) DataTime = 0.001 (s) Losses = ['0.7470', '0.0096'] lr = 0.000098
2026-05-28 14:23:50,705 - base_minigpt_encoder - INFO - [Epoch 31/300][Batch 2941/9303] BatchTime = 0.578 (s) DataTime = 0.001 (s) Losses = ['0.7434', '0.0215'] lr = 0.000098
2026-05-28 14:24:02,317 - base_minigpt_encoder - INFO - [Epoch 31/300][Batch 2961/9303] BatchTime = 0.577 (s) DataTime = 0.001 (s) Losses = ['0.7790', '0.0309'] lr = 0.000098
2026-05-28 14:24:13,967 - base_minigpt_encoder - INFO - [Epoch 31/300][Batch 2981/9303] BatchTime = 0.588 (s) DataTime = 0.002 (s) Losses = ['0.7591', '0.0065'] lr = 0.000098
2026-05-28 14:24:25,566 - base_minigpt_encoder - INFO - [Epoch 31/300][Batch 3001/9303] BatchTime = 0.575 (s) DataTime = 0.001 (s) Losses = ['0.7593', '0.0184'] lr = 0.000098
2026-05-28 14:24:37,163 - base_minigpt_encoder - INFO - [Epoch 31/300][Batch 3021/9303] BatchTime = 0.579 (s) DataTime = 0.002 (s) Losses = ['0.8260', '0.0334'] lr = 0.000098
2026-05-28 14:24:48,757 - base_minigpt_encoder - INFO - [Epoch 31/300][Batch 3041/9303] BatchTime = 0.577 (s) DataTime = 0.001 (s) Losses = ['0.7902', '0.0145'] lr = 0.000098
2026-05-28 14:25:00,367 - base_minigpt_encoder - INFO - [Epoch 31/300][Batch 3061/9303] BatchTime = 0.577 (s) DataTime = 0.002 (s) Losses = ['0.7145', '0.0092'] lr = 0.000098
2026-05-28 14:25:11,949 - base_minigpt_encoder - INFO - [Epoch 31/300][Batch 3081/9303] BatchTime = 0.576 (s) DataTime = 0.001 (s) Losses = ['0.7558', '0.0289'] lr = 0.000098
2026-05-28 14:25:23,533 - base_minigpt_encoder - INFO - [Epoch 31/300][Batch 3101/9303] BatchTime = 0.576 (s) DataTime = 0.002 (s) Losses = ['0.6587', '0.0348'] lr = 0.000098
2026-05-28 14:25:35,128 - base_minigpt_encoder - INFO - [Epoch 31/300][Batch 3121/9303] BatchTime = 0.578 (s) DataTime = 0.001 (s) Losses = ['0.7725', '0.0094'] lr = 0.000098
2026-05-28 14:25:46,753 - base_minigpt_encoder - INFO - [Epoch 31/300][Batch 3141/9303] BatchTime = 0.588 (s) DataTime = 0.002 (s) Losses = ['0.8168', '0.0139'] lr = 0.000098
2026-05-28 14:25:58,395 - base_minigpt_encoder - INFO - [Epoch 31/300][Batch 3161/9303] BatchTime = 0.576 (s) DataTime = 0.001 (s) Losses = ['0.7277', '0.0342'] lr = 0.000098
2026-05-28 14:26:09,982 - base_minigpt_encoder - INFO - [Epoch 31/300][Batch 3181/9303] BatchTime = 0.580 (s) DataTime = 0.002 (s) Losses = ['0.7653', '0.0181'] lr = 0.000098
2026-05-28 14:26:21,592 - base_minigpt_encoder - INFO - [Epoch 31/300][Batch 3201/9303] BatchTime = 0.578 (s) DataTime = 0.001 (s) Losses = ['0.8524', '0.0083'] lr = 0.000098
2026-05-28 14:26:33,177 - base_minigpt_encoder - INFO - [Epoch 31/300][Batch 3221/9303] BatchTime = 0.579 (s) DataTime = 0.002 (s) Losses = ['0.8216', '0.0209'] lr = 0.000098
2026-05-28 14:26:44,756 - base_minigpt_encoder - INFO - [Epoch 31/300][Batch 3241/9303] BatchTime = 0.579 (s) DataTime = 0.002 (s) Losses = ['0.7641', '0.0273'] lr = 0.000098
2026-05-28 14:26:56,393 - base_minigpt_encoder - INFO - [Epoch 31/300][Batch 3261/9303] BatchTime = 0.591 (s) DataTime = 0.002 (s) Losses = ['0.7217', '0.0091'] lr = 0.000098
2026-05-28 14:27:08,024 - base_minigpt_encoder - INFO - [Epoch 31/300][Batch 3281/9303] BatchTime = 0.577 (s) DataTime = 0.001 (s) Losses = ['0.8506', '0.0147'] lr = 0.000098
2026-05-28 14:27:19,612 - base_minigpt_encoder - INFO - [Epoch 31/300][Batch 3301/9303] BatchTime = 0.576 (s) DataTime = 0.001 (s) Losses = ['0.7789', '0.0303'] lr = 0.000098
2026-05-28 14:27:31,216 - base_minigpt_encoder - INFO - [Epoch 31/300][Batch 3321/9303] BatchTime = 0.579 (s) DataTime = 0.001 (s) Losses = ['0.7543', '0.0143'] lr = 0.000098
2026-05-28 14:27:42,902 - base_minigpt_encoder - INFO - [Epoch 31/300][Batch 3341/9303] BatchTime = 0.585 (s) DataTime = 0.002 (s) Losses = ['0.8799', '0.0054'] lr = 0.000098
2026-05-28 14:27:54,530 - base_minigpt_encoder - INFO - [Epoch 31/300][Batch 3361/9303] BatchTime = 0.575 (s) DataTime = 0.002 (s) Losses = ['0.8409', '0.0251'] lr = 0.000098
2026-05-28 14:28:06,131 - base_minigpt_encoder - INFO - [Epoch 31/300][Batch 3381/9303] BatchTime = 0.577 (s) DataTime = 0.002 (s) Losses = ['0.8124', '0.0319'] lr = 0.000098
2026-05-28 14:28:17,729 - base_minigpt_encoder - INFO - [Epoch 31/300][Batch 3401/9303] BatchTime = 0.577 (s) DataTime = 0.002 (s) Losses = ['0.8339', '0.0074'] lr = 0.000098
2026-05-28 14:28:29,319 - base_minigpt_encoder - INFO - [Epoch 31/300][Batch 3421/9303] BatchTime = 0.580 (s) DataTime = 0.002 (s) Losses = ['0.6812', '0.0111'] lr = 0.000098
2026-05-28 14:28:40,932 - base_minigpt_encoder - INFO - [Epoch 31/300][Batch 3441/9303] BatchTime = 0.586 (s) DataTime = 0.001 (s) Losses = ['0.7399', '0.0316'] lr = 0.000098
2026-05-28 14:28:52,565 - base_minigpt_encoder - INFO - [Epoch 31/300][Batch 3461/9303] BatchTime = 0.584 (s) DataTime = 0.002 (s) Losses = ['0.8810', '0.0262'] lr = 0.000098
2026-05-28 14:29:04,183 - base_minigpt_encoder - INFO - [Epoch 31/300][Batch 3481/9303] BatchTime = 0.578 (s) DataTime = 0.001 (s) Losses = ['0.7204', '0.0046'] lr = 0.000098
2026-05-28 14:29:15,784 - base_minigpt_encoder - INFO - [Epoch 31/300][Batch 3501/9303] BatchTime = 0.579 (s) DataTime = 0.001 (s) Losses = ['0.7200', '0.0259'] lr = 0.000098
2026-05-28 14:29:27,408 - base_minigpt_encoder - INFO - [Epoch 31/300][Batch 3521/9303] BatchTime = 0.578 (s) DataTime = 0.001 (s) Losses = ['0.7225', '0.0296'] lr = 0.000098
2026-05-28 14:29:39,033 - base_minigpt_encoder - INFO - [Epoch 31/300][Batch 3541/9303] BatchTime = 0.580 (s) DataTime = 0.002 (s) Losses = ['0.6908', '0.0124'] lr = 0.000098
2026-05-28 14:29:50,678 - base_minigpt_encoder - INFO - [Epoch 31/300][Batch 3561/9303] BatchTime = 0.579 (s) DataTime = 0.002 (s) Losses = ['0.8675', '0.0176'] lr = 0.000098
2026-05-28 14:30:02,353 - base_minigpt_encoder - INFO - [Epoch 31/300][Batch 3581/9303] BatchTime = 0.603 (s) DataTime = 0.002 (s) Losses = ['0.8051', '0.0354'] lr = 0.000098
2026-05-28 14:30:14,000 - base_minigpt_encoder - INFO - [Epoch 31/300][Batch 3601/9303] BatchTime = 0.588 (s) DataTime = 0.001 (s) Losses = ['0.8678', '0.0231'] lr = 0.000098
2026-05-28 14:30:25,642 - base_minigpt_encoder - INFO - [Epoch 31/300][Batch 3621/9303] BatchTime = 0.576 (s) DataTime = 0.002 (s) Losses = ['0.7493', '0.0045'] lr = 0.000098
2026-05-28 14:30:37,278 - base_minigpt_encoder - INFO - [Epoch 31/300][Batch 3641/9303] BatchTime = 0.587 (s) DataTime = 0.002 (s) Losses = ['0.6961', '0.0309'] lr = 0.000098
2026-05-28 14:30:48,865 - base_minigpt_encoder - INFO - [Epoch 31/300][Batch 3661/9303] BatchTime = 0.577 (s) DataTime = 0.001 (s) Losses = ['0.7579', '0.0345'] lr = 0.000098
2026-05-28 14:31:00,463 - base_minigpt_encoder - INFO - [Epoch 31/300][Batch 3681/9303] BatchTime = 0.577 (s) DataTime = 0.002 (s) Losses = ['0.7986', '0.0097'] lr = 0.000098
2026-05-28 14:31:12,063 - base_minigpt_encoder - INFO - [Epoch 31/300][Batch 3701/9303] BatchTime = 0.582 (s) DataTime = 0.002 (s) Losses = ['0.8163', '0.0088'] lr = 0.000098
2026-05-28 14:31:23,734 - base_minigpt_encoder - INFO - [Epoch 31/300][Batch 3721/9303] BatchTime = 0.576 (s) DataTime = 0.002 (s) Losses = ['0.8750', '0.0349'] lr = 0.000098
2026-05-28 14:31:35,319 - base_minigpt_encoder - INFO - [Epoch 31/300][Batch 3741/9303] BatchTime = 0.581 (s) DataTime = 0.001 (s) Losses = ['0.8478', '0.0322'] lr = 0.000098
2026-05-28 14:31:46,905 - base_minigpt_encoder - INFO - [Epoch 31/300][Batch 3761/9303] BatchTime = 0.575 (s) DataTime = 0.001 (s) Losses = ['0.8911', '0.0035'] lr = 0.000098
2026-05-28 14:31:58,500 - base_minigpt_encoder - INFO - [Epoch 31/300][Batch 3781/9303] BatchTime = 0.578 (s) DataTime = 0.002 (s) Losses = ['0.7954', '0.0240'] lr = 0.000098
2026-05-28 14:32:10,128 - base_minigpt_encoder - INFO - [Epoch 31/300][Batch 3801/9303] BatchTime = 0.588 (s) DataTime = 0.002 (s) Losses = ['0.8196', '0.0337'] lr = 0.000098
2026-05-28 14:32:21,746 - base_minigpt_encoder - INFO - [Epoch 31/300][Batch 3821/9303] BatchTime = 0.581 (s) DataTime = 0.001 (s) Losses = ['0.8241', '0.0206'] lr = 0.000098
2026-05-28 14:32:33,344 - base_minigpt_encoder - INFO - [Epoch 31/300][Batch 3841/9303] BatchTime = 0.576 (s) DataTime = 0.002 (s) Losses = ['0.7971', '0.0139'] lr = 0.000098
2026-05-28 14:32:44,965 - base_minigpt_encoder - INFO - [Epoch 31/300][Batch 3861/9303] BatchTime = 0.587 (s) DataTime = 0.001 (s) Losses = ['0.7812', '0.0299'] lr = 0.000098
2026-05-28 14:32:56,604 - base_minigpt_encoder - INFO - [Epoch 31/300][Batch 3881/9303] BatchTime = 0.577 (s) DataTime = 0.002 (s) Losses = ['0.7375', '0.0284'] lr = 0.000098
2026-05-28 14:33:08,207 - base_minigpt_encoder - INFO - [Epoch 31/300][Batch 3901/9303] BatchTime = 0.578 (s) DataTime = 0.001 (s) Losses = ['0.7489', '0.0090'] lr = 0.000098
2026-05-28 14:33:19,822 - base_minigpt_encoder - INFO - [Epoch 31/300][Batch 3921/9303] BatchTime = 0.578 (s) DataTime = 0.001 (s) Losses = ['0.8020', '0.0213'] lr = 0.000098
2026-05-28 14:33:31,453 - base_minigpt_encoder - INFO - [Epoch 31/300][Batch 3941/9303] BatchTime = 0.579 (s) DataTime = 0.001 (s) Losses = ['0.9044', '0.0325'] lr = 0.000098
2026-05-28 14:33:43,082 - base_minigpt_encoder - INFO - [Epoch 31/300][Batch 3961/9303] BatchTime = 0.582 (s) DataTime = 0.002 (s) Losses = ['0.6793', '0.0172'] lr = 0.000098
2026-05-28 14:33:54,704 - base_minigpt_encoder - INFO - [Epoch 31/300][Batch 3981/9303] BatchTime = 0.577 (s) DataTime = 0.001 (s) Losses = ['0.8148', '0.0044'] lr = 0.000098
2026-05-28 14:34:06,311 - base_minigpt_encoder - INFO - [Epoch 31/300][Batch 4001/9303] BatchTime = 0.577 (s) DataTime = 0.002 (s) Losses = ['0.7357', '0.0265'] lr = 0.000098
2026-05-28 14:34:17,964 - base_minigpt_encoder - INFO - [Epoch 31/300][Batch 4021/9303] BatchTime = 0.581 (s) DataTime = 0.002 (s) Losses = ['0.8160', '0.0303'] lr = 0.000098
2026-05-28 14:34:29,609 - base_minigpt_encoder - INFO - [Epoch 31/300][Batch 4041/9303] BatchTime = 0.588 (s) DataTime = 0.001 (s) Losses = ['0.8083', '0.0072'] lr = 0.000098
2026-05-28 14:34:41,227 - base_minigpt_encoder - INFO - [Epoch 31/300][Batch 4061/9303] BatchTime = 0.584 (s) DataTime = 0.002 (s) Losses = ['0.7086', '0.0117'] lr = 0.000098
2026-05-28 14:34:52,818 - base_minigpt_encoder - INFO - [Epoch 31/300][Batch 4081/9303] BatchTime = 0.577 (s) DataTime = 0.001 (s) Losses = ['0.7064', '0.0319'] lr = 0.000098
2026-05-28 14:35:04,420 - base_minigpt_encoder - INFO - [Epoch 31/300][Batch 4101/9303] BatchTime = 0.580 (s) DataTime = 0.002 (s) Losses = ['0.8076', '0.0268'] lr = 0.000098
2026-05-28 14:35:16,057 - base_minigpt_encoder - INFO - [Epoch 31/300][Batch 4121/9303] BatchTime = 0.583 (s) DataTime = 0.002 (s) Losses = ['0.8694', '0.0074'] lr = 0.000098
2026-05-28 14:35:27,666 - base_minigpt_encoder - INFO - [Epoch 31/300][Batch 4141/9303] BatchTime = 0.578 (s) DataTime = 0.002 (s) Losses = ['0.7583', '0.0206'] lr = 0.000098
2026-05-28 14:35:39,300 - base_minigpt_encoder - INFO - [Epoch 31/300][Batch 4161/9303] BatchTime = 0.578 (s) DataTime = 0.001 (s) Losses = ['0.7393', '0.0317'] lr = 0.000098
2026-05-28 14:35:50,930 - base_minigpt_encoder - INFO - [Epoch 31/300][Batch 4181/9303] BatchTime = 0.580 (s) DataTime = 0.002 (s) Losses = ['0.7705', '0.0146'] lr = 0.000098
2026-05-28 14:36:02,525 - base_minigpt_encoder - INFO - [Epoch 31/300][Batch 4201/9303] BatchTime = 0.580 (s) DataTime = 0.002 (s) Losses = ['0.8052', '0.0105'] lr = 0.000098
2026-05-28 14:36:14,122 - base_minigpt_encoder - INFO - [Epoch 31/300][Batch 4221/9303] BatchTime = 0.580 (s) DataTime = 0.002 (s) Losses = ['0.8861', '0.0268'] lr = 0.000098
2026-05-28 14:36:25,755 - base_minigpt_encoder - INFO - [Epoch 31/300][Batch 4241/9303] BatchTime = 0.578 (s) DataTime = 0.001 (s) Losses = ['0.6659', '0.0226'] lr = 0.000098
2026-05-28 14:36:37,363 - base_minigpt_encoder - INFO - [Epoch 31/300][Batch 4261/9303] BatchTime = 0.577 (s) DataTime = 0.001 (s) Losses = ['0.8057', '0.0081'] lr = 0.000098
2026-05-28 14:36:48,965 - base_minigpt_encoder - INFO - [Epoch 31/300][Batch 4281/9303] BatchTime = 0.576 (s) DataTime = 0.001 (s) Losses = ['0.8360', '0.0187'] lr = 0.000098
2026-05-28 14:37:00,594 - base_minigpt_encoder - INFO - [Epoch 31/300][Batch 4301/9303] BatchTime = 0.580 (s) DataTime = 0.002 (s) Losses = ['0.8176', '0.0318'] lr = 0.000098
2026-05-28 14:37:12,214 - base_minigpt_encoder - INFO - [Epoch 31/300][Batch 4321/9303] BatchTime = 0.576 (s) DataTime = 0.001 (s) Losses = ['0.8698', '0.0179'] lr = 0.000098
2026-05-28 14:37:23,814 - base_minigpt_encoder - INFO - [Epoch 31/300][Batch 4341/9303] BatchTime = 0.578 (s) DataTime = 0.001 (s) Losses = ['0.8813', '0.0060'] lr = 0.000098
2026-05-28 14:37:35,408 - base_minigpt_encoder - INFO - [Epoch 31/300][Batch 4361/9303] BatchTime = 0.577 (s) DataTime = 0.001 (s) Losses = ['0.7203', '0.0268'] lr = 0.000098
2026-05-28 14:37:47,002 - base_minigpt_encoder - INFO - [Epoch 31/300][Batch 4381/9303] BatchTime = 0.578 (s) DataTime = 0.001 (s) Losses = ['0.8397', '0.0271'] lr = 0.000098
2026-05-28 14:37:58,597 - base_minigpt_encoder - INFO - [Epoch 31/300][Batch 4401/9303] BatchTime = 0.577 (s) DataTime = 0.001 (s) Losses = ['0.7104', '0.0089'] lr = 0.000098
2026-05-28 14:38:10,208 - base_minigpt_encoder - INFO - [Epoch 31/300][Batch 4421/9303] BatchTime = 0.576 (s) DataTime = 0.002 (s) Losses = ['0.9198', '0.0137'] lr = 0.000098
2026-05-28 14:38:21,853 - base_minigpt_encoder - INFO - [Epoch 31/300][Batch 4441/9303] BatchTime = 0.580 (s) DataTime = 0.002 (s) Losses = ['0.8243', '0.0222'] lr = 0.000098
2026-05-28 14:38:33,462 - base_minigpt_encoder - INFO - [Epoch 31/300][Batch 4461/9303] BatchTime = 0.580 (s) DataTime = 0.002 (s) Losses = ['0.8326', '0.0211'] lr = 0.000098
2026-05-28 14:38:45,064 - base_minigpt_encoder - INFO - [Epoch 31/300][Batch 4481/9303] BatchTime = 0.578 (s) DataTime = 0.001 (s) Losses = ['0.8147', '0.0065'] lr = 0.000098
2026-05-28 14:38:56,687 - base_minigpt_encoder - INFO - [Epoch 31/300][Batch 4501/9303] BatchTime = 0.578 (s) DataTime = 0.002 (s) Losses = ['0.6870', '0.0213'] lr = 0.000098
2026-05-28 14:39:08,303 - base_minigpt_encoder - INFO - [Epoch 31/300][Batch 4521/9303] BatchTime = 0.585 (s) DataTime = 0.002 (s) Losses = ['0.7368', '0.0230'] lr = 0.000098
2026-05-28 14:39:19,968 - base_minigpt_encoder - INFO - [Epoch 31/300][Batch 4541/9303] BatchTime = 0.577 (s) DataTime = 0.002 (s) Losses = ['0.7772', '0.0141'] lr = 0.000098
2026-05-28 14:39:31,564 - base_minigpt_encoder - INFO - [Epoch 31/300][Batch 4561/9303] BatchTime = 0.577 (s) DataTime = 0.001 (s) Losses = ['0.7533', '0.0148'] lr = 0.000098
2026-05-28 14:39:43,220 - base_minigpt_encoder - INFO - [Epoch 31/300][Batch 4581/9303] BatchTime = 0.578 (s) DataTime = 0.002 (s) Losses = ['0.7699', '0.0253'] lr = 0.000098
2026-05-28 14:39:54,833 - base_minigpt_encoder - INFO - [Epoch 31/300][Batch 4601/9303] BatchTime = 0.577 (s) DataTime = 0.002 (s) Losses = ['0.7764', '0.0205'] lr = 0.000098
2026-05-28 14:40:06,467 - base_minigpt_encoder - INFO - [Epoch 31/300][Batch 4621/9303] BatchTime = 0.581 (s) DataTime = 0.002 (s) Losses = ['0.8107', '0.0074'] lr = 0.000098
2026-05-28 14:40:18,071 - base_minigpt_encoder - INFO - [Epoch 31/300][Batch 4641/9303] BatchTime = 0.578 (s) DataTime = 0.002 (s) Losses = ['0.8007', '0.0248'] lr = 0.000098
2026-05-28 14:40:29,734 - base_minigpt_encoder - INFO - [Epoch 31/300][Batch 4661/9303] BatchTime = 0.578 (s) DataTime = 0.002 (s) Losses = ['0.8223', '0.0237'] lr = 0.000098
2026-05-28 14:40:41,349 - base_minigpt_encoder - INFO - [Epoch 31/300][Batch 4681/9303] BatchTime = 0.578 (s) DataTime = 0.001 (s) Losses = ['0.7474', '0.0127'] lr = 0.000098
2026-05-28 14:40:52,996 - base_minigpt_encoder - INFO - [Epoch 31/300][Batch 4701/9303] BatchTime = 0.585 (s) DataTime = 0.001 (s) Losses = ['0.6977', '0.0087'] lr = 0.000098
2026-05-28 14:41:04,593 - base_minigpt_encoder - INFO - [Epoch 31/300][Batch 4721/9303] BatchTime = 0.576 (s) DataTime = 0.002 (s) Losses = ['0.7715', '0.0233'] lr = 0.000098
2026-05-28 14:41:16,254 - base_minigpt_encoder - INFO - [Epoch 31/300][Batch 4741/9303] BatchTime = 0.576 (s) DataTime = 0.001 (s) Losses = ['0.9011', '0.0237'] lr = 0.000098
2026-05-28 14:41:27,845 - base_minigpt_encoder - INFO - [Epoch 31/300][Batch 4761/9303] BatchTime = 0.576 (s) DataTime = 0.001 (s) Losses = ['0.7753', '0.0068'] lr = 0.000098
2026-05-28 14:41:39,450 - base_minigpt_encoder - INFO - [Epoch 31/300][Batch 4781/9303] BatchTime = 0.580 (s) DataTime = 0.002 (s) Losses = ['0.6722', '0.0208'] lr = 0.000098
2026-05-28 14:41:51,081 - base_minigpt_encoder - INFO - [Epoch 31/300][Batch 4801/9303] BatchTime = 0.574 (s) DataTime = 0.002 (s) Losses = ['0.7934', '0.0234'] lr = 0.000098
2026-05-28 14:42:02,682 - base_minigpt_encoder - INFO - [Epoch 31/300][Batch 4821/9303] BatchTime = 0.577 (s) DataTime = 0.001 (s) Losses = ['0.7731', '0.0223'] lr = 0.000098
2026-05-28 14:42:14,279 - base_minigpt_encoder - INFO - [Epoch 31/300][Batch 4841/9303] BatchTime = 0.574 (s) DataTime = 0.001 (s) Losses = ['0.8009', '0.0105'] lr = 0.000098
2026-05-28 14:42:25,869 - base_minigpt_encoder - INFO - [Epoch 31/300][Batch 4861/9303] BatchTime = 0.576 (s) DataTime = 0.002 (s) Losses = ['0.8610', '0.0274'] lr = 0.000098
2026-05-28 14:42:37,514 - base_minigpt_encoder - INFO - [Epoch 31/300][Batch 4881/9303] BatchTime = 0.577 (s) DataTime = 0.001 (s) Losses = ['0.8940', '0.0242'] lr = 0.000098
2026-05-28 14:42:49,131 - base_minigpt_encoder - INFO - [Epoch 31/300][Batch 4901/9303] BatchTime = 0.581 (s) DataTime = 0.002 (s) Losses = ['0.8630', '0.0125'] lr = 0.000098
2026-05-28 14:43:00,748 - base_minigpt_encoder - INFO - [Epoch 31/300][Batch 4921/9303] BatchTime = 0.579 (s) DataTime = 0.001 (s) Losses = ['0.7596', '0.0200'] lr = 0.000098
2026-05-28 14:43:12,335 - base_minigpt_encoder - INFO - [Epoch 31/300][Batch 4941/9303] BatchTime = 0.580 (s) DataTime = 0.002 (s) Losses = ['0.7306', '0.0235'] lr = 0.000098
2026-05-28 14:43:23,907 - base_minigpt_encoder - INFO - [Epoch 31/300][Batch 4961/9303] BatchTime = 0.576 (s) DataTime = 0.002 (s) Losses = ['0.7687', '0.0184'] lr = 0.000098
2026-05-28 14:43:35,512 - base_minigpt_encoder - INFO - [Epoch 31/300][Batch 4981/9303] BatchTime = 0.578 (s) DataTime = 0.001 (s) Losses = ['0.7514', '0.0065'] lr = 0.000098
2026-05-28 14:43:47,107 - base_minigpt_encoder - INFO - [Epoch 31/300][Batch 5001/9303] BatchTime = 0.579 (s) DataTime = 0.002 (s) Losses = ['0.7221', '0.0241'] lr = 0.000098
2026-05-28 14:43:58,692 - base_minigpt_encoder - INFO - [Epoch 31/300][Batch 5021/9303] BatchTime = 0.580 (s) DataTime = 0.002 (s) Losses = ['0.7315', '0.0201'] lr = 0.000098
2026-05-28 14:44:10,273 - base_minigpt_encoder - INFO - [Epoch 31/300][Batch 5041/9303] BatchTime = 0.580 (s) DataTime = 0.002 (s) Losses = ['0.7075', '0.0110'] lr = 0.000098
2026-05-28 14:44:21,870 - base_minigpt_encoder - INFO - [Epoch 31/300][Batch 5061/9303] BatchTime = 0.578 (s) DataTime = 0.002 (s) Losses = ['0.7716', '0.0136'] lr = 0.000098
2026-05-28 14:44:33,465 - base_minigpt_encoder - INFO - [Epoch 31/300][Batch 5081/9303] BatchTime = 0.576 (s) DataTime = 0.002 (s) Losses = ['0.7186', '0.0232'] lr = 0.000098
2026-05-28 14:44:45,063 - base_minigpt_encoder - INFO - [Epoch 31/300][Batch 5101/9303] BatchTime = 0.578 (s) DataTime = 0.001 (s) Losses = ['0.8266', '0.0210'] lr = 0.000098
2026-05-28 14:44:56,663 - base_minigpt_encoder - INFO - [Epoch 31/300][Batch 5121/9303] BatchTime = 0.578 (s) DataTime = 0.001 (s) Losses = ['0.6767', '0.0100'] lr = 0.000098
2026-05-28 14:45:08,263 - base_minigpt_encoder - INFO - [Epoch 31/300][Batch 5141/9303] BatchTime = 0.581 (s) DataTime = 0.002 (s) Losses = ['0.8609', '0.0209'] lr = 0.000098
2026-05-28 14:45:19,859 - base_minigpt_encoder - INFO - [Epoch 31/300][Batch 5161/9303] BatchTime = 0.578 (s) DataTime = 0.001 (s) Losses = ['0.7644', '0.0225'] lr = 0.000098
2026-05-28 14:45:31,438 - base_minigpt_encoder - INFO - [Epoch 31/300][Batch 5181/9303] BatchTime = 0.576 (s) DataTime = 0.002 (s) Losses = ['0.8947', '0.0150'] lr = 0.000098
2026-05-28 14:45:43,027 - base_minigpt_encoder - INFO - [Epoch 31/300][Batch 5201/9303] BatchTime = 0.576 (s) DataTime = 0.002 (s) Losses = ['0.8120', '0.0153'] lr = 0.000098
2026-05-28 14:45:54,612 - base_minigpt_encoder - INFO - [Epoch 31/300][Batch 5221/9303] BatchTime = 0.579 (s) DataTime = 0.002 (s) Losses = ['0.7888', '0.0238'] lr = 0.000098
2026-05-28 14:46:06,235 - base_minigpt_encoder - INFO - [Epoch 31/300][Batch 5241/9303] BatchTime = 0.580 (s) DataTime = 0.002 (s) Losses = ['0.7104', '0.0173'] lr = 0.000098
2026-05-28 14:46:17,842 - base_minigpt_encoder - INFO - [Epoch 31/300][Batch 5261/9303] BatchTime = 0.578 (s) DataTime = 0.002 (s) Losses = ['0.7555', '0.0127'] lr = 0.000098
2026-05-28 14:46:29,467 - base_minigpt_encoder - INFO - [Epoch 31/300][Batch 5281/9303] BatchTime = 0.577 (s) DataTime = 0.002 (s) Losses = ['0.7828', '0.0189'] lr = 0.000098
2026-05-28 14:46:41,061 - base_minigpt_encoder - INFO - [Epoch 31/300][Batch 5301/9303] BatchTime = 0.575 (s) DataTime = 0.002 (s) Losses = ['0.7566', '0.0273'] lr = 0.000098
2026-05-28 14:46:52,667 - base_minigpt_encoder - INFO - [Epoch 31/300][Batch 5321/9303] BatchTime = 0.580 (s) DataTime = 0.002 (s) Losses = ['0.8096', '0.0108'] lr = 0.000098
2026-05-28 14:47:04,253 - base_minigpt_encoder - INFO - [Epoch 31/300][Batch 5341/9303] BatchTime = 0.578 (s) DataTime = 0.002 (s) Losses = ['0.7629', '0.0161'] lr = 0.000098
2026-05-28 14:47:15,845 - base_minigpt_encoder - INFO - [Epoch 31/300][Batch 5361/9303] BatchTime = 0.577 (s) DataTime = 0.001 (s) Losses = ['0.7601', '0.0253'] lr = 0.000098
2026-05-28 14:47:27,433 - base_minigpt_encoder - INFO - [Epoch 31/300][Batch 5381/9303] BatchTime = 0.579 (s) DataTime = 0.001 (s) Losses = ['0.7977', '0.0250'] lr = 0.000098
2026-05-28 14:47:39,038 - base_minigpt_encoder - INFO - [Epoch 31/300][Batch 5401/9303] BatchTime = 0.576 (s) DataTime = 0.002 (s) Losses = ['0.8379', '0.0134'] lr = 0.000098
2026-05-28 14:47:50,688 - base_minigpt_encoder - INFO - [Epoch 31/300][Batch 5421/9303] BatchTime = 0.579 (s) DataTime = 0.002 (s) Losses = ['0.8185', '0.0156'] lr = 0.000098
2026-05-28 14:48:02,277 - base_minigpt_encoder - INFO - [Epoch 31/300][Batch 5441/9303] BatchTime = 0.576 (s) DataTime = 0.002 (s) Losses = ['0.6869', '0.0257'] lr = 0.000098
2026-05-28 14:48:13,900 - base_minigpt_encoder - INFO - [Epoch 31/300][Batch 5461/9303] BatchTime = 0.579 (s) DataTime = 0.002 (s) Losses = ['0.7241', '0.0121'] lr = 0.000098
2026-05-28 14:48:25,534 - base_minigpt_encoder - INFO - [Epoch 31/300][Batch 5481/9303] BatchTime = 0.579 (s) DataTime = 0.002 (s) Losses = ['0.7000', '0.0185'] lr = 0.000098
2026-05-28 14:48:37,138 - base_minigpt_encoder - INFO - [Epoch 31/300][Batch 5501/9303] BatchTime = 0.576 (s) DataTime = 0.002 (s) Losses = ['0.7679', '0.0153'] lr = 0.000098
2026-05-28 14:48:48,748 - base_minigpt_encoder - INFO - [Epoch 31/300][Batch 5521/9303] BatchTime = 0.581 (s) DataTime = 0.001 (s) Losses = ['0.7480', '0.0240'] lr = 0.000098
2026-05-28 14:49:00,358 - base_minigpt_encoder - INFO - [Epoch 31/300][Batch 5541/9303] BatchTime = 0.581 (s) DataTime = 0.002 (s) Losses = ['0.7012', '0.0086'] lr = 0.000098
2026-05-28 14:49:12,001 - base_minigpt_encoder - INFO - [Epoch 31/300][Batch 5561/9303] BatchTime = 0.577 (s) DataTime = 0.001 (s) Losses = ['0.7038', '0.0169'] lr = 0.000098
2026-05-28 14:49:23,603 - base_minigpt_encoder - INFO - [Epoch 31/300][Batch 5581/9303] BatchTime = 0.580 (s) DataTime = 0.002 (s) Losses = ['0.8045', '0.0225'] lr = 0.000098
2026-05-28 14:49:35,256 - base_minigpt_encoder - INFO - [Epoch 31/300][Batch 5601/9303] BatchTime = 0.583 (s) DataTime = 0.001 (s) Losses = ['0.7487', '0.0113'] lr = 0.000098
2026-05-28 14:49:46,890 - base_minigpt_encoder - INFO - [Epoch 31/300][Batch 5621/9303] BatchTime = 0.588 (s) DataTime = 0.002 (s) Losses = ['0.8043', '0.0133'] lr = 0.000098
2026-05-28 14:49:58,505 - base_minigpt_encoder - INFO - [Epoch 31/300][Batch 5641/9303] BatchTime = 0.581 (s) DataTime = 0.002 (s) Losses = ['0.8555', '0.0180'] lr = 0.000098
2026-05-28 14:50:10,122 - base_minigpt_encoder - INFO - [Epoch 31/300][Batch 5661/9303] BatchTime = 0.580 (s) DataTime = 0.002 (s) Losses = ['0.8484', '0.0278'] lr = 0.000098
2026-05-28 14:50:21,749 - base_minigpt_encoder - INFO - [Epoch 31/300][Batch 5681/9303] BatchTime = 0.579 (s) DataTime = 0.001 (s) Losses = ['0.7828', '0.0066'] lr = 0.000098
2026-05-28 14:50:33,404 - base_minigpt_encoder - INFO - [Epoch 31/300][Batch 5701/9303] BatchTime = 0.578 (s) DataTime = 0.002 (s) Losses = ['0.8134', '0.0189'] lr = 0.000098
2026-05-28 14:50:45,034 - base_minigpt_encoder - INFO - [Epoch 31/300][Batch 5721/9303] BatchTime = 0.583 (s) DataTime = 0.001 (s) Losses = ['0.8582', '0.0205'] lr = 0.000098
2026-05-28 14:50:56,625 - base_minigpt_encoder - INFO - [Epoch 31/300][Batch 5741/9303] BatchTime = 0.578 (s) DataTime = 0.002 (s) Losses = ['0.7296', '0.0195'] lr = 0.000098
2026-05-28 14:51:08,235 - base_minigpt_encoder - INFO - [Epoch 31/300][Batch 5761/9303] BatchTime = 0.578 (s) DataTime = 0.002 (s) Losses = ['0.9523', '0.0096'] lr = 0.000098
2026-05-28 14:51:19,847 - base_minigpt_encoder - INFO - [Epoch 31/300][Batch 5781/9303] BatchTime = 0.579 (s) DataTime = 0.001 (s) Losses = ['0.7539', '0.0209'] lr = 0.000098
2026-05-28 14:51:31,473 - base_minigpt_encoder - INFO - [Epoch 31/300][Batch 5801/9303] BatchTime = 0.591 (s) DataTime = 0.002 (s) Losses = ['0.7920', '0.0240'] lr = 0.000098
2026-05-28 14:51:43,085 - base_minigpt_encoder - INFO - [Epoch 31/300][Batch 5821/9303] BatchTime = 0.579 (s) DataTime = 0.002 (s) Losses = ['0.8088', '0.0104'] lr = 0.000098
2026-05-28 14:51:54,721 - base_minigpt_encoder - INFO - [Epoch 31/300][Batch 5841/9303] BatchTime = 0.577 (s) DataTime = 0.002 (s) Losses = ['0.8020', '0.0172'] lr = 0.000098
2026-05-28 14:52:06,315 - base_minigpt_encoder - INFO - [Epoch 31/300][Batch 5861/9303] BatchTime = 0.581 (s) DataTime = 0.002 (s) Losses = ['0.8022', '0.0207'] lr = 0.000098
2026-05-28 14:52:17,917 - base_minigpt_encoder - INFO - [Epoch 31/300][Batch 5881/9303] BatchTime = 0.578 (s) DataTime = 0.001 (s) Losses = ['0.7926', '0.0167'] lr = 0.000098
2026-05-28 14:52:29,511 - base_minigpt_encoder - INFO - [Epoch 31/300][Batch 5901/9303] BatchTime = 0.578 (s) DataTime = 0.002 (s) Losses = ['0.8334', '0.0048'] lr = 0.000098
2026-05-28 14:52:41,132 - base_minigpt_encoder - INFO - [Epoch 31/300][Batch 5921/9303] BatchTime = 0.579 (s) DataTime = 0.002 (s) Losses = ['0.8504', '0.0218'] lr = 0.000098
2026-05-28 14:52:52,766 - base_minigpt_encoder - INFO - [Epoch 31/300][Batch 5941/9303] BatchTime = 0.582 (s) DataTime = 0.002 (s) Losses = ['0.7692', '0.0213'] lr = 0.000098
2026-05-28 14:53:04,363 - base_minigpt_encoder - INFO - [Epoch 31/300][Batch 5961/9303] BatchTime = 0.578 (s) DataTime = 0.002 (s) Losses = ['0.7647', '0.0093'] lr = 0.000098
2026-05-28 14:53:15,955 - base_minigpt_encoder - INFO - [Epoch 31/300][Batch 5981/9303] BatchTime = 0.582 (s) DataTime = 0.001 (s) Losses = ['0.8128', '0.0084'] lr = 0.000098
2026-05-28 14:53:27,544 - base_minigpt_encoder - INFO - [Epoch 31/300][Batch 6001/9303] BatchTime = 0.577 (s) DataTime = 0.001 (s) Losses = ['0.9281', '0.0212'] lr = 0.000098
2026-05-28 14:53:39,133 - base_minigpt_encoder - INFO - [Epoch 31/300][Batch 6021/9303] BatchTime = 0.587 (s) DataTime = 0.002 (s) Losses = ['0.8828', '0.0197'] lr = 0.000098
2026-05-28 14:53:50,737 - base_minigpt_encoder - INFO - [Epoch 31/300][Batch 6041/9303] BatchTime = 0.579 (s) DataTime = 0.001 (s) Losses = ['0.7839', '0.0056'] lr = 0.000098
2026-05-28 14:54:02,334 - base_minigpt_encoder - INFO - [Epoch 31/300][Batch 6061/9303] BatchTime = 0.581 (s) DataTime = 0.002 (s) Losses = ['0.8176', '0.0164'] lr = 0.000098
2026-05-28 14:54:13,970 - base_minigpt_encoder - INFO - [Epoch 31/300][Batch 6081/9303] BatchTime = 0.597 (s) DataTime = 0.001 (s) Losses = ['0.7671', '0.0220'] lr = 0.000098
2026-05-28 14:54:25,583 - base_minigpt_encoder - INFO - [Epoch 31/300][Batch 6101/9303] BatchTime = 0.580 (s) DataTime = 0.002 (s) Losses = ['0.7939', '0.0131'] lr = 0.000098
2026-05-28 14:54:37,201 - base_minigpt_encoder - INFO - [Epoch 31/300][Batch 6121/9303] BatchTime = 0.577 (s) DataTime = 0.001 (s) Losses = ['0.7861', '0.0114'] lr = 0.000098
2026-05-28 14:54:48,831 - base_minigpt_encoder - INFO - [Epoch 31/300][Batch 6141/9303] BatchTime = 0.578 (s) DataTime = 0.002 (s) Losses = ['0.8356', '0.0222'] lr = 0.000098
2026-05-28 14:55:00,483 - base_minigpt_encoder - INFO - [Epoch 31/300][Batch 6161/9303] BatchTime = 0.580 (s) DataTime = 0.002 (s) Losses = ['0.8261', '0.0206'] lr = 0.000098
2026-05-28 14:55:12,101 - base_minigpt_encoder - INFO - [Epoch 31/300][Batch 6181/9303] BatchTime = 0.589 (s) DataTime = 0.002 (s) Losses = ['0.7584', '0.0066'] lr = 0.000098
2026-05-28 14:55:23,714 - base_minigpt_encoder - INFO - [Epoch 31/300][Batch 6201/9303] BatchTime = 0.578 (s) DataTime = 0.001 (s) Losses = ['0.8452', '0.0218'] lr = 0.000098
2026-05-28 14:55:35,348 - base_minigpt_encoder - INFO - [Epoch 31/300][Batch 6221/9303] BatchTime = 0.577 (s) DataTime = 0.002 (s) Losses = ['0.7647', '0.0248'] lr = 0.000098
2026-05-28 14:55:46,961 - base_minigpt_encoder - INFO - [Epoch 31/300][Batch 6241/9303] BatchTime = 0.578 (s) DataTime = 0.001 (s) Losses = ['0.7568', '0.0121'] lr = 0.000098
2026-05-28 14:55:58,559 - base_minigpt_encoder - INFO - [Epoch 31/300][Batch 6261/9303] BatchTime = 0.579 (s) DataTime = 0.002 (s) Losses = ['0.7380', '0.0089'] lr = 0.000098
2026-05-28 14:56:10,199 - base_minigpt_encoder - INFO - [Epoch 31/300][Batch 6281/9303] BatchTime = 0.575 (s) DataTime = 0.002 (s) Losses = ['0.6699', '0.0237'] lr = 0.000098
2026-05-28 14:56:21,797 - base_minigpt_encoder - INFO - [Epoch 31/300][Batch 6301/9303] BatchTime = 0.579 (s) DataTime = 0.002 (s) Losses = ['0.7691', '0.0258'] lr = 0.000098
2026-05-28 14:56:33,398 - base_minigpt_encoder - INFO - [Epoch 31/300][Batch 6321/9303] BatchTime = 0.578 (s) DataTime = 0.001 (s) Losses = ['0.8297', '0.0053'] lr = 0.000098
2026-05-28 14:56:45,060 - base_minigpt_encoder - INFO - [Epoch 31/300][Batch 6341/9303] BatchTime = 0.590 (s) DataTime = 0.002 (s) Losses = ['0.7340', '0.0213'] lr = 0.000098
2026-05-28 14:56:56,692 - base_minigpt_encoder - INFO - [Epoch 31/300][Batch 6361/9303] BatchTime = 0.576 (s) DataTime = 0.001 (s) Losses = ['0.7426', '0.0260'] lr = 0.000098
2026-05-28 14:57:08,297 - base_minigpt_encoder - INFO - [Epoch 31/300][Batch 6381/9303] BatchTime = 0.578 (s) DataTime = 0.002 (s) Losses = ['0.7446', '0.0217'] lr = 0.000098
2026-05-28 14:57:19,935 - base_minigpt_encoder - INFO - [Epoch 31/300][Batch 6401/9303] BatchTime = 0.575 (s) DataTime = 0.001 (s) Losses = ['0.7410', '0.0111'] lr = 0.000098
2026-05-28 14:57:31,559 - base_minigpt_encoder - INFO - [Epoch 31/300][Batch 6421/9303] BatchTime = 0.582 (s) DataTime = 0.001 (s) Losses = ['0.8471', '0.0314'] lr = 0.000098
2026-05-28 14:57:43,180 - base_minigpt_encoder - INFO - [Epoch 31/300][Batch 6441/9303] BatchTime = 0.580 (s) DataTime = 0.001 (s) Losses = ['0.7570', '0.0255'] lr = 0.000098
2026-05-28 14:57:54,781 - base_minigpt_encoder - INFO - [Epoch 31/300][Batch 6461/9303] BatchTime = 0.577 (s) DataTime = 0.002 (s) Losses = ['0.7689', '0.0160'] lr = 0.000098
2026-05-28 14:58:06,424 - base_minigpt_encoder - INFO - [Epoch 31/300][Batch 6481/9303] BatchTime = 0.578 (s) DataTime = 0.001 (s) Losses = ['0.8179', '0.0197'] lr = 0.000098
2026-05-28 14:58:18,025 - base_minigpt_encoder - INFO - [Epoch 31/300][Batch 6501/9303] BatchTime = 0.581 (s) DataTime = 0.001 (s) Losses = ['0.7429', '0.0349'] lr = 0.000098
2026-05-28 14:58:29,685 - base_minigpt_encoder - INFO - [Epoch 31/300][Batch 6521/9303] BatchTime = 0.576 (s) DataTime = 0.002 (s) Losses = ['0.7924', '0.0228'] lr = 0.000098
2026-05-28 14:58:41,269 - base_minigpt_encoder - INFO - [Epoch 31/300][Batch 6541/9303] BatchTime = 0.581 (s) DataTime = 0.002 (s) Losses = ['0.7991', '0.0088'] lr = 0.000098
2026-05-28 14:58:52,879 - base_minigpt_encoder - INFO - [Epoch 31/300][Batch 6561/9303] BatchTime = 0.578 (s) DataTime = 0.001 (s) Losses = ['0.7578', '0.0323'] lr = 0.000098
2026-05-28 14:59:04,499 - base_minigpt_encoder - INFO - [Epoch 31/300][Batch 6581/9303] BatchTime = 0.579 (s) DataTime = 0.002 (s) Losses = ['0.7431', '0.0301'] lr = 0.000098
2026-05-28 14:59:16,132 - base_minigpt_encoder - INFO - [Epoch 31/300][Batch 6601/9303] BatchTime = 0.577 (s) DataTime = 0.001 (s) Losses = ['0.8226', '0.0197'] lr = 0.000098
2026-05-28 14:59:27,727 - base_minigpt_encoder - INFO - [Epoch 31/300][Batch 6621/9303] BatchTime = 0.583 (s) DataTime = 0.002 (s) Losses = ['0.7115', '0.0074'] lr = 0.000098
2026-05-28 14:59:39,339 - base_minigpt_encoder - INFO - [Epoch 31/300][Batch 6641/9303] BatchTime = 0.576 (s) DataTime = 0.001 (s) Losses = ['0.7807', '0.0412'] lr = 0.000098
2026-05-28 14:59:50,984 - base_minigpt_encoder - INFO - [Epoch 31/300][Batch 6661/9303] BatchTime = 0.578 (s) DataTime = 0.002 (s) Losses = ['0.8068', '0.0237'] lr = 0.000098
2026-05-28 15:00:02,614 - base_minigpt_encoder - INFO - [Epoch 31/300][Batch 6681/9303] BatchTime = 0.577 (s) DataTime = 0.001 (s) Losses = ['0.8127', '0.0116'] lr = 0.000098
2026-05-28 15:00:14,236 - base_minigpt_encoder - INFO - [Epoch 31/300][Batch 6701/9303] BatchTime = 0.581 (s) DataTime = 0.002 (s) Losses = ['0.7124', '0.0177'] lr = 0.000098
2026-05-28 15:00:25,829 - base_minigpt_encoder - INFO - [Epoch 31/300][Batch 6721/9303] BatchTime = 0.579 (s) DataTime = 0.002 (s) Losses = ['0.7433', '0.0296'] lr = 0.000098
2026-05-28 15:00:37,424 - base_minigpt_encoder - INFO - [Epoch 31/300][Batch 6741/9303] BatchTime = 0.578 (s) DataTime = 0.002 (s) Losses = ['0.8370', '0.0191'] lr = 0.000098
2026-05-28 15:00:49,033 - base_minigpt_encoder - INFO - [Epoch 31/300][Batch 6761/9303] BatchTime = 0.577 (s) DataTime = 0.001 (s) Losses = ['0.9089', '0.0099'] lr = 0.000098
2026-05-28 15:01:00,622 - base_minigpt_encoder - INFO - [Epoch 31/300][Batch 6781/9303] BatchTime = 0.577 (s) DataTime = 0.001 (s) Losses = ['0.7140', '0.0339'] lr = 0.000098
2026-05-28 15:01:12,264 - base_minigpt_encoder - INFO - [Epoch 31/300][Batch 6801/9303] BatchTime = 0.576 (s) DataTime = 0.002 (s) Losses = ['0.8054', '0.0222'] lr = 0.000098
2026-05-28 15:01:23,862 - base_minigpt_encoder - INFO - [Epoch 31/300][Batch 6821/9303] BatchTime = 0.581 (s) DataTime = 0.002 (s) Losses = ['0.7847', '0.0188'] lr = 0.000098
2026-05-28 15:01:35,452 - base_minigpt_encoder - INFO - [Epoch 31/300][Batch 6841/9303] BatchTime = 0.575 (s) DataTime = 0.001 (s) Losses = ['0.8148', '0.0196'] lr = 0.000098
2026-05-28 15:01:47,063 - base_minigpt_encoder - INFO - [Epoch 31/300][Batch 6861/9303] BatchTime = 0.581 (s) DataTime = 0.002 (s) Losses = ['0.7377', '0.0423'] lr = 0.000098
2026-05-28 15:01:58,696 - base_minigpt_encoder - INFO - [Epoch 31/300][Batch 6881/9303] BatchTime = 0.585 (s) DataTime = 0.001 (s) Losses = ['0.7949', '0.0167'] lr = 0.000098
2026-05-28 15:02:10,312 - base_minigpt_encoder - INFO - [Epoch 31/300][Batch 6901/9303] BatchTime = 0.577 (s) DataTime = 0.002 (s) Losses = ['0.8483', '0.0188'] lr = 0.000098
2026-05-28 15:02:21,913 - base_minigpt_encoder - INFO - [Epoch 31/300][Batch 6921/9303] BatchTime = 0.574 (s) DataTime = 0.001 (s) Losses = ['0.7125', '0.0344'] lr = 0.000098
2026-05-28 15:02:33,537 - base_minigpt_encoder - INFO - [Epoch 31/300][Batch 6941/9303] BatchTime = 0.585 (s) DataTime = 0.002 (s) Losses = ['0.7812', '0.0410'] lr = 0.000098
2026-05-28 15:02:45,168 - base_minigpt_encoder - INFO - [Epoch 31/300][Batch 6961/9303] BatchTime = 0.578 (s) DataTime = 0.002 (s) Losses = ['0.8630', '0.0176'] lr = 0.000098
2026-05-28 15:02:56,768 - base_minigpt_encoder - INFO - [Epoch 31/300][Batch 6981/9303] BatchTime = 0.580 (s) DataTime = 0.002 (s) Losses = ['0.8403', '0.0140'] lr = 0.000098
2026-05-28 15:03:08,362 - base_minigpt_encoder - INFO - [Epoch 31/300][Batch 7001/9303] BatchTime = 0.578 (s) DataTime = 0.001 (s) Losses = ['0.8566', '0.0465'] lr = 0.000098
2026-05-28 15:03:20,006 - base_minigpt_encoder - INFO - [Epoch 31/300][Batch 7021/9303] BatchTime = 0.578 (s) DataTime = 0.001 (s) Losses = ['0.7786', '0.0218'] lr = 0.000098
2026-05-28 15:03:31,620 - base_minigpt_encoder - INFO - [Epoch 31/300][Batch 7041/9303] BatchTime = 0.581 (s) DataTime = 0.002 (s) Losses = ['0.7652', '0.0201'] lr = 0.000098
2026-05-28 15:03:43,231 - base_minigpt_encoder - INFO - [Epoch 31/300][Batch 7061/9303] BatchTime = 0.580 (s) DataTime = 0.002 (s) Losses = ['0.8653', '0.0153'] lr = 0.000098
2026-05-28 15:03:54,845 - base_minigpt_encoder - INFO - [Epoch 31/300][Batch 7081/9303] BatchTime = 0.577 (s) DataTime = 0.001 (s) Losses = ['0.7227', '0.0418'] lr = 0.000098
2026-05-28 15:04:06,454 - base_minigpt_encoder - INFO - [Epoch 31/300][Batch 7101/9303] BatchTime = 0.578 (s) DataTime = 0.001 (s) Losses = ['0.7771', '0.0114'] lr = 0.000098
2026-05-28 15:04:18,054 - base_minigpt_encoder - INFO - [Epoch 31/300][Batch 7121/9303] BatchTime = 0.575 (s) DataTime = 0.001 (s) Losses = ['0.9285', '0.0185'] lr = 0.000098
2026-05-28 15:04:29,648 - base_minigpt_encoder - INFO - [Epoch 31/300][Batch 7141/9303] BatchTime = 0.582 (s) DataTime = 0.001 (s) Losses = ['0.8306', '0.0253'] lr = 0.000098
2026-05-28 15:04:41,265 - base_minigpt_encoder - INFO - [Epoch 31/300][Batch 7161/9303] BatchTime = 0.589 (s) DataTime = 0.001 (s) Losses = ['0.8797', '0.0249'] lr = 0.000098
2026-05-28 15:04:52,873 - base_minigpt_encoder - INFO - [Epoch 31/300][Batch 7181/9303] BatchTime = 0.579 (s) DataTime = 0.002 (s) Losses = ['0.7805', '0.0124'] lr = 0.000098
2026-05-28 15:05:04,483 - base_minigpt_encoder - INFO - [Epoch 31/300][Batch 7201/9303] BatchTime = 0.577 (s) DataTime = 0.001 (s) Losses = ['0.7462', '0.0157'] lr = 0.000098
2026-05-28 15:05:16,079 - base_minigpt_encoder - INFO - [Epoch 31/300][Batch 7221/9303] BatchTime = 0.578 (s) DataTime = 0.002 (s) Losses = ['0.7459', '0.0378'] lr = 0.000098
2026-05-28 15:05:27,668 - base_minigpt_encoder - INFO - [Epoch 31/300][Batch 7241/9303] BatchTime = 0.581 (s) DataTime = 0.001 (s) Losses = ['0.7844', '0.0121'] lr = 0.000098
2026-05-28 15:05:39,268 - base_minigpt_encoder - INFO - [Epoch 31/300][Batch 7261/9303] BatchTime = 0.578 (s) DataTime = 0.001 (s) Losses = ['0.7575', '0.0171'] lr = 0.000098
2026-05-28 15:05:50,877 - base_minigpt_encoder - INFO - [Epoch 31/300][Batch 7281/9303] BatchTime = 0.577 (s) DataTime = 0.002 (s) Losses = ['0.7858', '0.0210'] lr = 0.000098
2026-05-28 15:06:02,501 - base_minigpt_encoder - INFO - [Epoch 31/300][Batch 7301/9303] BatchTime = 0.578 (s) DataTime = 0.002 (s) Losses = ['0.7852', '0.0309'] lr = 0.000098
2026-05-28 15:06:14,108 - base_minigpt_encoder - INFO - [Epoch 31/300][Batch 7321/9303] BatchTime = 0.576 (s) DataTime = 0.002 (s) Losses = ['0.6844', '0.0071'] lr = 0.000098
2026-05-28 15:06:25,706 - base_minigpt_encoder - INFO - [Epoch 31/300][Batch 7341/9303] BatchTime = 0.577 (s) DataTime = 0.001 (s) Losses = ['0.7824', '0.0226'] lr = 0.000098
2026-05-28 15:06:37,305 - base_minigpt_encoder - INFO - [Epoch 31/300][Batch 7361/9303] BatchTime = 0.585 (s) DataTime = 0.002 (s) Losses = ['0.7752', '0.0232'] lr = 0.000098
2026-05-28 15:06:48,937 - base_minigpt_encoder - INFO - [Epoch 31/300][Batch 7381/9303] BatchTime = 0.579 (s) DataTime = 0.002 (s) Losses = ['0.7970', '0.0346'] lr = 0.000098
2026-05-28 15:07:00,565 - base_minigpt_encoder - INFO - [Epoch 31/300][Batch 7401/9303] BatchTime = 0.578 (s) DataTime = 0.001 (s) Losses = ['0.8635', '0.0099'] lr = 0.000098
2026-05-28 15:07:12,159 - base_minigpt_encoder - INFO - [Epoch 31/300][Batch 7421/9303] BatchTime = 0.582 (s) DataTime = 0.002 (s) Losses = ['0.7738', '0.0263'] lr = 0.000098
2026-05-28 15:07:23,756 - base_minigpt_encoder - INFO - [Epoch 31/300][Batch 7441/9303] BatchTime = 0.581 (s) DataTime = 0.001 (s) Losses = ['0.7851', '0.0267'] lr = 0.000098
2026-05-28 15:07:35,365 - base_minigpt_encoder - INFO - [Epoch 31/300][Batch 7461/9303] BatchTime = 0.581 (s) DataTime = 0.002 (s) Losses = ['0.7655', '0.0235'] lr = 0.000098
2026-05-28 15:07:46,997 - base_minigpt_encoder - INFO - [Epoch 31/300][Batch 7481/9303] BatchTime = 0.582 (s) DataTime = 0.001 (s) Losses = ['0.7277', '0.0163'] lr = 0.000098
2026-05-28 15:07:58,584 - base_minigpt_encoder - INFO - [Epoch 31/300][Batch 7501/9303] BatchTime = 0.580 (s) DataTime = 0.002 (s) Losses = ['0.6932', '0.0310'] lr = 0.000098
2026-05-28 15:08:10,200 - base_minigpt_encoder - INFO - [Epoch 31/300][Batch 7521/9303] BatchTime = 0.577 (s) DataTime = 0.001 (s) Losses = ['0.8287', '0.0326'] lr = 0.000098
2026-05-28 15:08:21,793 - base_minigpt_encoder - INFO - [Epoch 31/300][Batch 7541/9303] BatchTime = 0.578 (s) DataTime = 0.002 (s) Losses = ['0.7942', '0.0163'] lr = 0.000098
2026-05-28 15:08:33,395 - base_minigpt_encoder - INFO - [Epoch 31/300][Batch 7561/9303] BatchTime = 0.575 (s) DataTime = 0.001 (s) Losses = ['0.7808', '0.0292'] lr = 0.000098
2026-05-28 15:08:45,002 - base_minigpt_encoder - INFO - [Epoch 31/300][Batch 7581/9303] BatchTime = 0.578 (s) DataTime = 0.001 (s) Losses = ['0.7639', '0.0269'] lr = 0.000098
2026-05-28 15:08:56,624 - base_minigpt_encoder - INFO - [Epoch 31/300][Batch 7601/9303] BatchTime = 0.576 (s) DataTime = 0.001 (s) Losses = ['0.7133', '0.0307'] lr = 0.000098
2026-05-28 15:09:08,214 - base_minigpt_encoder - INFO - [Epoch 31/300][Batch 7621/9303] BatchTime = 0.580 (s) DataTime = 0.001 (s) Losses = ['0.8420', '0.0131'] lr = 0.000098
2026-05-28 15:09:19,828 - base_minigpt_encoder - INFO - [Epoch 31/300][Batch 7641/9303] BatchTime = 0.578 (s) DataTime = 0.002 (s) Losses = ['0.7629', '0.0367'] lr = 0.000098
2026-05-28 15:09:31,425 - base_minigpt_encoder - INFO - [Epoch 31/300][Batch 7661/9303] BatchTime = 0.580 (s) DataTime = 0.002 (s) Losses = ['0.6906', '0.0272'] lr = 0.000098
2026-05-28 15:09:43,026 - base_minigpt_encoder - INFO - [Epoch 31/300][Batch 7681/9303] BatchTime = 0.578 (s) DataTime = 0.002 (s) Losses = ['0.7942', '0.0294'] lr = 0.000098
2026-05-28 15:09:54,607 - base_minigpt_encoder - INFO - [Epoch 31/300][Batch 7701/9303] BatchTime = 0.581 (s) DataTime = 0.002 (s) Losses = ['0.7522', '0.0118'] lr = 0.000098
2026-05-28 15:10:06,200 - base_minigpt_encoder - INFO - [Epoch 31/300][Batch 7721/9303] BatchTime = 0.580 (s) DataTime = 0.001 (s) Losses = ['0.7984', '0.0422'] lr = 0.000098
2026-05-28 15:10:17,847 - base_minigpt_encoder - INFO - [Epoch 31/300][Batch 7741/9303] BatchTime = 0.580 (s) DataTime = 0.002 (s) Losses = ['0.7809', '0.0218'] lr = 0.000098
2026-05-28 15:10:29,456 - base_minigpt_encoder - INFO - [Epoch 31/300][Batch 7761/9303] BatchTime = 0.576 (s) DataTime = 0.002 (s) Losses = ['0.7142', '0.0287'] lr = 0.000098
2026-05-28 15:10:41,038 - base_minigpt_encoder - INFO - [Epoch 31/300][Batch 7781/9303] BatchTime = 0.575 (s) DataTime = 0.002 (s) Losses = ['0.8167', '0.0162'] lr = 0.000098
2026-05-28 15:10:52,624 - base_minigpt_encoder - INFO - [Epoch 31/300][Batch 7801/9303] BatchTime = 0.576 (s) DataTime = 0.002 (s) Losses = ['0.7491', '0.0424'] lr = 0.000098
2026-05-28 15:11:04,241 - base_minigpt_encoder - INFO - [Epoch 31/300][Batch 7821/9303] BatchTime = 0.578 (s) DataTime = 0.002 (s) Losses = ['0.8031', '0.0172'] lr = 0.000098
2026-05-28 15:11:15,840 - base_minigpt_encoder - INFO - [Epoch 31/300][Batch 7841/9303] BatchTime = 0.576 (s) DataTime = 0.001 (s) Losses = ['0.8195', '0.0298'] lr = 0.000098
2026-05-28 15:11:27,421 - base_minigpt_encoder - INFO - [Epoch 31/300][Batch 7861/9303] BatchTime = 0.578 (s) DataTime = 0.002 (s) Losses = ['0.7402', '0.0197'] lr = 0.000098
2026-05-28 15:11:39,011 - base_minigpt_encoder - INFO - [Epoch 31/300][Batch 7881/9303] BatchTime = 0.578 (s) DataTime = 0.002 (s) Losses = ['0.7622', '0.0424'] lr = 0.000098
2026-05-28 15:11:50,617 - base_minigpt_encoder - INFO - [Epoch 31/300][Batch 7901/9303] BatchTime = 0.579 (s) DataTime = 0.001 (s) Losses = ['0.8806', '0.0149'] lr = 0.000098
2026-05-28 15:12:02,230 - base_minigpt_encoder - INFO - [Epoch 31/300][Batch 7921/9303] BatchTime = 0.578 (s) DataTime = 0.001 (s) Losses = ['0.8097', '0.0387'] lr = 0.000098
2026-05-28 15:12:13,854 - base_minigpt_encoder - INFO - [Epoch 31/300][Batch 7941/9303] BatchTime = 0.579 (s) DataTime = 0.002 (s) Losses = ['0.7569', '0.0250'] lr = 0.000098
2026-05-28 15:12:25,447 - base_minigpt_encoder - INFO - [Epoch 31/300][Batch 7961/9303] BatchTime = 0.577 (s) DataTime = 0.002 (s) Losses = ['0.7692', '0.0402'] lr = 0.000098
2026-05-28 15:12:37,046 - base_minigpt_encoder - INFO - [Epoch 31/300][Batch 7981/9303] BatchTime = 0.578 (s) DataTime = 0.002 (s) Losses = ['0.8485', '0.0138'] lr = 0.000098
2026-05-28 15:12:48,645 - base_minigpt_encoder - INFO - [Epoch 31/300][Batch 8001/9303] BatchTime = 0.576 (s) DataTime = 0.001 (s) Losses = ['0.7234', '0.0406'] lr = 0.000098
2026-05-28 15:13:00,238 - base_minigpt_encoder - INFO - [Epoch 31/300][Batch 8021/9303] BatchTime = 0.578 (s) DataTime = 0.002 (s) Losses = ['0.6783', '0.0238'] lr = 0.000098
2026-05-28 15:13:11,878 - base_minigpt_encoder - INFO - [Epoch 31/300][Batch 8041/9303] BatchTime = 0.577 (s) DataTime = 0.002 (s) Losses = ['0.7520', '0.0335'] lr = 0.000098
2026-05-28 15:13:23,486 - base_minigpt_encoder - INFO - [Epoch 31/300][Batch 8061/9303] BatchTime = 0.581 (s) DataTime = 0.002 (s) Losses = ['0.7465', '0.0129'] lr = 0.000098
2026-05-28 15:13:35,080 - base_minigpt_encoder - INFO - [Epoch 31/300][Batch 8081/9303] BatchTime = 0.575 (s) DataTime = 0.001 (s) Losses = ['0.8042', '0.0422'] lr = 0.000098
2026-05-28 15:13:46,684 - base_minigpt_encoder - INFO - [Epoch 31/300][Batch 8101/9303] BatchTime = 0.578 (s) DataTime = 0.002 (s) Losses = ['0.8254', '0.0205'] lr = 0.000098
2026-05-28 15:13:58,321 - base_minigpt_encoder - INFO - [Epoch 31/300][Batch 8121/9303] BatchTime = 0.588 (s) DataTime = 0.001 (s) Losses = ['0.8853', '0.0313'] lr = 0.000098
2026-05-28 15:14:09,950 - base_minigpt_encoder - INFO - [Epoch 31/300][Batch 8141/9303] BatchTime = 0.581 (s) DataTime = 0.002 (s) Losses = ['0.7875', '0.0139'] lr = 0.000098
2026-05-28 15:14:21,550 - base_minigpt_encoder - INFO - [Epoch 31/300][Batch 8161/9303] BatchTime = 0.577 (s) DataTime = 0.002 (s) Losses = ['0.8380', '0.0400'] lr = 0.000098
2026-05-28 15:14:33,178 - base_minigpt_encoder - INFO - [Epoch 31/300][Batch 8181/9303] BatchTime = 0.579 (s) DataTime = 0.002 (s) Losses = ['0.8602', '0.0162'] lr = 0.000098
2026-05-28 15:14:44,787 - base_minigpt_encoder - INFO - [Epoch 31/300][Batch 8201/9303] BatchTime = 0.576 (s) DataTime = 0.001 (s) Losses = ['0.7992', '0.0334'] lr = 0.000098
2026-05-28 15:14:56,404 - base_minigpt_encoder - INFO - [Epoch 31/300][Batch 8221/9303] BatchTime = 0.578 (s) DataTime = 0.002 (s) Losses = ['0.7614', '0.0179'] lr = 0.000098
2026-05-28 15:15:08,025 - base_minigpt_encoder - INFO - [Epoch 31/300][Batch 8241/9303] BatchTime = 0.577 (s) DataTime = 0.001 (s) Losses = ['0.7262', '0.0411'] lr = 0.000098
2026-05-28 15:15:19,637 - base_minigpt_encoder - INFO - [Epoch 31/300][Batch 8261/9303] BatchTime = 0.579 (s) DataTime = 0.002 (s) Losses = ['0.8052', '0.0163'] lr = 0.000098
2026-05-28 15:15:31,252 - base_minigpt_encoder - INFO - [Epoch 31/300][Batch 8281/9303] BatchTime = 0.578 (s) DataTime = 0.002 (s) Losses = ['0.7644', '0.0283'] lr = 0.000098
2026-05-28 15:15:42,883 - base_minigpt_encoder - INFO - [Epoch 31/300][Batch 8301/9303] BatchTime = 0.583 (s) DataTime = 0.002 (s) Losses = ['0.7619', '0.0225'] lr = 0.000098
2026-05-28 15:15:54,478 - base_minigpt_encoder - INFO - [Epoch 31/300][Batch 8321/9303] BatchTime = 0.578 (s) DataTime = 0.002 (s) Losses = ['0.8086', '0.0290'] lr = 0.000098
2026-05-28 15:16:06,097 - base_minigpt_encoder - INFO - [Epoch 31/300][Batch 8341/9303] BatchTime = 0.579 (s) DataTime = 0.001 (s) Losses = ['0.7527', '0.0196'] lr = 0.000098
2026-05-28 15:16:17,731 - base_minigpt_encoder - INFO - [Epoch 31/300][Batch 8361/9303] BatchTime = 0.577 (s) DataTime = 0.001 (s) Losses = ['0.7348', '0.0290'] lr = 0.000098
2026-05-28 15:16:29,347 - base_minigpt_encoder - INFO - [Epoch 31/300][Batch 8381/9303] BatchTime = 0.578 (s) DataTime = 0.002 (s) Losses = ['0.7246', '0.0310'] lr = 0.000098
2026-05-28 15:16:40,951 - base_minigpt_encoder - INFO - [Epoch 31/300][Batch 8401/9303] BatchTime = 0.580 (s) DataTime = 0.001 (s) Losses = ['0.8398', '0.0254'] lr = 0.000098
2026-05-28 15:16:52,590 - base_minigpt_encoder - INFO - [Epoch 31/300][Batch 8421/9303] BatchTime = 0.579 (s) DataTime = 0.002 (s) Losses = ['0.7414', '0.0258'] lr = 0.000098
2026-05-28 15:17:04,207 - base_minigpt_encoder - INFO - [Epoch 31/300][Batch 8441/9303] BatchTime = 0.577 (s) DataTime = 0.002 (s) Losses = ['0.8010', '0.0270'] lr = 0.000098
2026-05-28 15:17:15,804 - base_minigpt_encoder - INFO - [Epoch 31/300][Batch 8461/9303] BatchTime = 0.577 (s) DataTime = 0.001 (s) Losses = ['0.7531', '0.0329'] lr = 0.000098
2026-05-28 15:17:27,436 - base_minigpt_encoder - INFO - [Epoch 31/300][Batch 8481/9303] BatchTime = 0.577 (s) DataTime = 0.001 (s) Losses = ['0.8092', '0.0169'] lr = 0.000098
2026-05-28 15:17:39,045 - base_minigpt_encoder - INFO - [Epoch 31/300][Batch 8501/9303] BatchTime = 0.579 (s) DataTime = 0.001 (s) Losses = ['0.7358', '0.0332'] lr = 0.000098
2026-05-28 15:17:50,686 - base_minigpt_encoder - INFO - [Epoch 31/300][Batch 8521/9303] BatchTime = 0.585 (s) DataTime = 0.002 (s) Losses = ['0.6710', '0.0223'] lr = 0.000098
2026-05-28 15:18:02,334 - base_minigpt_encoder - INFO - [Epoch 31/300][Batch 8541/9303] BatchTime = 0.581 (s) DataTime = 0.001 (s) Losses = ['0.7406', '0.0363'] lr = 0.000098
2026-05-28 15:18:13,942 - base_minigpt_encoder - INFO - [Epoch 31/300][Batch 8561/9303] BatchTime = 0.576 (s) DataTime = 0.001 (s) Losses = ['0.7352', '0.0152'] lr = 0.000098
2026-05-28 15:18:25,559 - base_minigpt_encoder - INFO - [Epoch 31/300][Batch 8581/9303] BatchTime = 0.575 (s) DataTime = 0.002 (s) Losses = ['0.7590', '0.0351'] lr = 0.000098
2026-05-28 15:18:37,200 - base_minigpt_encoder - INFO - [Epoch 31/300][Batch 8601/9303] BatchTime = 0.575 (s) DataTime = 0.002 (s) Losses = ['0.7220', '0.0199'] lr = 0.000098
2026-05-28 15:18:48,797 - base_minigpt_encoder - INFO - [Epoch 31/300][Batch 8621/9303] BatchTime = 0.581 (s) DataTime = 0.002 (s) Losses = ['0.7995', '0.0286'] lr = 0.000098
2026-05-28 15:19:00,459 - base_minigpt_encoder - INFO - [Epoch 31/300][Batch 8641/9303] BatchTime = 0.578 (s) DataTime = 0.001 (s) Losses = ['0.8870', '0.0173'] lr = 0.000098
2026-05-28 15:19:12,070 - base_minigpt_encoder - INFO - [Epoch 31/300][Batch 8661/9303] BatchTime = 0.579 (s) DataTime = 0.002 (s) Losses = ['0.7480', '0.0317'] lr = 0.000098
2026-05-28 15:19:23,684 - base_minigpt_encoder - INFO - [Epoch 31/300][Batch 8681/9303] BatchTime = 0.580 (s) DataTime = 0.001 (s) Losses = ['0.8336', '0.0221'] lr = 0.000098
2026-05-28 15:19:35,271 - base_minigpt_encoder - INFO - [Epoch 31/300][Batch 8701/9303] BatchTime = 0.581 (s) DataTime = 0.002 (s) Losses = ['0.8608', '0.0216'] lr = 0.000098
2026-05-28 15:19:46,919 - base_minigpt_encoder - INFO - [Epoch 31/300][Batch 8721/9303] BatchTime = 0.578 (s) DataTime = 0.002 (s) Losses = ['0.7856', '0.0288'] lr = 0.000098
2026-05-28 15:19:58,574 - base_minigpt_encoder - INFO - [Epoch 31/300][Batch 8741/9303] BatchTime = 0.601 (s) DataTime = 0.002 (s) Losses = ['0.8029', '0.0235'] lr = 0.000098
2026-05-28 15:20:10,186 - base_minigpt_encoder - INFO - [Epoch 31/300][Batch 8761/9303] BatchTime = 0.576 (s) DataTime = 0.001 (s) Losses = ['0.6688', '0.0304'] lr = 0.000098
2026-05-28 15:20:21,779 - base_minigpt_encoder - INFO - [Epoch 31/300][Batch 8781/9303] BatchTime = 0.580 (s) DataTime = 0.002 (s) Losses = ['0.8105', '0.0145'] lr = 0.000098
2026-05-28 15:20:33,566 - base_minigpt_encoder - INFO - [Epoch 31/300][Batch 8801/9303] BatchTime = 0.584 (s) DataTime = 0.002 (s) Losses = ['0.7846', '0.0373'] lr = 0.000098
2026-05-28 15:20:45,184 - base_minigpt_encoder - INFO - [Epoch 31/300][Batch 8821/9303] BatchTime = 0.586 (s) DataTime = 0.001 (s) Losses = ['0.8784', '0.0195'] lr = 0.000098
2026-05-28 15:20:56,916 - base_minigpt_encoder - INFO - [Epoch 31/300][Batch 8841/9303] BatchTime = 0.582 (s) DataTime = 0.002 (s) Losses = ['0.7500', '0.0316'] lr = 0.000098
2026-05-28 15:21:08,562 - base_minigpt_encoder - INFO - [Epoch 31/300][Batch 8861/9303] BatchTime = 0.584 (s) DataTime = 0.002 (s) Losses = ['0.7945', '0.0161'] lr = 0.000098
2026-05-28 15:21:20,234 - base_minigpt_encoder - INFO - [Epoch 31/300][Batch 8881/9303] BatchTime = 0.580 (s) DataTime = 0.002 (s) Losses = ['0.7743', '0.0378'] lr = 0.000098
2026-05-28 15:21:31,959 - base_minigpt_encoder - INFO - [Epoch 31/300][Batch 8901/9303] BatchTime = 0.586 (s) DataTime = 0.002 (s) Losses = ['0.7642', '0.0234'] lr = 0.000098
2026-05-28 15:21:43,642 - base_minigpt_encoder - INFO - [Epoch 31/300][Batch 8921/9303] BatchTime = 0.586 (s) DataTime = 0.001 (s) Losses = ['0.7193', '0.0246'] lr = 0.000098
2026-05-28 15:21:55,256 - base_minigpt_encoder - INFO - [Epoch 31/300][Batch 8941/9303] BatchTime = 0.579 (s) DataTime = 0.001 (s) Losses = ['0.7301', '0.0308'] lr = 0.000098
2026-05-28 15:22:06,907 - base_minigpt_encoder - INFO - [Epoch 31/300][Batch 8961/9303] BatchTime = 0.580 (s) DataTime = 0.002 (s) Losses = ['0.7697', '0.0254'] lr = 0.000098
2026-05-28 15:22:18,542 - base_minigpt_encoder - INFO - [Epoch 31/300][Batch 8981/9303] BatchTime = 0.579 (s) DataTime = 0.001 (s) Losses = ['0.7762', '0.0294'] lr = 0.000098
2026-05-28 15:22:30,160 - base_minigpt_encoder - INFO - [Epoch 31/300][Batch 9001/9303] BatchTime = 0.577 (s) DataTime = 0.001 (s) Losses = ['0.7587', '0.0156'] lr = 0.000098
2026-05-28 15:22:41,759 - base_minigpt_encoder - INFO - [Epoch 31/300][Batch 9021/9303] BatchTime = 0.581 (s) DataTime = 0.002 (s) Losses = ['0.7077', '0.0363'] lr = 0.000098
2026-05-28 15:22:53,359 - base_minigpt_encoder - INFO - [Epoch 31/300][Batch 9041/9303] BatchTime = 0.576 (s) DataTime = 0.001 (s) Losses = ['0.8368', '0.0144'] lr = 0.000098
2026-05-28 15:23:04,961 - base_minigpt_encoder - INFO - [Epoch 31/300][Batch 9061/9303] BatchTime = 0.578 (s) DataTime = 0.001 (s) Losses = ['0.8324', '0.0315'] lr = 0.000098
2026-05-28 15:23:16,579 - base_minigpt_encoder - INFO - [Epoch 31/300][Batch 9081/9303] BatchTime = 0.582 (s) DataTime = 0.002 (s) Losses = ['0.7550', '0.0136'] lr = 0.000098
2026-05-28 15:23:28,215 - base_minigpt_encoder - INFO - [Epoch 31/300][Batch 9101/9303] BatchTime = 0.580 (s) DataTime = 0.002 (s) Losses = ['0.8054', '0.0340'] lr = 0.000098
2026-05-28 15:23:39,886 - base_minigpt_encoder - INFO - [Epoch 31/300][Batch 9121/9303] BatchTime = 0.590 (s) DataTime = 0.001 (s) Losses = ['0.7439', '0.0135'] lr = 0.000098
2026-05-28 15:23:51,482 - base_minigpt_encoder - INFO - [Epoch 31/300][Batch 9141/9303] BatchTime = 0.580 (s) DataTime = 0.002 (s) Losses = ['0.7498', '0.0205'] lr = 0.000098
2026-05-28 15:24:03,120 - base_minigpt_encoder - INFO - [Epoch 31/300][Batch 9161/9303] BatchTime = 0.576 (s) DataTime = 0.001 (s) Losses = ['0.7287', '0.0266'] lr = 0.000098
2026-05-28 15:24:14,720 - base_minigpt_encoder - INFO - [Epoch 31/300][Batch 9181/9303] BatchTime = 0.580 (s) DataTime = 0.002 (s) Losses = ['0.7959', '0.0212'] lr = 0.000098
2026-05-28 15:24:26,316 - base_minigpt_encoder - INFO - [Epoch 31/300][Batch 9201/9303] BatchTime = 0.578 (s) DataTime = 0.002 (s) Losses = ['0.6713', '0.0282'] lr = 0.000098
2026-05-28 15:24:37,898 - base_minigpt_encoder - INFO - [Epoch 31/300][Batch 9221/9303] BatchTime = 0.577 (s) DataTime = 0.002 (s) Losses = ['0.7486', '0.0151'] lr = 0.000098
2026-05-28 15:24:49,491 - base_minigpt_encoder - INFO - [Epoch 31/300][Batch 9241/9303] BatchTime = 0.578 (s) DataTime = 0.001 (s) Losses = ['0.7284', '0.0418'] lr = 0.000098
2026-05-28 15:25:01,109 - base_minigpt_encoder - INFO - [Epoch 31/300][Batch 9261/9303] BatchTime = 0.579 (s) DataTime = 0.001 (s) Losses = ['0.7075', '0.0170'] lr = 0.000098
2026-05-28 15:25:12,729 - base_minigpt_encoder - INFO - [Epoch 31/300][Batch 9281/9303] BatchTime = 0.578 (s) DataTime = 0.001 (s) Losses = ['0.8230', '0.0341'] lr = 0.000098
2026-05-28 15:25:24,357 - base_minigpt_encoder - INFO - [Epoch 31/300][Batch 9301/9303] BatchTime = 0.578 (s) DataTime = 0.002 (s) Losses = ['0.6734', '0.0240'] lr = 0.000098
2026-05-28 15:25:25,575 - base_minigpt_encoder - INFO - [Training] EPOCH: 31 EpochTime = 5404.917 (s) Losses = ['0.7798', '0.0203'] lr = 0.000097
2026-05-28 15:25:25,760 - base_minigpt_encoder - INFO - Save checkpoint at ./experiments/base_minigpt_encoder/pretrain/pcp_minigpt_encoder_objaverse/ckpt-last.pth
2026-05-28 15:25:26,595 - base_minigpt_encoder - INFO - [Epoch 32/300][Batch 1/9303] BatchTime = 0.834 (s) DataTime = 0.261 (s) Losses = ['0.7892', '0.0235'] lr = 0.000097
2026-05-28 15:25:38,187 - base_minigpt_encoder - INFO - [Epoch 32/300][Batch 21/9303] BatchTime = 0.579 (s) DataTime = 0.002 (s) Losses = ['0.8059', '0.0316'] lr = 0.000097
2026-05-28 15:25:49,779 - base_minigpt_encoder - INFO - [Epoch 32/300][Batch 41/9303] BatchTime = 0.573 (s) DataTime = 0.002 (s) Losses = ['0.7102', '0.0282'] lr = 0.000097
2026-05-28 15:26:01,399 - base_minigpt_encoder - INFO - [Epoch 32/300][Batch 61/9303] BatchTime = 0.592 (s) DataTime = 0.002 (s) Losses = ['0.8071', '0.0170'] lr = 0.000097
2026-05-28 15:26:13,041 - base_minigpt_encoder - INFO - [Epoch 32/300][Batch 81/9303] BatchTime = 0.576 (s) DataTime = 0.002 (s) Losses = ['0.8235', '0.0462'] lr = 0.000097
